frame,person_detected,nose_x,nose_y,nose_conf,left_eye_x,left_eye_y,left_eye_conf,right_eye_x,right_eye_y,right_eye_conf,left_ear_x,left_ear_y,left_ear_conf,right_ear_x,right_ear_y,right_ear_conf,left_shoulder_x,left_shoulder_y,left_shoulder_conf,right_shoulder_x,right_shoulder_y,right_shoulder_conf,left_elbow_x,left_elbow_y,left_elbow_conf,right_elbow_x,right_elbow_y,right_elbow_conf,left_wrist_x,left_wrist_y,left_wrist_conf,right_wrist_x,right_wrist_y,right_wrist_conf,left_hip_x,left_hip_y,left_hip_conf,right_hip_x,right_hip_y,right_hip_conf,left_knee_x,left_knee_y,left_knee_conf,right_knee_x,right_knee_y,right_knee_conf,left_ankle_x,left_ankle_y,left_ankle_conf,right_ankle_x,right_ankle_y,right_ankle_conf
0,True,1143.2353515625,136.1214599609375,0.9254360795021057,1144.89306640625,129.5285186767578,0.5102575421333313,1137.8009033203125,127.68476867675781,0.9584192037582397,0.0,0.0,0.09470576792955399,1117.3909912109375,121.88655090332031,0.9591124057769775,1122.086181640625,163.12042236328125,0.9787922501564026,1091.829345703125,154.63656616210938,0.9985684156417847,1116.279296875,223.846435546875,0.6794922947883606,1069.3199462890625,216.5489044189453,0.9951868653297424,1137.612060546875,269.74517822265625,0.6757011413574219,1070.6519775390625,285.117919921875,0.9827131032943726,1107.1904296875,277.277587890625,0.9964069724082947,1085.22509765625,274.64990234375,0.9990348815917969,1119.7421875,351.1070556640625,0.995410144329071,1074.3641357421875,348.2586364746094,0.9988828301429749,1092.9677734375,412.0613708496094,0.9913977384567261,1022.234130859375,409.9569396972656,0.9969128370285034
1,True,1146.43115234375,135.8108673095703,0.9156845211982727,1148.9967041015625,129.50550842285156,0.5426144599914551,1141.334716796875,127.34745788574219,0.9329378604888916,0.0,0.0,0.13417066633701324,1122.0936279296875,123.07505798339844,0.9173915386199951,1130.28466796875,165.00872802734375,0.9867821931838989,1093.7486572265625,156.97650146484375,0.9980506896972656,1123.366455078125,226.7343292236328,0.8865984678268433,1070.447998046875,220.4336700439453,0.9952691197395325,1143.5379638671875,272.7355651855469,0.8750315308570862,1077.4141845703125,286.2286682128906,0.9868113398551941,1110.748779296875,277.7159729003906,0.9972450733184814,1084.4324951171875,274.7294006347656,0.9989252686500549,1124.047119140625,350.32269287109375,0.9938328266143799,1078.706298828125,347.25775146484375,0.9977497458457947,1096.39208984375,413.7928161621094,0.9812979698181152,1029.248291015625,410.6532897949219,0.9908349514007568
2,True,1153.2928466796875,135.60902404785156,0.9342477917671204,1156.6748046875,129.21658325195312,0.6335000991821289,1147.389892578125,127.20420837402344,0.9431319832801819,0.0,0.0,0.17686225473880768,1126.8116455078125,123.37759399414062,0.9186330437660217,1139.8614501953125,164.86434936523438,0.9908477067947388,1098.6630859375,158.7476348876953,0.998335063457489,1134.1063232421875,225.07310485839844,0.9201159477233887,1073.437255859375,221.73895263671875,0.9952109456062317,1151.885498046875,273.42852783203125,0.9051024317741394,1081.765625,285.80413818359375,0.9869195818901062,1120.834716796875,280.5098876953125,0.9978620409965515,1092.9833984375,278.9686279296875,0.9990580677986145,1125.8463134765625,357.229248046875,0.9946133494377136,1094.600341796875,356.1880187988281,0.9977177381515503,1089.767333984375,417.57281494140625,0.9814716577529907,1049.09716796875,416.97137451171875,0.9899237751960754
3,True,1159.6500244140625,136.4587860107422,0.9467740058898926,1162.006591796875,129.3795166015625,0.6774763464927673,1153.211669921875,128.16360473632812,0.954906165599823,0.0,0.0,0.20600083470344543,1131.27490234375,124.32215881347656,0.9350293278694153,1147.2733154296875,162.86492919921875,0.9930630326271057,1103.728515625,160.85455322265625,0.9987529516220093,1151.58056640625,223.3892822265625,0.9273808002471924,1078.1201171875,224.9010772705078,0.9957256317138672,1164.473388671875,275.1518859863281,0.9061663150787354,1082.19873046875,286.6929016113281,0.9870087504386902,1124.3751220703125,277.7172546386719,0.9976352453231812,1097.9549560546875,278.27606201171875,0.9989523887634277,1118.960205078125,357.3485412597656,0.9912946820259094,1108.3802490234375,358.7950439453125,0.9962399005889893,1080.582275390625,419.25128173828125,0.9661074876785278,1079.6829833984375,423.05511474609375,0.9811657667160034
4,True,1164.17578125,137.13833618164062,0.9573610424995422,1167.53173828125,130.056396484375,0.7441651821136475,1157.8203125,128.67959594726562,0.9608705043792725,0.0,0.0,0.2500492036342621,1136.05126953125,124.70442199707031,0.9343256950378418,1153.3179931640625,161.45127868652344,0.9943144917488098,1106.613037109375,161.5810546875,0.9987043142318726,1161.929931640625,218.37350463867188,0.9440942406654358,1085.48974609375,226.69711303710938,0.9949965476989746,1176.9931640625,269.0010681152344,0.9257482886314392,1094.572509765625,282.99127197265625,0.9857977032661438,1126.853759765625,274.1656494140625,0.997697651386261,1097.9403076171875,275.82489013671875,0.9988362193107605,1124.3714599609375,356.9034118652344,0.9909734129905701,1110.595703125,360.1802673339844,0.9955316781997681,1095.588134765625,423.87689208984375,0.9615041017532349,1091.2222900390625,430.5707702636719,0.9764243364334106
5,True,1172.1016845703125,138.81101989746094,0.9752825498580933,1177.9613037109375,132.0382537841797,0.8602960109710693,1165.9580078125,129.5248565673828,0.9736908078193665,0.0,0.0,0.3535968065261841,1145.5458984375,126.14382934570312,0.9276351928710938,1168.160888671875,169.58245849609375,0.9948698282241821,1115.659912109375,166.29176330566406,0.9983976483345032,1179.70458984375,225.06861877441406,0.9534738659858704,1088.6204833984375,227.78274536132812,0.9933384656906128,1200.576171875,274.5295715332031,0.9384247660636902,1092.259033203125,285.5557861328125,0.9838995933532715,1138.7421875,279.1815185546875,0.9970515966415405,1107.500244140625,279.67315673828125,0.9983049631118774,1120.3515625,362.60638427734375,0.9888802766799927,1115.827392578125,364.87005615234375,0.9933955073356628,1104.1024169921875,435.35797119140625,0.949015736579895,1116.732177734375,441.7143859863281,0.9636279940605164
6,True,1176.506591796875,140.60935974121094,0.9753400087356567,1182.05615234375,133.6800537109375,0.8477140069007874,1170.6014404296875,131.42388916015625,0.973962128162384,0.0,0.0,0.3360758125782013,1150.4859619140625,127.58198547363281,0.9337322115898132,1172.37060546875,169.81686401367188,0.9957231283187866,1119.4619140625,166.5380859375,0.9988318085670471,1185.427978515625,226.46078491210938,0.9627822637557983,1089.1123046875,225.7200927734375,0.9957915544509888,1205.125732421875,278.4657897949219,0.951266348361969,1090.7745361328125,279.2249755859375,0.9893932342529297,1140.75390625,277.265869140625,0.9979293346405029,1109.984375,277.8363342285156,0.9988864064216614,1119.644287109375,361.65167236328125,0.9915487766265869,1119.7916259765625,364.2569274902344,0.9952999353408813,1101.9090576171875,434.3480529785156,0.9565803408622742,1123.300537109375,441.7695007324219,0.9704631567001343
7,True,1182.641845703125,141.0590362548828,0.9600595831871033,1187.5623779296875,134.12188720703125,0.7920194864273071,1176.3438720703125,132.5305938720703,0.9589890241622925,0.0,0.0,0.30091455578804016,1156.4052734375,129.514404296875,0.9162624478340149,1180.272705078125,170.84564208984375,0.9943488240242004,1126.9735107421875,167.53921508789062,0.9986520409584045,1187.3670654296875,228.72866821289062,0.9529665112495422,1095.0172119140625,230.36459350585938,0.9952007532119751,1198.5960693359375,280.0408020019531,0.9387221336364746,1099.194091796875,291.1942443847656,0.9871243238449097,1151.376220703125,284.11517333984375,0.9980719089508057,1119.92041015625,283.2727355957031,0.9989981055259705,1128.4212646484375,363.786865234375,0.9936606287956238,1122.442626953125,363.8907165527344,0.9966481328010559,1109.502685546875,433.23138427734375,0.971839189529419,1123.76708984375,437.0523681640625,0.9821124076843262
8,True,1183.135009765625,141.23146057128906,0.9689053297042847,1189.0067138671875,134.3257598876953,0.8333792686462402,1176.493896484375,132.50421142578125,0.9675774574279785,0.0,0.0,0.3326590657234192,1156.93896484375,129.45347595214844,0.9219090342521667,1185.19140625,172.23641967773438,0.9948534369468689,1128.59912109375,167.92819213867188,0.9988742470741272,1190.0938720703125,232.44000244140625,0.9500970244407654,1096.3831787109375,232.2669677734375,0.9956068396568298,1194.92822265625,283.3564453125,0.9355969429016113,1098.31689453125,294.330078125,0.9879289269447327,1155.298583984375,286.0505065917969,0.9981288313865662,1121.36669921875,284.5609130859375,0.9990744590759277,1132.822998046875,365.30029296875,0.9940045475959778,1124.385986328125,364.7756652832031,0.9970110654830933,1109.7005615234375,433.40966796875,0.9742876887321472,1121.720703125,436.4766540527344,0.9843706488609314
9,True,1188.7979736328125,140.33587646484375,0.9646674394607544,1194.25,133.38192749023438,0.818498432636261,1181.1748046875,131.77679443359375,0.9647742509841919,0.0,0.0,0.306224524974823,1160.6513671875,130.08056640625,0.9165255427360535,1191.4605712890625,174.91607666015625,0.9927442073822021,1136.10595703125,168.4525909423828,0.998508870601654,1194.4798583984375,236.579345703125,0.9252565503120422,1105.359619140625,229.39727783203125,0.9938874840736389,1195.29052734375,290.2222900390625,0.9074650406837463,1104.36181640625,293.80889892578125,0.9836328625679016,1163.1494140625,289.8443603515625,0.9973879456520081,1129.2969970703125,286.85638427734375,0.9987493753433228,1141.4404296875,367.3758544921875,0.9929608702659607,1129.2647705078125,364.8201599121094,0.9966204166412354,1114.61962890625,433.76654052734375,0.9747821688652039,1119.8001708984375,433.5810241699219,0.9851228594779968
10,True,1189.26220703125,139.68093872070312,0.9668496251106262,1195.3603515625,132.86715698242188,0.8518169522285461,1181.6820068359375,131.32760620117188,0.959403932094574,0.0,0.0,0.37965887784957886,1163.0721435546875,130.55856323242188,0.8866337537765503,1198.67919921875,175.35598754882812,0.9939861297607422,1140.216796875,169.40866088867188,0.9983987212181091,1202.5316162109375,237.2274627685547,0.9424766898155212,1111.17578125,230.07611083984375,0.9926637411117554,1199.2724609375,292.97088623046875,0.9250621795654297,1109.85302734375,291.64532470703125,0.9818770885467529,1172.828125,291.095703125,0.9978609681129456,1135.8970947265625,288.1383361816406,0.9988318085670471,1154.125244140625,369.8952941894531,0.9944869875907898,1133.50244140625,367.6308288574219,0.9969744682312012,1127.618896484375,435.8030090332031,0.9799045324325562,1120.25927734375,435.5906982421875,0.9870582222938538
11,True,1191.011474609375,142.738525390625,0.9670068025588989,1197.77197265625,135.98129272460938,0.8545421361923218,1183.6983642578125,134.27835083007812,0.9628860354423523,0.0,0.0,0.35182031989097595,1165.3333740234375,133.11453247070312,0.8865492343902588,1201.443603515625,176.4751739501953,0.9903981685638428,1141.6943359375,171.41217041015625,0.997749388217926,1206.855712890625,237.651123046875,0.9143905639648438,1113.380615234375,233.4381866455078,0.9911989569664001,1204.73974609375,292.9178771972656,0.8988475203514099,1113.4154052734375,293.6250915527344,0.9790911078453064,1176.2060546875,288.6681823730469,0.9963734745979309,1138.0601806640625,286.05987548828125,0.9981702566146851,1157.2884521484375,367.33184814453125,0.9915143251419067,1131.2744140625,365.65478515625,0.9957161545753479,1134.5074462890625,438.4807434082031,0.9717389941215515,1119.2314453125,439.7073669433594,0.9828295111656189
12,True,1197.41015625,142.9149169921875,0.9736836552619934,1203.34228515625,136.59335327148438,0.902423083782196,1190.167236328125,134.43484497070312,0.964383602142334,1205.83349609375,138.141845703125,0.5027263164520264,1171.133544921875,132.51870727539062,0.8836516737937927,1209.1456298828125,178.49392700195312,0.9971412420272827,1144.81103515625,171.11398315429688,0.9985312223434448,1216.5145263671875,238.36288452148438,0.9735680818557739,1119.1578369140625,230.19973754882812,0.9901857376098633,1221.13037109375,296.4367980957031,0.9567635655403137,1125.2694091796875,294.9219970703125,0.9773933291435242,1186.405029296875,292.61798095703125,0.9989905953407288,1144.449951171875,289.6129150390625,0.9992289543151855,1179.29931640625,370.66058349609375,0.9977228045463562,1137.410888671875,368.14447021484375,0.998199462890625,1161.158447265625,439.10382080078125,0.9918932914733887,1120.330322265625,436.9959411621094,0.993100643157959
13,True,1199.5162353515625,142.51248168945312,0.9637255072593689,1205.5482177734375,136.3468017578125,0.8831428289413452,1192.7901611328125,134.52059936523438,0.9458087086677551,0.0,0.0,0.4896778166294098,1175.264404296875,134.38636779785156,0.823397159576416,1215.521728515625,180.30532836914062,0.9956797361373901,1148.3265380859375,173.7406768798828,0.9968761205673218,1226.7862548828125,239.02711486816406,0.9706614017486572,1120.513427734375,231.48184204101562,0.9818844199180603,1229.3369140625,292.458251953125,0.9505249261856079,1123.300048828125,295.37994384765625,0.9633309841156006,1191.363037109375,294.68597412109375,0.9979548454284668,1147.195068359375,292.03466796875,0.9981995820999146,1183.16943359375,371.31146240234375,0.9944148063659668,1137.2901611328125,369.16546630859375,0.9947746992111206,1175.341796875,442.7317199707031,0.9794684052467346,1129.6602783203125,440.6098937988281,0.9798718094825745
14,True,1201.3818359375,143.5980987548828,0.9732060432434082,1208.54541015625,137.04039001464844,0.9076268076896667,1195.0733642578125,134.86907958984375,0.9577004313468933,1215.0869140625,138.8804168701172,0.5529908537864685,1179.3968505859375,133.23394775390625,0.8469545245170593,1220.548583984375,179.88177490234375,0.9976109266281128,1153.580322265625,172.16799926757812,0.9987804293632507,1229.708984375,238.98660278320312,0.9778960943222046,1126.79833984375,229.92691040039062,0.9918521046638489,1232.2637939453125,296.55401611328125,0.9613518118858337,1127.2003173828125,294.260986328125,0.9797605872154236,1194.468994140625,294.1297302246094,0.9991468191146851,1150.2607421875,290.355224609375,0.9993540644645691,1185.7982177734375,372.5457458496094,0.9974468946456909,1135.955810546875,369.09649658203125,0.9980067610740662,1176.3621826171875,444.2401428222656,0.9901935458183289,1125.5465087890625,441.8175048828125,0.991762638092041
15,True,1214.8402099609375,141.53436279296875,0.9719232320785522,1220.650146484375,135.31011962890625,0.8853704333305359,1207.8468017578125,133.49560546875,0.9642994999885559,0.0,0.0,0.4397188127040863,1189.112548828125,133.22402954101562,0.8831580877304077,1228.65576171875,179.4503173828125,0.996349573135376,1160.5474853515625,172.70742797851562,0.9983749389648438,1238.70361328125,238.84620666503906,0.9686277508735657,1128.6513671875,229.17794799804688,0.991439938545227,1239.7864990234375,292.3449401855469,0.9510751366615295,1125.521728515625,289.9583435058594,0.9799392223358154,1201.177490234375,294.6333312988281,0.998616099357605,1156.588134765625,291.4987487792969,0.9990460276603699,1189.6893310546875,369.2379455566406,0.996337890625,1142.0421142578125,366.8445739746094,0.9973596930503845,1174.1241455078125,440.36376953125,0.9865196943283081,1125.5146484375,438.94903564453125,0.9890551567077637
16,True,1212.8677978515625,142.2389373779297,0.9824715256690979,1220.7027587890625,136.13711547851562,0.9466118216514587,1206.9600830078125,133.98892211914062,0.9657701253890991,1229.80322265625,139.1742706298828,0.6781130433082581,1193.58349609375,133.5344696044922,0.8189891576766968,1236.914306640625,181.56568908691406,0.9978762865066528,1168.40283203125,172.5449981689453,0.9985210299491882,1243.5655517578125,241.61904907226562,0.9808312058448792,1134.641357421875,226.39517211914062,0.9888588190078735,1244.029052734375,295.2287902832031,0.9664388298988342,1126.9632568359375,286.0994873046875,0.9763195514678955,1204.2025146484375,295.05072021484375,0.9989585876464844,1159.38134765625,290.1697082519531,0.9991101622581482,1190.675048828125,370.9342041015625,0.9972502589225769,1143.672119140625,366.78179931640625,0.9975059628486633,1174.5045166015625,441.6180419921875,0.9891949892044067,1126.0625,438.10565185546875,0.9897016286849976
17,True,1217.291748046875,143.61602783203125,0.9833472371101379,1225.17236328125,137.501953125,0.9492852687835693,1211.617919921875,135.04710388183594,0.966274619102478,1233.938720703125,140.45797729492188,0.6920299530029297,1198.146728515625,134.0343475341797,0.8184748888015747,1240.864501953125,184.54673767089844,0.9981234669685364,1171.21484375,173.1544189453125,0.9986383318901062,1247.8331298828125,247.36849975585938,0.9836363196372986,1135.984619140625,226.28158569335938,0.9896818995475769,1246.6759033203125,301.11029052734375,0.9705716371536255,1128.5167236328125,284.3738098144531,0.9779817461967468,1205.579833984375,299.9849548339844,0.9990333318710327,1160.119873046875,294.0037536621094,0.9991534948348999,1190.807373046875,375.699951171875,0.9971867203712463,1143.1824951171875,370.3433532714844,0.9973562955856323,1175.2318115234375,444.70318603515625,0.9881565570831299,1126.922119140625,439.7646484375,0.9884212017059326
18,True,1222.3228759765625,144.2364501953125,0.9822332859039307,1229.9764404296875,138.48504638671875,0.9449694156646729,1217.12939453125,136.063720703125,0.9615596532821655,1239.2841796875,142.15855407714844,0.6971943974494934,1204.81201171875,135.93939208984375,0.8000174164772034,1247.305419921875,186.2431640625,0.9982798099517822,1178.05859375,174.32791137695312,0.9988095760345459,1254.0626220703125,250.23501586914062,0.9865970015525818,1141.90869140625,226.26022338867188,0.9922775030136108,1249.3583984375,306.6215515136719,0.9755024313926697,1132.9251708984375,283.54425048828125,0.9829694032669067,1210.8798828125,302.03302001953125,0.9991490840911865,1165.526611328125,295.5233459472656,0.999276340007782,1196.685546875,377.97198486328125,0.9969546794891357,1148.4822998046875,372.193115234375,0.9972359538078308,1176.94189453125,448.09637451171875,0.9850591421127319,1127.810791015625,442.790771484375,0.9858062863349915
19,True,1223.6236572265625,145.30313110351562,0.9863775968551636,1232.037109375,139.4109344482422,0.9600346684455872,1218.4761962890625,136.62542724609375,0.9685688018798828,1242.252685546875,142.31776428222656,0.7522907853126526,1206.0972900390625,135.1388397216797,0.8068118095397949,1249.594482421875,185.21145629882812,0.9985388517379761,1179.005126953125,173.51161193847656,0.9988839030265808,1256.6092529296875,248.00238037109375,0.9871271848678589,1143.5772705078125,225.87210083007812,0.991155743598938,1251.2657470703125,304.6795654296875,0.9758298397064209,1135.881591796875,282.34759521484375,0.9808053970336914,1211.9334716796875,301.7565002441406,0.9991576671600342,1165.8502197265625,295.4963684082031,0.9992456436157227,1197.660888671875,378.7101745605469,0.9970748424530029,1150.784423828125,373.4852600097656,0.9971994161605835,1176.6729736328125,448.89678955078125,0.9858483076095581,1130.9014892578125,444.7314147949219,0.9860403537750244
20,True,1227.068603515625,145.26373291015625,0.9863515496253967,1235.56298828125,139.23866271972656,0.9598877429962158,1221.5894775390625,136.2858123779297,0.9705646634101868,1244.8387451171875,142.43084716796875,0.752086877822876,1208.3096923828125,134.79522705078125,0.8337386250495911,1250.4129638671875,185.46395874023438,0.9987155199050903,1181.36328125,174.38772583007812,0.9990234375,1258.92578125,246.21994018554688,0.9868656992912292,1147.2738037109375,226.44064331054688,0.9907874464988708,1255.41455078125,303.252197265625,0.9731811285018921,1138.801513671875,282.531494140625,0.9781731963157654,1216.1673583984375,299.34405517578125,0.9991389513015747,1171.41259765625,293.871826171875,0.9992218017578125,1198.8531494140625,376.54498291015625,0.9964460730552673,1154.630126953125,372.18804931640625,0.9965267777442932,1177.243408203125,444.66510009765625,0.9836091995239258,1136.5994873046875,441.5442810058594,0.9835943579673767
21,True,1228.185302734375,145.36495971679688,0.9856066107749939,1237.3209228515625,138.79150390625,0.9540720582008362,1222.618896484375,135.95263671875,0.9675086736679077,1248.457275390625,142.24172973632812,0.7194352149963379,1209.423095703125,134.98440551757812,0.8052654266357422,1255.037841796875,186.72239685058594,0.998196542263031,1183.3873291015625,174.86209106445312,0.999099612236023,1264.6878662109375,249.39205932617188,0.9830211400985718,1146.896484375,228.63134765625,0.9938585162162781,1256.7900390625,304.2174072265625,0.971657395362854,1138.15283203125,282.8431396484375,0.98557448387146,1219.343505859375,303.3192443847656,0.9991661310195923,1172.7550048828125,296.529541015625,0.9993849992752075,1199.98779296875,378.420654296875,0.9972094893455505,1157.7109375,372.2198181152344,0.9978663325309753,1178.720458984375,448.6147155761719,0.9866877198219299,1144.3575439453125,444.34771728515625,0.9891420602798462
22,True,1229.1568603515625,145.4140625,0.9833579659461975,1237.15966796875,139.45980834960938,0.9490100145339966,1223.4132080078125,136.40135192871094,0.9655545949935913,1245.5777587890625,142.7289581298828,0.7002366185188293,1209.0439453125,134.93313598632812,0.8224114775657654,1253.0255126953125,186.47625732421875,0.998431384563446,1181.669189453125,174.5142822265625,0.9988596439361572,1263.5450439453125,249.49951171875,0.9882375597953796,1146.18310546875,227.75613403320312,0.9924296736717224,1256.7880859375,303.68743896484375,0.9779552817344666,1137.12890625,282.58538818359375,0.9832794666290283,1219.4677734375,304.3021545410156,0.9991313815116882,1173.575439453125,298.2973327636719,0.9992321729660034,1199.572265625,379.564697265625,0.996508777141571,1158.2171630859375,374.47662353515625,0.996647298336029,1176.521728515625,447.2593994140625,0.981580913066864,1141.3978271484375,443.1353759765625,0.9818267822265625
23,True,1225.5655517578125,142.96066284179688,0.9866002202033997,1235.127197265625,136.35546875,0.9573866128921509,1220.094482421875,133.47787475585938,0.9692725539207458,1247.353515625,140.4740447998047,0.7327060103416443,1207.544677734375,133.04197692871094,0.8043791055679321,1253.5662841796875,185.8828125,0.998181939125061,1182.358642578125,174.6444854736328,0.9991268515586853,1262.0426025390625,248.6185302734375,0.9812130331993103,1146.822998046875,230.27841186523438,0.9936977028846741,1256.180908203125,301.8221435546875,0.9686585068702698,1137.7882080078125,284.8988342285156,0.9848788380622864,1219.101318359375,303.9731140136719,0.9991338849067688,1172.7025146484375,297.5600280761719,0.9993765950202942,1200.85791015625,379.8375244140625,0.9971665740013123,1158.6939697265625,374.05535888671875,0.9979043006896973,1179.606689453125,450.2203369140625,0.9868567585945129,1144.122314453125,446.4546203613281,0.9895395636558533
24,True,1224.7457275390625,140.8675994873047,0.9854545593261719,1233.8621826171875,134.2838592529297,0.954083263874054,1219.057373046875,131.6603240966797,0.9684452414512634,1245.3436279296875,138.54901123046875,0.7194654941558838,1206.13525390625,131.81051635742188,0.8089127540588379,1251.7225341796875,185.1376190185547,0.9979501366615295,1181.449951171875,173.7139892578125,0.9990401864051819,1258.239013671875,248.2344970703125,0.9763216376304626,1146.3902587890625,228.1395721435547,0.9923831820487976,1251.048828125,303.90142822265625,0.9610612988471985,1138.5830078125,285.10833740234375,0.9818119406700134,1216.6103515625,301.5853271484375,0.999119222164154,1170.975830078125,295.0743408203125,0.9993736147880554,1199.513427734375,377.5784912109375,0.9977164268493652,1158.2857666015625,371.54736328125,0.9983386993408203,1179.7607421875,447.7708740234375,0.9909542202949524,1145.3125,443.6384582519531,0.9928728342056274
25,True,1223.685546875,141.07945251464844,0.9856686592102051,1233.001220703125,134.37652587890625,0.9564486145973206,1217.8902587890625,131.73208618164062,0.9675087928771973,1244.9718017578125,138.36044311523438,0.7347880601882935,1204.9478759765625,131.59005737304688,0.7971771955490112,1251.54150390625,184.94586181640625,0.9980759620666504,1180.671875,173.50341796875,0.9990150928497314,1258.052978515625,247.79440307617188,0.9787071943283081,1146.2369384765625,228.3600311279297,0.9920468330383301,1250.923095703125,301.3137512207031,0.9645124673843384,1139.1544189453125,285.28680419921875,0.9814693927764893,1215.876708984375,303.2294921875,0.9991540908813477,1169.7880859375,296.6378173828125,0.9993700385093689,1199.088623046875,379.18121337890625,0.9977497458457947,1157.311279296875,372.9317321777344,0.9982813596725464,1179.667724609375,448.01751708984375,0.990867018699646,1144.857177734375,443.4697265625,0.9925520420074463
26,True,1222.68701171875,141.0898895263672,0.9849750399589539,1231.7611083984375,134.5437469482422,0.9544729590415955,1217.0040283203125,132.08224487304688,0.9656826257705688,1243.721923828125,138.7225799560547,0.7318301200866699,1204.561279296875,132.3778533935547,0.7913975715637207,1250.175048828125,184.65655517578125,0.9980138540267944,1180.9287109375,173.69654846191406,0.9989846348762512,1254.877685546875,246.92820739746094,0.9779677987098694,1146.513916015625,228.10015869140625,0.9918111562728882,1249.058349609375,300.55731201171875,0.9635343551635742,1140.2606201171875,284.68255615234375,0.9810689091682434,1215.323974609375,301.063720703125,0.9991697072982788,1170.248046875,294.7397766113281,0.9993829727172852,1199.29150390625,377.0052795410156,0.9979352951049805,1158.112548828125,371.0801696777344,0.9984301924705505,1179.67626953125,447.4805908203125,0.9918789863586426,1144.45849609375,443.21966552734375,0.9934011101722717
27,True,1224.3167724609375,141.6949920654297,0.9837703704833984,1232.844482421875,135.22901916503906,0.9482168555259705,1218.42724609375,132.8354034423828,0.9659835696220398,1243.2601318359375,138.97360229492188,0.6961661577224731,1205.070068359375,132.8395233154297,0.8118160963058472,1249.51220703125,184.09034729003906,0.9979185461997986,1180.7374267578125,173.13931274414062,0.9989907145500183,1255.6751708984375,246.43255615234375,0.9776732921600342,1146.5491943359375,227.75820922851562,0.9923825860023499,1249.906494140625,300.7212829589844,0.9632896780967712,1140.448974609375,285.94232177734375,0.9820597171783447,1215.0455322265625,299.64251708984375,0.9991751313209534,1170.3223876953125,293.36651611328125,0.9994003772735596,1199.2037353515625,376.3413391113281,0.9979216456413269,1157.7398681640625,370.37969970703125,0.9984515905380249,1179.8780517578125,448.2701110839844,0.9917343854904175,1143.9808349609375,443.7825927734375,0.9933746457099915
28,True,1223.643798828125,141.8375244140625,0.9846565127372742,1232.0340576171875,135.42657470703125,0.9488994479179382,1217.74755859375,133.09104919433594,0.9682848453521729,1242.04736328125,139.19007873535156,0.6933386325836182,1204.329833984375,133.1832733154297,0.8256242275238037,1248.21484375,183.83912658691406,0.9981198906898499,1179.9761962890625,173.0709228515625,0.999123752117157,1255.291748046875,245.8983154296875,0.9799932837486267,1145.7991943359375,227.0162353515625,0.9936419129371643,1250.765380859375,301.43084716796875,0.9671106934547424,1139.1505126953125,284.4718322753906,0.9847762584686279,1213.8538818359375,297.9367980957031,0.9992783665657043,1169.5194091796875,291.78466796875,0.9994856119155884,1198.0439453125,375.47149658203125,0.9980981945991516,1156.9384765625,369.7094421386719,0.9986119270324707,1179.60546875,447.932861328125,0.9920502305030823,1143.7879638671875,443.7921142578125,0.9937173128128052
29,True,1221.8680419921875,141.67385864257812,0.9847731590270996,1230.591552734375,135.1304473876953,0.9528708457946777,1216.0631103515625,132.7670135498047,0.966827929019928,1241.560302734375,138.7946319580078,0.7184455394744873,1203.083251953125,132.730712890625,0.8055405616760254,1248.487548828125,183.95748901367188,0.998030960559845,1179.02392578125,173.39837646484375,0.9990021586418152,1255.644775390625,246.69842529296875,0.9786167740821838,1145.167724609375,228.2837677001953,0.992155134677887,1249.7498779296875,302.2018737792969,0.9642698764801025,1138.1973876953125,285.73492431640625,0.981607973575592,1213.95458984375,300.2223815917969,0.999178946018219,1168.821044921875,294.0611572265625,0.9993908405303955,1197.6441650390625,377.1932373046875,0.9978790283203125,1155.85205078125,371.43365478515625,0.9983848333358765,1179.729248046875,448.762939453125,0.9914407730102539,1143.561279296875,444.67425537109375,0.9930245876312256
30,True,1221.2000732421875,141.94659423828125,0.9843906760215759,1230.0400390625,135.46456909179688,0.9503987431526184,1215.4794921875,132.8628387451172,0.9667192697525024,1240.862060546875,139.2517852783203,0.7062782645225525,1202.2646484375,132.58056640625,0.8099786043167114,1247.3045654296875,184.464599609375,0.998102605342865,1177.5299072265625,173.37474060058594,0.9990612864494324,1254.9144287109375,246.67233276367188,0.9799643754959106,1143.8203125,228.63043212890625,0.992965579032898,1250.1591796875,298.344970703125,0.9666956663131714,1136.846435546875,285.21875,0.9833341240882874,1212.4871826171875,300.3185119628906,0.9992560744285583,1167.175537109375,294.01483154296875,0.9994538426399231,1196.517822265625,376.6416015625,0.998063862323761,1154.6197509765625,370.61810302734375,0.9985425472259521,1180.0040283203125,447.2170715332031,0.9920682907104492,1143.6429443359375,442.78619384765625,0.9935857653617859
31,True,1221.853759765625,142.15118408203125,0.984102189540863,1230.56005859375,135.55780029296875,0.9475677609443665,1215.9066162109375,133.0501708984375,0.9681367874145508,1240.725830078125,139.1049041748047,0.6851361393928528,1202.0484619140625,132.6541748046875,0.8248307704925537,1246.50439453125,184.45855712890625,0.9979318380355835,1177.190673828125,173.7564697265625,0.9990444779396057,1252.797607421875,247.39137268066406,0.9774230122566223,1143.61572265625,229.35427856445312,0.9929138422012329,1247.0709228515625,300.6217041015625,0.9630743861198425,1136.7177734375,285.6307067871094,0.9829933643341064,1211.908935546875,301.0965270996094,0.9991704225540161,1166.8377685546875,295.0735778808594,0.99941086769104,1196.31787109375,377.52685546875,0.9978398084640503,1154.519775390625,371.923828125,0.9984275102615356,1179.806884765625,447.3077087402344,0.9913279414176941,1143.217529296875,443.52716064453125,0.9931445121765137
32,True,1221.450927734375,141.90328979492188,0.9838238954544067,1229.9488525390625,135.29257202148438,0.9463824033737183,1215.322509765625,132.9339599609375,0.9684852957725525,1239.5859375,138.6691131591797,0.6770023703575134,1201.0498046875,132.60890197753906,0.8310123085975647,1245.575439453125,183.58792114257812,0.9978576302528381,1176.15087890625,173.54312133789062,0.9990121126174927,1252.2650146484375,247.1448211669922,0.9766372442245483,1143.0897216796875,229.84812927246094,0.9926789999008179,1246.067626953125,302.4363098144531,0.9616381525993347,1136.9228515625,286.5599670410156,0.9823669195175171,1211.7454833984375,300.060302734375,0.9991174340248108,1166.613525390625,294.3780517578125,0.9993731379508972,1196.369873046875,376.47564697265625,0.9976879358291626,1154.3289794921875,371.2933044433594,0.9983153343200684,1179.8927001953125,447.3379211425781,0.9907483458518982,1143.15576171875,444.02362060546875,0.9926760792732239
33,True,1221.51171875,141.7491455078125,0.9835324287414551,1229.9144287109375,135.22299194335938,0.9453005194664001,1215.4241943359375,132.83114624023438,0.9682247042655945,1239.2283935546875,138.78030395507812,0.6728044748306274,1201.052734375,132.6381072998047,0.8330348134040833,1245.1717529296875,183.6145477294922,0.997876763343811,1175.722412109375,173.66339111328125,0.9990133047103882,1252.5091552734375,247.1605224609375,0.9769930839538574,1142.9033203125,230.4401092529297,0.9926806092262268,1246.500244140625,302.3546447753906,0.9620217084884644,1137.0699462890625,287.4698486328125,0.9823238849639893,1211.7891845703125,298.9241638183594,0.9991403818130493,1166.667724609375,293.3538513183594,0.9993860721588135,1196.601806640625,375.47021484375,0.9977840781211853,1154.446533203125,370.41326904296875,0.9983750581741333,1180.243896484375,447.05908203125,0.9911730885505676,1143.290283203125,443.80596923828125,0.9929811954498291
34,True,1220.892578125,142.07635498046875,0.9836738109588623,1229.0184326171875,135.56915283203125,0.9458557963371277,1214.8267822265625,133.31857299804688,0.9678555130958557,1238.19921875,138.4367218017578,0.6768544912338257,1200.6746826171875,132.6854248046875,0.8304995894432068,1244.6884765625,182.1899871826172,0.9980018734931946,1175.7742919921875,172.20166015625,0.9990437626838684,1252.4365234375,245.07833862304688,0.9794372916221619,1142.530029296875,227.83502197265625,0.9931615591049194,1246.891845703125,299.704345703125,0.9659544229507446,1136.40283203125,285.1076354980469,0.9836733341217041,1211.2666015625,297.72991943359375,0.9992080330848694,1166.51416015625,292.0740661621094,0.9994258880615234,1196.8953857421875,374.94696044921875,0.9978725910186768,1154.686279296875,369.636474609375,0.9984158277511597,1180.840087890625,446.82861328125,0.9911284446716309,1143.5008544921875,443.0975341796875,0.992868959903717
35,True,1221.1787109375,142.54052734375,0.9842895865440369,1228.6170654296875,136.2378692626953,0.9482738971710205,1215.179443359375,134.00645446777344,0.9710142016410828,1236.2579345703125,138.23011779785156,0.6719229221343994,1200.850830078125,132.4023895263672,0.8503462672233582,1243.2823486328125,181.26361083984375,0.9980466365814209,1174.66943359375,171.06825256347656,0.9987882971763611,1252.227783203125,244.10279846191406,0.9812907576560974,1140.452392578125,224.06314086914062,0.9910083413124084,1248.47216796875,300.4731750488281,0.9669241905212402,1132.9237060546875,281.43218994140625,0.9798106551170349,1209.865966796875,296.55731201171875,0.9989655017852783,1165.7515869140625,291.34613037109375,0.9991629123687744,1194.361083984375,375.69635009765625,0.9968065023422241,1152.873779296875,371.2290344238281,0.9972535967826843,1177.904052734375,446.4462890625,0.9860422015190125,1139.94140625,443.03289794921875,0.9872045516967773
36,True,1222.3634033203125,142.38101196289062,0.9855549335479736,1229.7774658203125,135.95904541015625,0.9475217461585999,1216.1124267578125,133.6484375,0.9766155481338501,1235.9403076171875,138.19815063476562,0.6508689522743225,1200.7861328125,132.117431640625,0.8905612826347351,1239.95556640625,181.1099395751953,0.9983036518096924,1173.5675048828125,172.2458038330078,0.9990851879119873,1249.480224609375,242.4814910888672,0.9796417951583862,1139.7484130859375,226.93414306640625,0.9921658039093018,1249.71484375,297.47857666015625,0.9614077806472778,1131.073486328125,284.35064697265625,0.9796884655952454,1208.7275390625,294.8421936035156,0.9989346861839294,1166.1087646484375,290.9027404785156,0.9991899132728577,1195.6630859375,374.303466796875,0.9958601593971252,1154.5758056640625,371.2788391113281,0.9966660141944885,1178.7098388671875,445.91845703125,0.9823905229568481,1140.52783203125,444.2410583496094,0.9845581650733948
37,True,1222.1876220703125,142.1440887451172,0.9851348996162415,1229.623046875,135.79940795898438,0.946990430355072,1215.9683837890625,133.41720581054688,0.975948691368103,1235.765380859375,138.34225463867188,0.6511120796203613,1200.57080078125,132.07821655273438,0.8880206346511841,1240.141845703125,181.63510131835938,0.9982486963272095,1172.8099365234375,172.5498046875,0.9990330934524536,1250.1004638671875,242.79547119140625,0.9788694977760315,1138.895751953125,226.94801330566406,0.9915068745613098,1249.733154296875,297.41192626953125,0.9597116112709045,1131.05517578125,283.6814270019531,0.978093147277832,1208.7991943359375,295.7012634277344,0.9988956451416016,1165.55615234375,291.6983947753906,0.9991495609283447,1195.5380859375,374.8482666015625,0.995812714099884,1153.67431640625,371.811767578125,0.9965786337852478,1178.6373291015625,446.0635986328125,0.9826204180717468,1139.9559326171875,444.3661193847656,0.9845974445343018
38,True,1221.0408935546875,140.88829040527344,0.9841809272766113,1228.8665771484375,134.8284149169922,0.9494003057479858,1215.0465087890625,132.37779235839844,0.9724600911140442,1236.336669921875,138.02792358398438,0.6684329509735107,1200.234375,131.61683654785156,0.8564102053642273,1242.33056640625,181.34349060058594,0.9977613687515259,1171.891845703125,172.12339782714844,0.9986139535903931,1250.901611328125,242.89218139648438,0.9759719967842102,1136.31884765625,226.80056762695312,0.9882857799530029,1248.133544921875,296.55438232421875,0.9572021961212158,1129.0247802734375,282.5126953125,0.9733142256736755,1209.08984375,295.8663330078125,0.9987573623657227,1163.846435546875,291.4859619140625,0.9989904761314392,1195.0830078125,373.6169128417969,0.9966627955436707,1152.8118896484375,370.35491943359375,0.997119665145874,1178.3282470703125,445.8765869140625,0.987211287021637,1139.5380859375,443.9444274902344,0.9882218241691589
39,True,1220.7181396484375,140.9853973388672,0.9840450286865234,1228.43603515625,134.8560028076172,0.9485452771186829,1214.6328125,132.45753479003906,0.9724875092506409,1235.762451171875,137.7139129638672,0.6628081798553467,1199.6719970703125,131.44577026367188,0.8579698204994202,1241.96875,180.85791015625,0.997755229473114,1171.52734375,171.61074829101562,0.9986181259155273,1250.9691162109375,242.81268310546875,0.9760111570358276,1136.225830078125,226.54537963867188,0.9884428381919861,1248.3958740234375,296.35205078125,0.9573963284492493,1129.04150390625,282.51861572265625,0.9736764430999756,1208.77490234375,295.56976318359375,0.9987742304801941,1163.566162109375,291.1678771972656,0.9990069270133972,1195.1181640625,373.5938415527344,0.99672532081604,1152.9547119140625,370.23785400390625,0.9971848130226135,1178.3052978515625,446.08905029296875,0.9874565005302429,1139.749267578125,443.9656982421875,0.9884795546531677
40,True,1220.892333984375,141.02371215820312,0.984332799911499,1228.56103515625,134.85247802734375,0.949207067489624,1214.6954345703125,132.4739990234375,0.9734035730361938,1235.625732421875,137.5979766845703,0.6612812876701355,1199.44287109375,131.39755249023438,0.8626917004585266,1241.8575439453125,180.6844024658203,0.9977487921714783,1171.149658203125,171.5170440673828,0.9986164569854736,1251.355224609375,242.3475341796875,0.9754489064216614,1136.104736328125,226.2498779296875,0.9881941080093384,1248.4072265625,295.74566650390625,0.9564887285232544,1129.2337646484375,282.1882019042969,0.9731311202049255,1208.4801025390625,295.0262451171875,0.9987595081329346,1163.132080078125,290.68170166015625,0.998994767665863,1195.182373046875,372.9438171386719,0.9967592358589172,1153.06591796875,369.6351318359375,0.9972158670425415,1178.3328857421875,445.8256530761719,0.9877808094024658,1140.2432861328125,443.750732421875,0.988778293132782
41,True,1220.5576171875,141.0283203125,0.9845286011695862,1228.2867431640625,134.84268188476562,0.9504972696304321,1214.41064453125,132.44961547851562,0.9730525016784668,1235.592041015625,137.6205596923828,0.6704270839691162,1199.389892578125,131.3829345703125,0.8585377931594849,1241.828125,180.9154815673828,0.9978251457214355,1171.3092041015625,171.56625366210938,0.9986214637756348,1251.0860595703125,242.86679077148438,0.9766993522644043,1136.244140625,226.37689208984375,0.9882029891014099,1248.3935546875,296.28607177734375,0.958451509475708,1129.22119140625,282.5574951171875,0.9733769297599792,1208.2388916015625,295.2637939453125,0.9987879395484924,1163.0155029296875,290.8143310546875,0.9990026354789734,1194.9423828125,373.20452880859375,0.9967882633209229,1153.0430908203125,369.75311279296875,0.9971940517425537,1178.2962646484375,445.91015625,0.9877035617828369,1140.387939453125,443.61859130859375,0.9885733127593994
42,True,1220.9403076171875,140.82296752929688,0.9844373464584351,1228.55908203125,134.62307739257812,0.9481358528137207,1214.6766357421875,132.26126098632812,0.9741140007972717,1235.4107666015625,137.44650268554688,0.6521874666213989,1199.2489013671875,131.25865173339844,0.8682987093925476,1241.4925537109375,180.7291259765625,0.9977536797523499,1171.255126953125,171.5921630859375,0.9986862540245056,1251.263916015625,242.876953125,0.9753878712654114,1136.47216796875,226.30450439453125,0.9891335368156433,1249.205322265625,297.3316955566406,0.9566358923912048,1129.219970703125,281.6167297363281,0.9748942255973816,1209.068359375,295.3209533691406,0.9987786412239075,1164.03369140625,291.0155029296875,0.9990354776382446,1194.8900146484375,373.40106201171875,0.9967220425605774,1153.05859375,370.1699523925781,0.9972561001777649,1178.1873779296875,446.0580139160156,0.9874368906021118,1140.0810546875,444.1511535644531,0.9886748790740967
43,True,1220.897705078125,140.9317626953125,0.9842866063117981,1228.5311279296875,134.73687744140625,0.9479849338531494,1214.64453125,132.39385986328125,0.9737315773963928,1235.4996337890625,137.59014892578125,0.653037428855896,1199.320556640625,131.4581298828125,0.8660036325454712,1241.5565185546875,180.92298889160156,0.9977263808250427,1171.466552734375,171.79641723632812,0.9986605644226074,1251.060302734375,243.02487182617188,0.9751983284950256,1136.6639404296875,226.59970092773438,0.9889186024665833,1249.0849609375,297.62066650390625,0.9563295245170593,1129.21533203125,282.8306579589844,0.974479615688324,1209.031982421875,295.92340087890625,0.9987587928771973,1164.074951171875,291.59356689453125,0.999016284942627,1195.0079345703125,373.62628173828125,0.9966717958450317,1153.2218017578125,370.32598876953125,0.9972051978111267,1178.287841796875,446.14837646484375,0.9873074293136597,1140.1279296875,444.0968017578125,0.9885337948799133
44,True,1221.12744140625,140.95213317871094,0.9845535755157471,1228.786865234375,134.7427978515625,0.9474171996116638,1214.882568359375,132.3678741455078,0.9737764596939087,1235.83447265625,137.58360290527344,0.6512198448181152,1199.5994873046875,131.36317443847656,0.8672728538513184,1241.7685546875,180.83189392089844,0.9979105591773987,1172.012939453125,171.58570861816406,0.9987887740135193,1251.1934814453125,243.26486206054688,0.9781576991081238,1137.4427490234375,226.48228454589844,0.99054354429245,1249.3697509765625,297.8315124511719,0.9616508483886719,1129.924560546875,282.08758544921875,0.9781478643417358,1209.2022705078125,296.265625,0.9988975524902344,1164.422119140625,291.880859375,0.9991336464881897,1194.930908203125,374.05987548828125,0.996863842010498,1153.63232421875,370.71826171875,0.9973891377449036,1178.0404052734375,445.9963073730469,0.987316906452179,1140.486083984375,443.96783447265625,0.9886220097541809
45,True,1221.092529296875,141.947021484375,0.9858314990997314,1228.7470703125,135.43287658691406,0.9493318796157837,1214.728759765625,133.03611755371094,0.9765871167182922,1235.4560546875,137.705322265625,0.6596271991729736,1199.3558349609375,131.3936004638672,0.8873425126075745,1240.1005859375,181.19187927246094,0.9983510971069336,1172.4605712890625,171.76995849609375,0.9990862607955933,1250.388671875,243.3076629638672,0.9800381064414978,1139.49755859375,226.7164306640625,0.9919853210449219,1250.2633056640625,298.0458679199219,0.962044894695282,1131.8514404296875,284.1172790527344,0.9794231057167053,1208.656005859375,296.1723327636719,0.9989767074584961,1165.2479248046875,291.9440002441406,0.9992119073867798,1194.768798828125,375.0750732421875,0.996132493019104,1153.4482421875,371.664306640625,0.9968459010124207,1178.44140625,446.3648986816406,0.9837707281112671,1141.104736328125,444.2009582519531,0.9856424927711487
46,True,1220.787841796875,141.01148986816406,0.9849696159362793,1228.526611328125,134.85948181152344,0.9504724144935608,1214.7230224609375,132.47869873046875,0.9737913608551025,1235.83935546875,137.68325805664062,0.6688365340232849,1199.8363037109375,131.44833374023438,0.8623228073120117,1241.9595947265625,180.71470642089844,0.9979057312011719,1172.13037109375,171.46243286132812,0.9987383484840393,1251.51025390625,242.97161865234375,0.9774990081787109,1137.6263427734375,225.8953399658203,0.9895904660224915,1248.8597412109375,297.58856201171875,0.9600980281829834,1130.079345703125,280.6985778808594,0.9761413335800171,1208.92822265625,295.2449645996094,0.9988524913787842,1164.1031494140625,290.8006896972656,0.9990817308425903,1194.686767578125,372.9337463378906,0.9968456625938416,1153.000244140625,369.58612060546875,0.9973244667053223,1178.4503173828125,445.77264404296875,0.9875427484512329,1140.343994140625,443.8018798828125,0.9886702299118042
47,True,1220.793212890625,140.9688262939453,0.9849694967269897,1228.5008544921875,134.79176330566406,0.9506012201309204,1214.6435546875,132.4791259765625,0.9739608764648438,1235.7646484375,137.5982208251953,0.6682896614074707,1199.6685791015625,131.54925537109375,0.8630089163780212,1241.9013671875,180.59857177734375,0.9978569149971008,1172.1402587890625,171.4907684326172,0.9987087249755859,1251.4305419921875,242.5818328857422,0.9767241477966309,1137.8277587890625,225.59097290039062,0.9892347455024719,1248.7459716796875,297.7548828125,0.958836555480957,1130.404541015625,280.83026123046875,0.9753924012184143,1208.7493896484375,294.9676208496094,0.9988163709640503,1163.94775390625,290.5614013671875,0.9990529417991638,1194.86083984375,372.6504821777344,0.99679034948349,1153.128173828125,369.32763671875,0.9972813129425049,1178.491455078125,445.7984619140625,0.9874920845031738,1140.345458984375,443.8321533203125,0.9886336326599121
48,True,1220.760986328125,140.4600830078125,0.9863198399543762,1228.291015625,133.94700622558594,0.951892077922821,1214.40869140625,131.87130737304688,0.9760465621948242,1235.458740234375,136.31045532226562,0.6797465682029724,1199.680419921875,130.81085205078125,0.8821521401405334,1240.4307861328125,178.98809814453125,0.9985195994377136,1174.058349609375,171.148193359375,0.9991456270217896,1250.3582763671875,240.55084228515625,0.9832096695899963,1141.188720703125,226.07852172851562,0.992804229259491,1250.327392578125,296.6997375488281,0.9677079319953918,1133.5447998046875,281.7444152832031,0.981741726398468,1210.909912109375,293.1278076171875,0.9990656971931458,1168.323486328125,289.56640625,0.9992668032646179,1196.6138916015625,372.98095703125,0.996152937412262,1156.309814453125,370.4471435546875,0.9968005418777466,1177.62548828125,445.72137451171875,0.9823930263519287,1141.2197265625,444.5999450683594,0.9842425584793091
49,True,1221.24462890625,140.74734497070312,0.9861078858375549,1228.741455078125,134.1573944091797,0.9507998824119568,1214.8072509765625,132.0383758544922,0.9762377738952637,1235.51171875,136.266845703125,0.6711025834083557,1199.65380859375,130.65383911132812,0.8851803541183472,1240.164794921875,178.897216796875,0.9984710812568665,1173.77978515625,171.0304412841797,0.9991216063499451,1250.3250732421875,240.6220703125,0.9825365543365479,1141.15087890625,226.1967315673828,0.9925427436828613,1250.2164306640625,296.8464660644531,0.9665294885635376,1133.465576171875,281.8631591796875,0.9810997843742371,1210.708984375,293.3401794433594,0.9990344047546387,1168.1605224609375,289.82745361328125,0.9992425441741943,1196.2457275390625,372.9422607421875,0.9961099028587341,1156.27392578125,370.46722412109375,0.9967605471611023,1177.541259765625,445.69720458984375,0.9825328588485718,1141.73828125,444.678466796875,0.9843446612358093
50,True,1221.232666015625,140.75804138183594,0.9860693216323853,1228.743408203125,134.16151428222656,0.9505837559700012,1214.779296875,132.0226593017578,0.9762751460075378,1235.525634765625,136.28363037109375,0.6694397926330566,1199.59375,130.61068725585938,0.8854997158050537,1240.183349609375,179.00408935546875,0.9984499216079712,1173.7716064453125,171.02569580078125,0.9991164803504944,1250.4088134765625,240.97689819335938,0.9822292327880859,1141.166259765625,226.2644805908203,0.9925177097320557,1250.5042724609375,297.4495849609375,0.9659996628761292,1133.560302734375,281.9355163574219,0.9810075163841248,1210.8580322265625,293.57958984375,0.999017596244812,1168.3302001953125,290.03399658203125,0.9992327690124512,1196.0721435546875,373.3001403808594,0.9960325360298157,1156.407470703125,370.79156494140625,0.9967104196548462,1177.28125,445.97845458984375,0.9822154641151428,1142.0057373046875,444.9282531738281,0.9841083884239197
51,True,1221.5762939453125,140.90576171875,0.986076831817627,1229.06201171875,134.3046417236328,0.9497841000556946,1215.106201171875,132.13031005859375,0.9768005609512329,1235.60888671875,136.28646850585938,0.6616322994232178,1199.706787109375,130.51412963867188,0.8893822431564331,1240.0849609375,178.81655883789062,0.9984163045883179,1173.660400390625,170.7806854248047,0.9991235136985779,1250.402587890625,240.83187866210938,0.9815841317176819,1141.1790771484375,226.0810089111328,0.992621660232544,1250.3648681640625,297.7140197753906,0.9649837017059326,1133.5721435546875,282.09130859375,0.9811307191848755,1210.85400390625,293.4797668457031,0.9989994168281555,1168.3028564453125,289.93658447265625,0.999229907989502,1196.0712890625,373.32257080078125,0.9959676265716553,1156.276123046875,370.82904052734375,0.9967082738876343,1177.361083984375,446.0212097167969,0.9820322394371033,1141.8927001953125,445.0357360839844,0.9841175079345703
52,True,1221.74951171875,141.4318084716797,0.9860052466392517,1229.2193603515625,134.71969604492188,0.9494014382362366,1215.2257080078125,132.526123046875,0.9771165251731873,1235.65185546875,136.31985473632812,0.6563215851783752,1199.641357421875,130.50213623046875,0.8911997079849243,1240.108642578125,178.81626892089844,0.9983515739440918,1173.6278076171875,170.70303344726562,0.9991004467010498,1250.6240234375,240.7288818359375,0.9804787039756775,1141.212158203125,226.0821075439453,0.992360532283783,1250.5498046875,297.01397705078125,0.9631316661834717,1133.20263671875,282.4661865234375,0.9804455637931824,1210.78076171875,293.4823303222656,0.9989520311355591,1168.2340087890625,289.88726806640625,0.9991989731788635,1196.0091552734375,373.3565673828125,0.9958617687225342,1156.2030029296875,370.74560546875,0.9966476559638977,1177.4803466796875,445.9719543457031,0.9819425940513611,1142.031982421875,444.88092041015625,0.984119176864624
53,True,1221.4818115234375,141.50729370117188,0.9860245585441589,1228.97119140625,134.8652801513672,0.9498099088668823,1215.02734375,132.66087341308594,0.9770452976226807,1235.5516357421875,136.51641845703125,0.6595020890235901,1199.6190185546875,130.67994689941406,0.8900567889213562,1240.13134765625,178.75161743164062,0.9983416795730591,1173.630615234375,170.6542510986328,0.9990934133529663,1250.807373046875,240.18731689453125,0.9801245927810669,1141.3345947265625,225.87026977539062,0.9922130703926086,1250.3060302734375,295.81768798828125,0.9624843001365662,1133.2476806640625,282.5828857421875,0.9800719022750854,1210.6915283203125,292.97052001953125,0.9989500641822815,1168.140625,289.3469543457031,0.9991974234580994,1195.912109375,372.9161376953125,0.9959269165992737,1156.182861328125,370.25164794921875,0.996704638004303,1177.0802001953125,446.1417236328125,0.9824153780937195,1141.800048828125,444.9476318359375,0.9845516085624695
54,True,1221.8096923828125,141.09005737304688,0.9859651327133179,1229.2392578125,134.47979736328125,0.9473554491996765,1215.186279296875,132.249755859375,0.9782809019088745,1235.4451904296875,136.43887329101562,0.6383035182952881,1199.3370361328125,130.5207061767578,0.8992571830749512,1239.7431640625,179.0423126220703,0.99820876121521,1173.3076171875,170.72103881835938,0.9991100430488586,1250.16552734375,240.800048828125,0.9774288535118103,1141.145751953125,226.043212890625,0.9925051927566528,1250.23974609375,296.166015625,0.9582273960113525,1133.6136474609375,282.34234619140625,0.9803446531295776,1210.7598876953125,293.1360778808594,0.9988678693771362,1168.24072265625,289.48291015625,0.999176561832428,1196.034423828125,372.809326171875,0.9956438541412354,1156.367919921875,370.10919189453125,0.9966632723808289,1176.781005859375,446.197998046875,0.9816505312919617,1141.5313720703125,444.9734802246094,0.9844903349876404
55,True,1221.501953125,141.28164672851562,0.9858357906341553,1229.001953125,134.6527099609375,0.9478368163108826,1214.910400390625,132.4050750732422,0.977674663066864,1235.3990478515625,136.63922119140625,0.644554078578949,1199.1824951171875,130.68174743652344,0.8950768113136292,1239.7696533203125,179.56137084960938,0.9981928467750549,1173.20263671875,170.9150848388672,0.9990749359130859,1249.9522705078125,241.75653076171875,0.9773063063621521,1141.0640869140625,226.10165405273438,0.9920727610588074,1249.625244140625,297.17730712890625,0.9578356742858887,1133.5052490234375,282.40533447265625,0.9794203639030457,1210.101318359375,293.7973937988281,0.9988477230072021,1167.5078125,289.95318603515625,0.9991496801376343,1195.15771484375,373.47784423828125,0.9956281185150146,1155.6680908203125,370.54669189453125,0.9965967535972595,1176.46630859375,446.58380126953125,0.981775164604187,1141.627197265625,445.07196044921875,0.984411895275116
56,True,1221.586181640625,140.80613708496094,0.9859163165092468,1229.0533447265625,134.24729919433594,0.9472113847732544,1215.0430908203125,131.970458984375,0.9777557849884033,1235.2734375,136.47640991210938,0.6410285830497742,1199.27734375,130.44998168945312,0.896662175655365,1239.543701171875,179.42929077148438,0.998258650302887,1172.93115234375,170.79833984375,0.9991123080253601,1249.829345703125,241.35061645507812,0.9787439703941345,1141.021728515625,225.96226501464844,0.9926321506500244,1249.0118408203125,296.4635314941406,0.9605388045310974,1133.758056640625,282.13616943359375,0.9808432459831238,1209.755615234375,293.79412841796875,0.9988943934440613,1166.9908447265625,289.94873046875,0.9991855025291443,1195.05859375,373.4984436035156,0.9956303834915161,1154.7861328125,370.59588623046875,0.9966027736663818,1176.455322265625,446.3375244140625,0.981145441532135,1140.3570556640625,444.84613037109375,0.9838903546333313
57,True,1221.382080078125,141.38192749023438,0.9859490394592285,1228.916015625,134.76841735839844,0.9467816948890686,1214.858642578125,132.38099670410156,0.9779249429702759,1235.1710205078125,136.75375366210938,0.6372916102409363,1199.0416259765625,130.42567443847656,0.8976876139640808,1239.2271728515625,179.78604125976562,0.998256266117096,1172.745849609375,170.64297485351562,0.9991249442100525,1249.50732421875,242.50584411621094,0.978660523891449,1140.96533203125,226.21282958984375,0.9928081035614014,1249.1177978515625,297.3840637207031,0.960540771484375,1133.6201171875,282.368408203125,0.9812528491020203,1209.53515625,294.4002685546875,0.9988945126533508,1166.903076171875,290.3825378417969,0.9991920590400696,1194.950927734375,373.45233154296875,0.9956337809562683,1155.0653076171875,370.3187255859375,0.9966365098953247,1176.772216796875,445.8186950683594,0.9812031388282776,1141.223388671875,444.0570373535156,0.9840421676635742
58,True,1221.4278564453125,141.8062744140625,0.9860784411430359,1229.00048828125,135.3677978515625,0.9473216533660889,1215.014892578125,132.83848571777344,0.9783389568328857,1235.2593994140625,137.50009155273438,0.638218343257904,1199.308837890625,130.811279296875,0.8991112112998962,1239.0733642578125,180.23321533203125,0.9982237219810486,1172.892822265625,170.29156494140625,0.9991236329078674,1249.018310546875,242.00244140625,0.9775997996330261,1140.972900390625,224.78741455078125,0.9926713705062866,1248.51611328125,295.82830810546875,0.9587917327880859,1133.346923828125,282.3357849121094,0.9808228611946106,1209.366455078125,293.4794921875,0.9988893866539001,1166.872802734375,289.05938720703125,0.9991963505744934,1194.5909423828125,373.13079833984375,0.9957608580589294,1154.4071044921875,369.4247131347656,0.9967681169509888,1176.71435546875,446.28955078125,0.9821568131446838,1140.41259765625,443.6846008300781,0.9849615097045898
59,True,1221.9244384765625,141.7302703857422,0.9856980443000793,1229.2193603515625,135.33462524414062,0.9439729452133179,1215.325439453125,132.92262268066406,0.9787940979003906,1234.8192138671875,137.87203979492188,0.6178749203681946,1199.1802978515625,131.5078125,0.9058465361595154,1238.6497802734375,181.07296752929688,0.9981480836868286,1172.6046142578125,171.326904296875,0.9991376399993896,1248.55859375,242.19639587402344,0.9766855835914612,1140.209716796875,225.42723083496094,0.9930911064147949,1248.3096923828125,294.04705810546875,0.9574971795082092,1132.9345703125,282.11932373046875,0.9815764427185059,1209.3438720703125,294.3207702636719,0.9988304972648621,1166.9256591796875,290.0124206542969,0.9991773962974548,1194.99658203125,373.062744140625,0.9953595995903015,1154.479736328125,369.38946533203125,0.9965671300888062,1176.9560546875,445.9635314941406,0.9802927374839783,1140.1566162109375,443.283935546875,0.9837363362312317
60,True,1221.19580078125,139.78025817871094,0.9848442673683167,1228.744384765625,133.57460021972656,0.9471554160118103,1214.7762451171875,131.27967834472656,0.9749608635902405,1235.56640625,136.666748046875,0.6434202194213867,1199.415283203125,130.7050323486328,0.8732379674911499,1241.098876953125,180.13760375976562,0.9977996945381165,1172.4439697265625,170.32376098632812,0.9987820982933044,1249.7808837890625,242.0142059326172,0.9770152568817139,1137.7821044921875,223.89141845703125,0.9908722043037415,1248.7166748046875,295.2353820800781,0.9604394435882568,1129.478759765625,280.3633117675781,0.9788604378700256,1207.9134521484375,292.8265686035156,0.998803973197937,1163.7789306640625,288.0967102050781,0.9990839958190918,1195.306396484375,371.0028076171875,0.9965322017669678,1154.2318115234375,367.03582763671875,0.9972020387649536,1178.9317626953125,445.62701416015625,0.9858025312423706,1141.01708984375,442.59613037109375,0.9875360131263733
61,True,1218.61962890625,139.8214874267578,0.9848414659500122,1226.46044921875,133.4115447998047,0.9505559802055359,1212.2479248046875,131.1923065185547,0.9729411602020264,1234.6009521484375,136.15541076660156,0.6709664463996887,1197.675537109375,130.3704071044922,0.853889524936676,1241.0523681640625,179.7411346435547,0.9978241920471191,1172.0257568359375,170.24563598632812,0.9986752867698669,1249.76513671875,242.40206909179688,0.9779174327850342,1138.0880126953125,224.84490966796875,0.9897609353065491,1249.44970703125,295.2127685546875,0.9615639448165894,1130.0936279296875,280.5987243652344,0.9770421981811523,1207.724365234375,293.3885803222656,0.9987791180610657,1163.355712890625,288.6713562011719,0.9990222454071045,1195.0599365234375,371.5220947265625,0.9964911341667175,1153.8731689453125,367.5537414550781,0.9970406889915466,1179.08447265625,445.5173034667969,0.9856528043746948,1141.13525390625,442.5185852050781,0.987011730670929
62,True,1217.958740234375,139.66995239257812,0.9839732646942139,1225.801513671875,133.36489868164062,0.9502423405647278,1211.820068359375,131.07362365722656,0.9708516597747803,1233.935546875,136.29641723632812,0.6771785616874695,1197.45654296875,130.3302001953125,0.8424333333969116,1240.59326171875,180.2870635986328,0.9977005124092102,1171.209716796875,170.62957763671875,0.9985033273696899,1249.0765380859375,242.8677520751953,0.9761759638786316,1137.505859375,225.11009216308594,0.9875153303146362,1246.642822265625,295.705810546875,0.9580386877059937,1129.428955078125,281.10137939453125,0.9725533127784729,1207.5078125,294.74114990234375,0.9987307190895081,1162.800537109375,289.91607666015625,0.9989473223686218,1194.3514404296875,372.8358154296875,0.9966931343078613,1151.8721923828125,368.77960205078125,0.9970978498458862,1179.51806640625,446.64495849609375,0.9873971343040466,1139.49609375,443.45697021484375,0.9882544279098511
63,True,1218.0814208984375,140.68821716308594,0.9828712940216064,1225.7998046875,134.48843383789062,0.9464541673660278,1212.1253662109375,132.1338348388672,0.9688980579376221,1233.749267578125,137.218994140625,0.6653266549110413,1197.88037109375,131.068603515625,0.8381020426750183,1240.390625,180.42041015625,0.9976490139961243,1171.3035888671875,170.6436309814453,0.9984750151634216,1249.1829833984375,242.83261108398438,0.9767071008682251,1137.607666015625,224.99134826660156,0.9878629446029663,1247.027587890625,295.6956787109375,0.9592116475105286,1129.78466796875,280.61322021484375,0.9734432101249695,1207.586669921875,294.1593933105469,0.9987647533416748,1163.050537109375,289.3291931152344,0.9989769458770752,1194.5174560546875,372.307861328125,0.9967806339263916,1151.8890380859375,368.3038330078125,0.9971774816513062,1179.4476318359375,446.29925537109375,0.9876102209091187,1138.942138671875,443.18499755859375,0.9884646534919739
64,True,1218.534912109375,140.7182159423828,0.9833457469940186,1226.094482421875,134.39788818359375,0.9466684460639954,1212.212890625,132.21115112304688,0.9709784388542175,1233.3797607421875,137.069580078125,0.6568585634231567,1197.21923828125,131.36123657226562,0.8515306115150452,1239.86669921875,180.19656372070312,0.9976676106452942,1170.79833984375,171.191162109375,0.9985248446464539,1249.001708984375,242.0646514892578,0.9764851331710815,1137.3087158203125,225.39724731445312,0.9882275462150574,1247.33544921875,295.71856689453125,0.9588626623153687,1129.8026123046875,280.72796630859375,0.9739683270454407,1207.7349853515625,293.6702880859375,0.9987533092498779,1163.23779296875,289.2438049316406,0.9989781379699707,1194.7183837890625,371.89813232421875,0.9967114925384521,1152.2530517578125,368.339111328125,0.9971455931663513,1179.7850341796875,446.1470031738281,0.9872989058494568,1139.732177734375,443.608642578125,0.9882526993751526
65,True,1217.763916015625,140.69085693359375,0.9835493564605713,1225.3980712890625,134.3718719482422,0.9484504461288452,1211.50732421875,132.1783905029297,0.9702870845794678,1233.0391845703125,137.10922241210938,0.6697518825531006,1196.812255859375,131.39834594726562,0.8446148037910461,1239.7750244140625,180.42010498046875,0.9977710247039795,1170.520263671875,171.2860107421875,0.9985224604606628,1248.6796875,242.48748779296875,0.9780551791191101,1136.8724365234375,225.5393829345703,0.9881142973899841,1246.493896484375,295.95855712890625,0.9612280130386353,1129.2374267578125,281.0357666015625,0.9740400314331055,1207.3310546875,294.020751953125,0.9987941980361938,1162.680419921875,289.4994201660156,0.9989882111549377,1194.63330078125,372.0971374511719,0.9967774748802185,1151.91259765625,368.4101257324219,0.9971327781677246,1179.7470703125,446.406982421875,0.9873502850532532,1139.463623046875,443.64752197265625,0.9880933165550232
66,True,1216.93408203125,140.44020080566406,0.9836660623550415,1224.513671875,134.13555908203125,0.9491426348686218,1210.698486328125,132.06036376953125,0.9702573418617249,1232.321533203125,137.00341796875,0.6751059889793396,1196.22900390625,131.59625244140625,0.8435994386672974,1239.458984375,180.40109252929688,0.997794508934021,1170.07568359375,171.56658935546875,0.9985355138778687,1248.2734375,242.14146423339844,0.9781234860420227,1136.274658203125,225.77261352539062,0.9881567358970642,1245.7255859375,295.869873046875,0.9611166715621948,1129.109130859375,282.1429443359375,0.9739860892295837,1207.2547607421875,293.5545654296875,0.9987978935241699,1162.481201171875,289.0917663574219,0.9989922642707825,1194.5404052734375,372.21722412109375,0.9967514276504517,1151.11962890625,368.5389404296875,0.9971153736114502,1179.9501953125,446.9344482421875,0.9871523976325989,1138.754638671875,444.14996337890625,0.9879274964332581
67,True,1218.168701171875,140.45750427246094,0.9849905371665955,1225.2109375,133.89791870117188,0.9454827904701233,1211.4669189453125,132.07131958007812,0.9756830930709839,1231.4234619140625,136.5030517578125,0.6450842022895813,1196.2196044921875,131.70745849609375,0.8878791928291321,1236.3876953125,180.0382080078125,0.9982268214225769,1171.3248291015625,171.55453491210938,0.999038577079773,1245.71630859375,241.49185180664062,0.9792991280555725,1138.9725341796875,225.57884216308594,0.9921220541000366,1246.669921875,294.71197509765625,0.9612352848052979,1131.0653076171875,282.9625549316406,0.9798827767372131,1205.8001708984375,291.2672424316406,0.9989075660705566,1163.9246826171875,287.23199462890625,0.9991722106933594,1193.83349609375,371.5748291015625,0.9958263039588928,1152.63330078125,368.0647888183594,0.9966728687286377,1177.449462890625,447.25958251953125,0.9821764230728149,1138.448974609375,444.5210266113281,0.9844765067100525
68,True,1217.8541259765625,140.48095703125,0.9851117730140686,1224.995361328125,133.9817352294922,0.9462330937385559,1211.231201171875,132.01861572265625,0.9758470058441162,1231.3515625,136.65591430664062,0.6480878591537476,1196.0218505859375,131.50245666503906,0.8879783749580383,1236.421630859375,180.1729736328125,0.9982414245605469,1170.787109375,171.434326171875,0.999041736125946,1246.2685546875,241.06224060058594,0.979228138923645,1138.527099609375,225.14697265625,0.9920216202735901,1246.837890625,293.90283203125,0.961068868637085,1130.9354248046875,282.5724792480469,0.9796602129936218,1206.285888671875,291.1495056152344,0.9989185333251953,1164.0333251953125,287.094482421875,0.9991781115531921,1194.767822265625,371.27606201171875,0.9959294199943542,1153.2647705078125,367.76776123046875,0.9967496395111084,1178.046630859375,446.2606201171875,0.9827881455421448,1139.0172119140625,443.5044250488281,0.9849957823753357
69,True,1214.8675537109375,140.5055694580078,0.9851166605949402,1222.4901123046875,134.12060546875,0.9524115920066833,1208.837890625,132.0858154296875,0.9712753295898438,1230.986328125,137.02938842773438,0.7061022520065308,1195.5723876953125,131.6982421875,0.8513297438621521,1237.068115234375,180.44920349121094,0.9984329342842102,1171.3131103515625,171.42178344726562,0.9989584684371948,1246.4027099609375,241.41452026367188,0.9829965233802795,1138.93603515625,224.99188232421875,0.9909054040908813,1246.587646484375,293.98138427734375,0.966962456703186,1131.18896484375,282.331298828125,0.9780839085578918,1205.8031005859375,291.216796875,0.9990233182907104,1163.448974609375,286.83038330078125,0.9991832375526428,1194.2236328125,371.31103515625,0.9963332414627075,1152.8720703125,367.4609375,0.996766209602356,1178.079833984375,446.5522155761719,0.9839984178543091,1139.254150390625,443.33856201171875,0.9850525259971619
70,True,1209.5194091796875,138.93370056152344,0.9859171509742737,1217.8209228515625,132.50161743164062,0.9633258581161499,1204.158203125,130.66542053222656,0.9643950462341309,1229.912841796875,136.11068725585938,0.7937553524971008,1193.87646484375,131.3386688232422,0.7740113139152527,1238.47509765625,180.94027709960938,0.9985970854759216,1172.031982421875,171.919189453125,0.9987654685974121,1246.7486572265625,242.64767456054688,0.9855382442474365,1139.076416015625,225.11558532714844,0.9877633452415466,1246.4144287109375,294.95037841796875,0.9704129099845886,1130.998046875,282.1499328613281,0.9727147221565247,1205.0792236328125,292.56011962890625,0.9990299940109253,1162.314208984375,287.6601867675781,0.9990764856338501,1193.357177734375,372.3298645019531,0.996391236782074,1151.98583984375,367.80126953125,0.9963745474815369,1177.8707275390625,447.47076416015625,0.9840736389160156,1139.358154296875,443.3700256347656,0.9837135076522827
71,True,1210.50537109375,139.4083251953125,0.9857228398323059,1218.5694580078125,132.88478088378906,0.9614092111587524,1204.984619140625,131.1256103515625,0.9658045172691345,1229.9949951171875,135.80865478515625,0.7778021097183228,1194.2073974609375,131.2039794921875,0.7911002039909363,1238.2559814453125,179.85906982421875,0.9985734224319458,1172.251220703125,171.2823028564453,0.9988112449645996,1246.8182373046875,241.50210571289062,0.9852995872497559,1139.0888671875,224.9398193359375,0.9886114001274109,1247.435546875,294.3553466796875,0.9701780080795288,1130.81494140625,282.464599609375,0.9741933941841125,1206.0389404296875,291.9189147949219,0.9990391731262207,1163.6331787109375,287.32366943359375,0.9991075396537781,1194.3126220703125,372.12335205078125,0.9963769316673279,1153.146728515625,367.9225158691406,0.9964476823806763,1178.307861328125,447.4947509765625,0.9838864207267761,1139.8055419921875,443.78314208984375,0.9838051199913025
72,True,1212.78759765625,138.16249084472656,0.9862135052680969,1220.462646484375,131.6990203857422,0.9627983570098877,1206.6466064453125,129.99026489257812,0.9689777493476868,1229.825927734375,134.4438018798828,0.762052595615387,1193.85302734375,130.0689697265625,0.8068277835845947,1238.6038818359375,178.31373596191406,0.9983854293823242,1170.6697998046875,169.74346923828125,0.9985837936401367,1248.3880615234375,241.26217651367188,0.9853605628013611,1137.1981201171875,223.0628662109375,0.9873577356338501,1246.6080322265625,295.89263916015625,0.9720696210861206,1127.6884765625,278.5397644042969,0.9739271402359009,1206.9150390625,290.04052734375,0.9990160465240479,1163.3387451171875,285.4031066894531,0.9990530610084534,1194.24365234375,369.95196533203125,0.9971651434898376,1152.991455078125,365.81439208984375,0.997082531452179,1181.23779296875,446.87823486328125,0.987613320350647,1142.6890869140625,443.0596618652344,0.9870822429656982
73,True,1212.859619140625,138.42880249023438,0.9861435890197754,1220.65673828125,132.02322387695312,0.9617903232574463,1206.80810546875,130.1490020751953,0.9693514108657837,1230.0159912109375,134.85784912109375,0.7543419003486633,1193.9248046875,130.0291748046875,0.811275064945221,1238.4154052734375,178.65048217773438,0.9983546137809753,1170.1744384765625,169.83677673339844,0.9986036419868469,1248.2899169921875,241.54660034179688,0.9849046468734741,1137.0255126953125,223.62478637695312,0.9876920580863953,1246.734375,295.9772033691406,0.971442699432373,1128.24755859375,279.382080078125,0.9744040966033936,1206.5885009765625,290.9197998046875,0.9990063309669495,1162.752685546875,286.2661437988281,0.9990597367286682,1194.1240234375,370.71331787109375,0.9971259236335754,1152.6898193359375,366.62933349609375,0.9970989227294922,1181.020263671875,447.07940673828125,0.9874792098999023,1142.2855224609375,443.4112243652344,0.9871227741241455
74,True,1213.52294921875,138.66094970703125,0.9858910441398621,1221.27001953125,132.28292846679688,0.9595566391944885,1207.39794921875,130.31475830078125,0.9705407619476318,1230.104248046875,135.1236114501953,0.7356203198432922,1193.99951171875,130.0267333984375,0.8249595165252686,1238.07666015625,178.9691619873047,0.9982578158378601,1169.7435302734375,170.0194091796875,0.9986231327056885,1248.3233642578125,241.69461059570312,0.983359158039093,1136.8310546875,223.86122131347656,0.9879607558250427,1246.7598876953125,295.9508361816406,0.9689410328865051,1128.2884521484375,279.5616760253906,0.9744686484336853,1206.7095947265625,292.196044921875,0.998970627784729,1162.842529296875,287.58740234375,0.9990593791007996,1193.755859375,371.4595642089844,0.9970843195915222,1152.5509033203125,367.4631042480469,0.9971627593040466,1180.441650390625,447.24371337890625,0.9876636862754822,1142.1307373046875,443.754638671875,0.9876339435577393
75,True,1211.8685302734375,139.86666870117188,0.9857423305511475,1219.781005859375,133.35684204101562,0.9614377617835999,1205.836181640625,131.47805786132812,0.9687398672103882,1229.4130859375,135.74708557128906,0.7524828314781189,1192.89501953125,130.85324096679688,0.8079329133033752,1238.1141357421875,178.78427124023438,0.9982733726501465,1168.865966796875,171.0623016357422,0.998516857624054,1248.0732421875,240.83441162109375,0.9836332201957703,1135.8701171875,226.075439453125,0.986335277557373,1246.572998046875,294.80853271484375,0.9691351652145386,1128.1986083984375,281.06927490234375,0.9717813730239868,1207.050537109375,291.5611877441406,0.9989784955978394,1162.5867919921875,287.509521484375,0.9990264177322388,1194.6204833984375,370.90667724609375,0.9972622394561768,1152.46875,367.6529541015625,0.9972209930419922,1180.9656982421875,446.48614501953125,0.9887402653694153,1141.705322265625,444.0809326171875,0.9883744716644287
76,True,1212.773681640625,139.19186401367188,0.9852801561355591,1220.572265625,132.7745819091797,0.9572063684463501,1206.66162109375,130.79208374023438,0.9702733755111694,1229.557373046875,135.53817749023438,0.7213979363441467,1193.1702880859375,130.3524932861328,0.8276633620262146,1237.706787109375,179.08314514160156,0.9981556534767151,1168.300537109375,170.80206298828125,0.998604953289032,1247.7310791015625,240.740478515625,0.9816067218780518,1134.974853515625,225.3555450439453,0.9876526594161987,1246.6732177734375,292.560302734375,0.9662280082702637,1127.870361328125,279.3708801269531,0.9736364483833313,1206.4083251953125,291.799560546875,0.9989914298057556,1161.8662109375,287.5983581542969,0.999098539352417,1193.69580078125,371.36480712890625,0.9973891377449036,1151.693603515625,367.93890380859375,0.9975263476371765,1179.6822509765625,446.7049255371094,0.9895839095115662,1140.6484375,444.13726806640625,0.9897549748420715
77,True,1212.19091796875,139.1873016357422,0.9854830503463745,1220.17919921875,132.87147521972656,0.9587633609771729,1206.23291015625,130.84588623046875,0.9699638485908508,1229.7403564453125,135.92086791992188,0.7329394817352295,1193.2802734375,130.6131591796875,0.8196915984153748,1237.4093017578125,179.5514373779297,0.9980611205101013,1168.89111328125,170.73684692382812,0.9985244870185852,1245.599853515625,240.7166290283203,0.9800523519515991,1135.2918701171875,224.2990264892578,0.986533522605896,1245.0517578125,292.293701171875,0.9635217189788818,1128.2601318359375,278.9265441894531,0.9714480042457581,1205.458740234375,291.6776428222656,0.9988948702812195,1161.3648681640625,287.1607971191406,0.9990130662918091,1193.4464111328125,370.822998046875,0.997199296951294,1151.3653564453125,367.00006103515625,0.997356653213501,1179.8270263671875,446.447509765625,0.9891223311424255,1139.8837890625,443.3575439453125,0.989329993724823
78,True,1211.159912109375,141.43028259277344,0.9854171872138977,1219.3121337890625,135.16488647460938,0.9602137804031372,1205.3577880859375,133.0110626220703,0.9685879349708557,1229.246826171875,137.78855895996094,0.7452372312545776,1192.6134033203125,132.1504669189453,0.80668044090271,1237.023681640625,180.5548553466797,0.9981118440628052,1167.8968505859375,171.35342407226562,0.998450756072998,1244.9879150390625,241.10179138183594,0.9814847707748413,1133.6292724609375,224.1521759033203,0.9857528805732727,1243.854736328125,291.9163818359375,0.9657671451568604,1125.812255859375,278.77130126953125,0.9705167412757874,1204.7347412109375,293.3155212402344,0.9988986253738403,1160.16015625,288.61407470703125,0.9989778995513916,1192.3568115234375,372.424560546875,0.9971302151679993,1149.62060546875,368.3861389160156,0.9971657395362854,1178.797607421875,446.4172668457031,0.9886668920516968,1138.10498046875,442.99041748046875,0.9885100722312927
79,True,1210.1524658203125,142.5734100341797,0.9853002429008484,1218.4376220703125,136.36622619628906,0.9594240188598633,1204.265869140625,133.97637939453125,0.9685057401657104,1228.4453125,139.039794921875,0.7393808364868164,1191.3258056640625,132.8436279296875,0.8066460490226746,1236.052490234375,182.1111602783203,0.9980989098548889,1166.5052490234375,171.03201293945312,0.9984408020973206,1243.6484375,243.40878295898438,0.9819905161857605,1132.203857421875,223.47598266601562,0.9862371683120728,1242.4169921875,293.41815185546875,0.9670615196228027,1124.2877197265625,281.7278137207031,0.9717752933502197,1202.549560546875,294.66815185546875,0.998893678188324,1157.5634765625,289.07965087890625,0.9989744424819946,1191.3021240234375,373.5929260253906,0.9970355033874512,1147.9853515625,368.22698974609375,0.9970792531967163,1179.2366943359375,447.86175537109375,0.9881122708320618,1138.1678466796875,442.43792724609375,0.9879572987556458
80,True,1210.970458984375,144.3668670654297,0.983107328414917,1218.984619140625,137.3741455078125,0.9419295787811279,1204.827880859375,134.86927795410156,0.9715074300765991,1226.2822265625,139.2099609375,0.6441569328308105,1189.496826171875,132.7693634033203,0.8682036399841309,1230.521484375,183.04592895507812,0.9982485771179199,1162.93115234375,174.0260467529297,0.9991279244422913,1240.114990234375,243.41268920898438,0.9790809750556946,1132.5772705078125,230.46739196777344,0.9923927783966064,1238.470947265625,294.6453857421875,0.9624145030975342,1126.1881103515625,287.4263610839844,0.9804390668869019,1201.1865234375,296.43450927734375,0.9992465972900391,1157.4384765625,292.1015625,0.9994326233863831,1189.7548828125,374.1385803222656,0.9978430271148682,1145.8079833984375,370.1098937988281,0.9983135461807251,1181.0609130859375,447.3487243652344,0.9918845891952515,1140.68505859375,444.87152099609375,0.9931824803352356
81,True,1206.067138671875,145.6123809814453,0.9842066764831543,1214.7652587890625,138.93792724609375,0.9536669254302979,1200.7169189453125,136.05276489257812,0.966301679611206,1224.6220703125,141.2562255859375,0.7318302989006042,1187.683349609375,133.89706420898438,0.81705641746521,1230.088134765625,184.69708251953125,0.9985948204994202,1162.3958740234375,174.27452087402344,0.9990849494934082,1239.0250244140625,244.0381622314453,0.9847502708435059,1132.097412109375,229.01577758789062,0.9913455247879028,1237.14990234375,295.6385192871094,0.9711071252822876,1125.370361328125,287.8602294921875,0.9793028235435486,1200.162841796875,296.6476135253906,0.9993638396263123,1156.2474365234375,291.51190185546875,0.9994550347328186,1189.527587890625,373.181396484375,0.9981497526168823,1145.360107421875,368.1643981933594,0.9983477592468262,1181.5880126953125,445.9515380859375,0.9926756024360657,1141.2086181640625,442.10003662109375,0.9932449460029602
82,True,1206.2589111328125,148.01478576660156,0.9777968525886536,1214.197509765625,141.2508544921875,0.9301775097846985,1200.6611328125,138.95458984375,0.956046462059021,1223.36083984375,143.29559326171875,0.6561024188995361,1187.286865234375,137.44541931152344,0.8070538640022278,1229.493408203125,186.07159423828125,0.9983495473861694,1162.761962890625,177.18896484375,0.999047577381134,1238.24755859375,246.36981201171875,0.9841398000717163,1132.5555419921875,233.1478729248047,0.9927393794059753,1237.5626220703125,297.9534606933594,0.9710256457328796,1125.631591796875,291.66900634765625,0.9823064208030701,1200.83447265625,296.421142578125,0.9994496703147888,1157.4383544921875,291.9643249511719,0.9995561242103577,1191.4354248046875,372.56231689453125,0.9985034465789795,1146.3433837890625,368.1616516113281,0.9987529516220093,1184.259033203125,444.9049072265625,0.9942371845245361,1141.456298828125,441.6898498535156,0.9949477910995483
83,True,1209.7596435546875,149.5610809326172,0.9843813180923462,1217.150634765625,142.9697265625,0.9497877359390259,1203.1636962890625,140.93341064453125,0.9718575477600098,1224.280517578125,144.58184814453125,0.6708967089653015,1187.988525390625,139.32476806640625,0.8564038872718811,1231.8272705078125,187.54318237304688,0.9981980919837952,1162.262451171875,177.55960083007812,0.998747706413269,1240.6495361328125,250.44949340820312,0.9833148717880249,1129.867919921875,232.02392578125,0.9902353882789612,1236.9517822265625,303.317626953125,0.9698428511619568,1123.006103515625,292.54150390625,0.9787185192108154,1203.0118408203125,300.1622009277344,0.9990440011024475,1157.4483642578125,295.3392333984375,0.9991760849952698,1196.20703125,378.3353576660156,0.9972242116928101,1146.6639404296875,373.46356201171875,0.9974702596664429,1190.7734375,451.4967956542969,0.9884039163589478,1140.5595703125,446.36944580078125,0.988868236541748
84,True,1210.9713134765625,155.4729461669922,0.9857402443885803,1219.388671875,148.73614501953125,0.9612877368927002,1204.780029296875,146.57791137695312,0.9685641527175903,1229.065185546875,151.01937866210938,0.7490394115447998,1191.624267578125,145.45294189453125,0.8062313795089722,1235.166748046875,194.2591552734375,0.9983920454978943,1167.671142578125,184.26512145996094,0.9985612034797668,1240.88525390625,257.0728454589844,0.986289381980896,1135.427001953125,239.6073760986328,0.9875360131263733,1242.0394287109375,306.4869384765625,0.9739432334899902,1126.875,298.2643737792969,0.9744175672531128,1206.0338134765625,305.8833923339844,0.9990313053131104,1161.31640625,300.79644775390625,0.9990522265434265,1201.056396484375,388.0283203125,0.9970018267631531,1149.053466796875,382.7373046875,0.9968716502189636,1198.1956787109375,470.2529296875,0.9865192770957947,1140.8095703125,464.1983642578125,0.9857839345932007
85,True,1218.1307373046875,158.62783813476562,0.9849558472633362,1226.27685546875,151.84437561035156,0.9568513631820679,1211.5050048828125,149.32473754882812,0.9723632335662842,1233.550048828125,153.455078125,0.6878074407577515,1195.7705078125,146.96920776367188,0.8402581214904785,1238.1678466796875,197.39735412597656,0.9978529214859009,1169.064697265625,185.5045623779297,0.9982484579086304,1243.82373046875,259.94830322265625,0.9828492999076843,1137.1240234375,240.42160034179688,0.9863675236701965,1244.5682373046875,310.9345703125,0.9694498777389526,1130.8289794921875,305.7620544433594,0.9726646542549133,1211.717041015625,312.6844177246094,0.9988390803337097,1165.5970458984375,306.81939697265625,0.998904824256897,1206.46923828125,395.86688232421875,0.9969948530197144,1149.681884765625,389.3231201171875,0.9969512224197388,1206.0909423828125,476.46563720703125,0.9873551726341248,1142.01953125,468.36749267578125,0.9869308471679688
86,True,1223.4925537109375,165.32980346679688,0.9856405258178711,1232.5565185546875,158.46954345703125,0.957491397857666,1217.9873046875,155.86578369140625,0.9666334986686707,1244.4261474609375,161.31541442871094,0.7352403998374939,1205.7890625,154.4677276611328,0.7923181056976318,1250.23046875,206.21612548828125,0.9981213212013245,1182.212646484375,194.31939697265625,0.9989583492279053,1252.808837890625,268.6735534667969,0.9797915816307068,1148.2103271484375,250.99917602539062,0.991310715675354,1249.4442138671875,321.31817626953125,0.9648511409759521,1140.7891845703125,320.2004089355469,0.9796019792556763,1221.5089111328125,321.6014404296875,0.9991082549095154,1176.1551513671875,315.454833984375,0.9993022680282593,1211.638916015625,401.5712585449219,0.9973865151405334,1158.943603515625,394.7232666015625,0.9978829026222229,1205.6805419921875,480.79248046875,0.9890643954277039,1150.33837890625,474.3653564453125,0.9907200336456299
87,True,1233.0302734375,172.67454528808594,0.9852342009544373,1242.4500732421875,165.80918884277344,0.950417697429657,1227.5550537109375,162.45794677734375,0.9717080593109131,1252.7352294921875,168.26637268066406,0.6661906838417053,1213.75537109375,159.43743896484375,0.8393465280532837,1255.03173828125,212.53834533691406,0.9975274205207825,1187.999755859375,199.4487762451172,0.9989137649536133,1258.634765625,275.04498291015625,0.9703918695449829,1155.9969482421875,257.2235107421875,0.9912125468254089,1252.771484375,326.5647888183594,0.9517372250556946,1147.185302734375,324.9971008300781,0.9783913493156433,1225.265380859375,327.5177001953125,0.998753547668457,1180.35546875,321.1824035644531,0.9991262555122375,1214.107421875,406.97088623046875,0.9963997602462769,1161.5133056640625,400.3611145019531,0.9973925352096558,1207.883544921875,484.77484130859375,0.9860711693763733,1152.263916015625,479.23358154296875,0.9890822172164917
88,True,1247.310791015625,172.62359619140625,0.9855861067771912,1256.4254150390625,166.55764770507812,0.9577683210372925,1240.95458984375,162.66439819335938,0.9730491638183594,1265.10302734375,170.62734985351562,0.7129489779472351,1225.7186279296875,160.8300018310547,0.8460730910301208,1267.67626953125,217.15121459960938,0.9981070756912231,1200.4503173828125,199.8167724609375,0.9987635612487793,1267.0390625,279.92120361328125,0.978712797164917,1171.147216796875,253.65811157226562,0.9878407120704651,1264.8642578125,333.8538818359375,0.9608328342437744,1163.360595703125,326.1998291015625,0.9718766808509827,1235.4912109375,332.09576416015625,0.9989039897918701,1189.6385498046875,323.0707702636719,0.9990678429603577,1227.584228515625,407.23443603515625,0.9969428181648254,1168.0089111328125,397.382080078125,0.9972423315048218,1214.9698486328125,480.6353759765625,0.9888549447059631,1146.0595703125,469.03570556640625,0.9895454049110413
89,True,1261.98974609375,177.28369140625,0.9832168817520142,1270.97119140625,171.38397216796875,0.9489931464195251,1255.344970703125,167.82421875,0.9674233198165894,1280.1663818359375,175.95480346679688,0.6788232326507568,1239.3092041015625,167.00732421875,0.8211068511009216,1284.291259765625,222.77064514160156,0.9979318380355835,1212.300537109375,206.14688110351562,0.9987572431564331,1286.0137939453125,287.122314453125,0.9814336895942688,1179.2325439453125,262.5985107421875,0.9907830357551575,1284.7791748046875,342.3688659667969,0.9681031703948975,1173.536376953125,337.6109619140625,0.9792194962501526,1247.899658203125,342.2010498046875,0.999114453792572,1199.1175537109375,333.03912353515625,0.9992771744728088,1237.7596435546875,418.01824951171875,0.9976068735122681,1179.15185546875,408.24072265625,0.997945249080658,1215.2225341796875,486.3507385253906,0.9903479814529419,1150.379638671875,475.01226806640625,0.9913517236709595
90,True,1270.3011474609375,180.42672729492188,0.9817719459533691,1279.310546875,174.59701538085938,0.9388061761856079,1263.762451171875,170.6693572998047,0.9660065770149231,1288.745849609375,179.51577758789062,0.6284094452857971,1247.5914306640625,169.5003662109375,0.8236731886863708,1292.9195556640625,227.7172393798828,0.9977039694786072,1219.198486328125,208.55191040039062,0.998870313167572,1296.180908203125,295.19244384765625,0.9794995188713074,1183.663818359375,264.8169250488281,0.9927564263343811,1298.912109375,352.90191650390625,0.9665907621383667,1178.541259765625,337.25341796875,0.9831318855285645,1253.7369384765625,346.9080810546875,0.9991554021835327,1204.0364990234375,336.7435302734375,0.999377965927124,1243.7371826171875,426.760986328125,0.9975971579551697,1186.905517578125,416.28997802734375,0.998167872428894,1213.1746826171875,493.85577392578125,0.9899665117263794,1151.7928466796875,481.97515869140625,0.9917850494384766
91,True,1275.107177734375,181.43394470214844,0.9842090010643005,1283.9613037109375,175.55657958984375,0.9426781535148621,1268.789794921875,171.7213897705078,0.9716057777404785,1292.374267578125,180.9884033203125,0.6234425902366638,1252.6279296875,171.09393310546875,0.854341983795166,1295.787353515625,229.08750915527344,0.9980341792106628,1221.8125,212.35101318359375,0.9991004467010498,1303.5341796875,295.324462890625,0.9817270040512085,1184.357666015625,270.0303955078125,0.9942049384117126,1308.5823974609375,354.6922302246094,0.969795823097229,1180.0540771484375,338.587158203125,0.98583984375,1258.0634765625,349.62969970703125,0.9992449283599854,1208.9866943359375,341.11529541015625,0.9994599223136902,1245.409423828125,433.1386413574219,0.997563362121582,1194.18408203125,425.0684509277344,0.9981895089149475,1212.5140380859375,505.7750244140625,0.9886565208435059,1160.83349609375,497.37042236328125,0.9909030795097351
92,True,1279.1556396484375,188.57020568847656,0.9877930283546448,1289.2886962890625,182.65708923339844,0.9602628946304321,1273.703857421875,178.38894653320312,0.9743014574050903,1300.965087890625,189.213623046875,0.7163074016571045,1260.366455078125,178.14013671875,0.8287219405174255,1305.37353515625,238.93795776367188,0.9980719089508057,1229.0946044921875,223.25457763671875,0.998769223690033,1317.693115234375,309.35858154296875,0.983564019203186,1187.7655029296875,284.3355712890625,0.9918516278266907,1320.900634765625,375.037841796875,0.9698985815048218,1175.7967529296875,358.0523681640625,0.9808977246284485,1257.809814453125,368.238525390625,0.9983869791030884,1210.3525390625,360.9891357421875,0.9986874461174011,1231.947509765625,461.3414611816406,0.9894108176231384,1207.301025390625,455.63555908203125,0.9906399250030518,1192.43798828125,541.401123046875,0.9324538111686707,1185.790771484375,537.0537719726562,0.9369049072265625
93,True,1283.39794921875,196.70602416992188,0.9849957823753357,1294.55615234375,190.00753784179688,0.938687264919281,1278.2578125,185.72930908203125,0.9746398329734802,1306.8629150390625,195.58534240722656,0.5833542943000793,1264.1029052734375,184.29908752441406,0.8517211079597473,1307.5838623046875,244.1864013671875,0.9967708587646484,1230.13623046875,230.68417358398438,0.9990382194519043,1319.099365234375,313.5634765625,0.9636449217796326,1187.755859375,296.10052490234375,0.9945753812789917,1321.124755859375,380.54205322265625,0.9471043944358826,1177.58935546875,368.4244384765625,0.9854587316513062,1260.50146484375,378.01556396484375,0.9984861016273499,1212.051513671875,371.4923400878906,0.9991447925567627,1234.1904296875,474.814453125,0.9928267002105713,1209.8270263671875,470.076171875,0.9958643913269043,1197.8800048828125,557.62109375,0.9627925157546997,1194.38037109375,556.370849609375,0.9749646782875061
94,True,1290.620361328125,209.6443634033203,0.9863991737365723,1302.0040283203125,202.58840942382812,0.9382138848304749,1285.26904296875,197.66404724121094,0.979361355304718,1311.6329345703125,207.07461547851562,0.5458071231842041,1268.379150390625,193.88951110839844,0.8835323452949524,1311.23193359375,254.48797607421875,0.9969786405563354,1231.14208984375,240.61578369140625,0.9989913105964661,1323.9139404296875,331.4582214355469,0.9752541780471802,1188.3544921875,309.77703857421875,0.9957950115203857,1323.810302734375,402.34039306640625,0.9633480906486511,1175.2125244140625,376.1334228515625,0.9892982244491577,1266.3477783203125,383.63275146484375,0.9982413053512573,1216.9873046875,378.26873779296875,0.9989608526229858,1235.060302734375,484.19781494140625,0.9891959428787231,1214.7501220703125,481.17449951171875,0.9931118488311768,1218.258056640625,574.82177734375,0.9249933958053589,1221.171142578125,576.6654052734375,0.9436736702919006
95,True,1291.1253662109375,208.14892578125,0.9870302081108093,1302.6552734375,201.25067138671875,0.9471419453620911,1285.506103515625,196.7490692138672,0.9756318926811218,1314.287353515625,208.2659454345703,0.6274229884147644,1270.0150146484375,196.5307159423828,0.8466138243675232,1315.802734375,259.39263916015625,0.9977700710296631,1234.7208251953125,245.54385375976562,0.999058187007904,1326.8824462890625,337.3724060058594,0.9841861128807068,1188.9373779296875,313.2998352050781,0.9960422515869141,1322.5999755859375,406.9236145019531,0.974956214427948,1171.5855712890625,379.25738525390625,0.9903501272201538,1265.254638671875,388.2496337890625,0.9986240863800049,1215.468994140625,382.4256591796875,0.9990862607955933,1235.8221435546875,487.1223449707031,0.9901313781738281,1219.2783203125,483.536376953125,0.9929065704345703,1211.161376953125,576.2236328125,0.9223450422286987,1221.267822265625,576.894775390625,0.9368047714233398
96,True,1297.173095703125,219.03048706054688,0.9838058948516846,1307.402099609375,211.4308319091797,0.93882155418396,1291.30419921875,208.00277709960938,0.9708837270736694,1318.83251953125,214.02874755859375,0.5973935723304749,1275.950927734375,205.15631103515625,0.8267055749893188,1324.3995361328125,261.35406494140625,0.9971404075622559,1241.3505859375,252.06019592285156,0.9988211989402771,1332.819091796875,341.2601623535156,0.9782456159591675,1193.518310546875,325.18707275390625,0.9946115016937256,1323.705322265625,410.4187316894531,0.9660684466362,1175.78759765625,389.27471923828125,0.9869440793991089,1276.391357421875,392.9215393066406,0.998478353023529,1224.7913818359375,388.6480407714844,0.9989952445030212,1253.965087890625,490.59228515625,0.9916723370552063,1225.303955078125,488.8472900390625,0.9941447377204895,1220.048828125,581.9327392578125,0.9462151527404785,1211.5374755859375,584.8170776367188,0.9572970271110535
97,True,1308.96875,225.61636352539062,0.9834578037261963,1318.3013916015625,217.65838623046875,0.9307675957679749,1300.718017578125,214.59197998046875,0.9770694375038147,1324.8485107421875,220.04476928710938,0.5077820420265198,1279.260986328125,212.20037841796875,0.8872949481010437,1327.889892578125,268.5894470214844,0.9972844123840332,1243.503173828125,259.92431640625,0.9989299178123474,1337.554931640625,347.02825927734375,0.9770395755767822,1198.563232421875,332.749267578125,0.9943699240684509,1333.0394287109375,416.439453125,0.9635518193244934,1183.35009765625,399.4463195800781,0.9857836961746216,1284.611328125,406.1610107421875,0.9987626075744629,1231.1578369140625,402.36346435546875,0.9991739392280579,1263.9442138671875,503.1893310546875,0.994170069694519,1227.8753662109375,501.46875,0.9958019852638245,1226.0972900390625,585.9735717773438,0.9674971103668213,1205.5010986328125,587.2468872070312,0.9738777279853821
98,True,1314.529296875,233.21484375,0.9788767695426941,1324.5269775390625,225.388671875,0.9265718460083008,1306.6318359375,221.669189453125,0.9670001268386841,1333.316162109375,227.00596618652344,0.5348214507102966,1286.1856689453125,217.70741271972656,0.8331897854804993,1338.291748046875,276.7962646484375,0.997374415397644,1252.6368408203125,263.81134033203125,0.9987391829490662,1344.040771484375,353.96832275390625,0.9770814776420593,1211.7958984375,336.3759765625,0.9918707609176636,1339.133056640625,420.0611572265625,0.9618357419967651,1196.728759765625,416.26031494140625,0.9801208972930908,1296.0784912109375,424.40643310546875,0.9992246627807617,1239.659423828125,417.6222839355469,0.999422550201416,1282.9888916015625,513.77978515625,0.9976555109024048,1226.789794921875,507.4822082519531,0.9981411695480347,1257.781982421875,593.7509765625,0.990270733833313,1203.951416015625,588.3909912109375,0.9917027354240417
99,True,1318.07470703125,240.17880249023438,0.9782309532165527,1328.82958984375,233.93185424804688,0.9281187057495117,1312.3721923828125,228.1412353515625,0.937917947769165,1340.587890625,232.60386657714844,0.7000471949577332,1295.0933837890625,218.1710205078125,0.7584536671638489,1350.14013671875,286.0639953613281,0.9959661960601807,1258.7781982421875,265.470458984375,0.9971235394477844,1347.6746826171875,369.0411071777344,0.9791761636734009,1221.3851318359375,345.5711669921875,0.9841349720954895,1340.672119140625,434.9153137207031,0.9654370546340942,1216.9981689453125,433.27685546875,0.9714643359184265,1297.66064453125,434.8147888183594,0.998431384563446,1237.93701171875,421.49285888671875,0.9983709454536438,1287.8248291015625,536.396240234375,0.9966919422149658,1217.4036865234375,511.6893310546875,0.9963911175727844,1259.062744140625,629.8079833984375,0.9856249690055847,1208.67333984375,604.0648803710938,0.9850598573684692
100,True,1339.518310546875,252.17242431640625,0.9681135416030884,1346.869140625,245.3360595703125,0.8378617167472839,1331.86767578125,241.34706115722656,0.9408361315727234,0.0,0.0,0.4102879464626312,1305.351318359375,234.65484619140625,0.8423242568969727,1359.5496826171875,300.0013427734375,0.9925432205200195,1269.059814453125,281.9608459472656,0.997589111328125,1350.2860107421875,379.9040222167969,0.9671237468719482,1225.11962890625,360.9039001464844,0.9919678568840027,1343.3251953125,448.8674011230469,0.9593607187271118,1228.581787109375,442.2967529296875,0.9861454963684082,1302.7755126953125,443.16583251953125,0.9977025389671326,1243.966796875,428.7806396484375,0.9983521699905396,1294.90673828125,553.9285888671875,0.994955837726593,1225.9381103515625,519.6947021484375,0.9961712956428528,1269.27880859375,660.8684692382812,0.9793319702148438,1217.0584716796875,614.1901245117188,0.9827728271484375
101,True,1348.14892578125,263.5815124511719,0.9771058559417725,1356.48681640625,255.42599487304688,0.8580684065818787,1340.4014892578125,251.3133087158203,0.9637391567230225,0.0,0.0,0.43454626202583313,1313.2789306640625,244.4105987548828,0.9150586724281311,1365.3896484375,306.688232421875,0.9953833222389221,1279.3277587890625,290.2707824707031,0.9991162419319153,1358.7132568359375,388.3426208496094,0.9666473269462585,1241.745361328125,371.8891296386719,0.9963704347610474,1350.565185546875,463.2122497558594,0.9412421584129333,1236.248291015625,458.12109375,0.9889237284660339,1312.732421875,452.17071533203125,0.9987665414810181,1255.7626953125,438.74908447265625,0.9993488192558289,1303.1671142578125,558.5314331054688,0.9955295920372009,1230.31884765625,529.773681640625,0.9975326061248779,1267.120849609375,660.017822265625,0.97596275806427,1218.072265625,622.9555053710938,0.9837905764579773
