frame,joint1_x,joint1_y,joint2_x,joint2_y,joint3_x,joint3_y,joint4_x,joint4_y,joint5_x,joint5_y,joint6_x,joint6_y,joint7_x,joint7_y,joint8_x,joint8_y,joint9_x,joint9_y,joint10_x,joint10_y,joint11_x,joint11_y,joint12_x,joint12_y,joint13_x,joint13_y,joint14_x,joint14_y,joint15_x,joint15_y,joint16_x,joint16_y,joint17_x,joint17_y
0,0.0,0.0,0.0,0.0,0.0,0.0,1070.376220703125,314.68768310546875,0.0,0.0,1039.254638671875,392.3384704589844,1156.6668701171875,395.5251159667969,1011.4151611328124,484.6903381347656,1179.202880859375,491.2951354980469,1009.5518188476562,552.5505981445312,1173.32421875,554.7579345703125,1052.639892578125,568.193603515625,1129.546875,572.5943603515625,1066.9178466796875,667.9838256835938,1110.319580078125,689.3241577148438,1081.546142578125,770.2796630859375,1088.5169677734375,802.738037109375
1,0.0,0.0,0.0,0.0,0.0,0.0,1068.4344482421875,309.0314025878906,0.0,0.0,1037.892333984375,386.37158203125,1155.8988037109375,390.1845703125,1010.4642944335938,476.7637939453125,1178.247314453125,486.6654968261719,1008.48876953125,542.0698852539062,1170.9893798828125,548.77734375,1050.63623046875,563.07373046875,1128.63916015625,567.986572265625,1064.23583984375,661.3225708007812,1111.487548828125,684.8840942382812,1080.298828125,764.7251586914062,1093.3780517578125,800.7030029296875
2,0.0,0.0,0.0,0.0,0.0,0.0,1065.154052734375,304.4640808105469,0.0,0.0,1035.255126953125,376.7258605957031,1151.64306640625,383.1886596679688,1004.5164794921876,462.0125427246094,1169.8095703125,480.466552734375,1006.7216186523438,525.5692749023438,1162.3531494140625,537.6014404296875,1044.1656494140625,549.1022338867188,1122.614013671875,554.3978271484375,1055.9384765625,642.2283325195312,1112.1197509765625,663.3047485351562,1067.5396728515625,741.7567749023438,1099.5093994140625,770.1901245117188
3,0.0,0.0,0.0,0.0,0.0,0.0,1060.0902099609375,296.95050048828125,0.0,0.0,1036.8787841796875,368.8044738769531,1147.18896484375,369.5941162109375,1002.1239624023438,451.1656799316406,1162.2509765625,465.2166137695313,1007.1505737304688,509.7080383300781,1158.136962890625,519.82421875,1043.1234130859375,533.7350463867188,1118.312744140625,533.4108276367188,1050.4620361328125,632.195556640625,1109.61181640625,634.2472534179688,1059.400390625,734.5777587890625,1105.9827880859375,733.5767211914062
4,0.0,0.0,0.0,0.0,0.0,0.0,1056.5948486328125,287.8431091308594,0.0,0.0,1037.66162109375,358.4750061035156,1145.126220703125,359.8454895019531,1000.5758056640624,431.7089538574219,1159.5538330078125,455.5048828125,1002.4175415039062,482.2339782714844,1153.0892333984375,510.100830078125,1044.42919921875,524.6751708984375,1117.495849609375,521.9424438476562,1050.8126220703125,626.3124389648438,1110.0570068359375,616.10498046875,1057.10595703125,730.3788452148438,1109.69384765625,709.5322875976562
5,0.0,0.0,0.0,0.0,0.0,0.0,1054.2850341796875,280.50909423828125,0.0,0.0,1036.739501953125,352.638916015625,1143.5250244140625,351.72821044921875,998.9711303710938,424.87933349609375,1154.81787109375,447.6255187988281,1004.9798583984376,465.158935546875,1148.7476806640625,494.7219848632813,1042.3004150390625,514.1519165039062,1114.5992431640625,509.1437377929688,1050.060791015625,616.0995483398438,1106.1943359375,598.2760620117188,1056.6177978515625,722.5052490234375,1103.421630859375,690.2847290039062
6,0.0,0.0,0.0,0.0,0.0,0.0,1057.163818359375,274.2255249023437,1112.49169921875,272.7447204589844,1034.7579345703125,342.2773132324219,1141.326904296875,339.4970703125,998.28662109375,421.7573852539063,1154.06640625,429.9743347167969,999.6953125,447.0638122558594,1137.00927734375,490.4244995117188,1045.349853515625,501.9055480957031,1114.7352294921875,499.5587158203125,1051.2755126953125,606.3329467773438,1093.6810302734375,603.380859375,1058.366455078125,704.937255859375,1078.8289794921875,699.96044921875
7,0.0,0.0,0.0,0.0,0.0,0.0,1060.3212890625,269.0798034667969,0.0,0.0,1040.935791015625,335.147216796875,1139.885009765625,334.8276672363281,1003.2702026367188,414.3049011230469,1151.4398193359375,424.8059997558594,996.9823608398438,445.1427917480469,1132.8936767578125,484.6031188964844,1049.2734375,493.1556091308594,1112.3408203125,491.162109375,1051.970703125,606.688720703125,1078.3260498046875,604.80029296875,1061.78125,710.0196533203125,1059.2352294921875,706.568115234375
8,0.0,0.0,0.0,0.0,0.0,0.0,1061.8515625,259.05743408203125,0.0,0.0,1044.82470703125,325.2748107910156,1142.45947265625,325.1938171386719,1007.0479125976562,399.3661193847656,1149.1954345703125,418.9360046386719,999.3975219726562,453.4166870117188,1136.9498291015625,471.2201843261719,1045.223876953125,481.3020935058594,1109.2410888671875,477.0942077636719,1050.027099609375,589.3569946289062,1087.6021728515625,578.571533203125,1061.3214111328125,701.3840942382812,1070.1595458984375,679.0851440429688
9,0.0,0.0,0.0,0.0,0.0,0.0,1064.174072265625,247.29409790039065,0.0,0.0,1047.7032470703125,312.60845947265625,1145.802490234375,310.568115234375,1011.5198974609376,389.4083251953125,1151.0784912109375,400.7638549804688,1004.4613037109376,447.1923522949219,1130.719482421875,450.8596801757813,1051.883056640625,467.30950927734375,1116.572998046875,463.6178588867188,1054.8243408203125,567.7864379882812,1090.5736083984375,561.2086791992188,1059.290771484375,676.7979125976562,1071.444580078125,658.8663940429688
10,0.0,0.0,0.0,0.0,0.0,0.0,1066.843505859375,242.2599029541016,0.0,0.0,1047.59619140625,304.8131408691406,1141.853271484375,305.7539978027344,1015.48974609375,386.2964477539063,1153.4012451171875,387.5502624511719,1005.1509399414062,445.3704833984375,1123.71533203125,439.6090393066406,1054.0350341796875,460.2100830078125,1116.1427001953125,459.5575866699219,1051.7774658203125,552.8953857421875,1091.3203125,554.8714599609375,1059.5655517578125,644.6398315429688,1078.5206298828125,647.0015258789062
11,0.0,0.0,0.0,0.0,0.0,0.0,1063.9114990234375,233.6629943847656,0.0,0.0,1043.461669921875,298.8172607421875,1139.021240234375,295.9028625488281,1021.1973266601562,384.8140869140625,1151.4715576171875,379.18597412109375,1012.8495483398438,441.4805908203125,0.0,0.0,1049.7000732421875,450.6083679199219,1114.2205810546875,449.9183349609375,1047.859619140625,538.8181762695312,1091.105224609375,548.3822631835938,1055.1915283203125,631.8726196289062,1074.439453125,644.4525756835938
12,0.0,0.0,0.0,0.0,0.0,0.0,1062.6937255859375,224.79144287109372,0.0,0.0,1041.42578125,286.6727294921875,1131.0872802734375,286.1177062988281,1021.2405395507812,371.99212646484375,1145.61279296875,365.6787414550781,1014.3422241210938,433.5015563964844,0.0,0.0,1047.5198974609375,437.2959899902344,1109.9901123046875,439.8340148925781,1040.2130126953125,519.3291015625,1090.9136962890625,541.9808959960938,1038.282958984375,606.9058837890625,1076.4393310546875,640.7965087890625
13,0.0,0.0,0.0,0.0,0.0,0.0,1057.1641845703125,220.66571044921875,0.0,0.0,1034.3228759765625,282.0693054199219,1122.125244140625,280.9171142578125,1014.83056640625,366.4244384765625,1138.985107421875,356.0328369140625,1009.7338256835938,428.4364013671875,0.0,0.0,1045.0450439453125,431.35638427734375,1106.8326416015625,435.7144775390625,1035.765625,508.87353515625,1087.9375,539.5167846679688,1029.985107421875,589.0625610351562,1075.332275390625,638.8848876953125
14,0.0,0.0,0.0,0.0,0.0,0.0,1042.27734375,218.1168365478516,0.0,0.0,1026.635498046875,276.3876647949219,1113.628173828125,276.7992553710937,1003.2799072265624,351.36651611328125,1128.6395263671875,348.9517822265625,996.0189208984376,413.4992370605469,1099.3458251953125,391.9041137695313,1034.3853759765625,421.3087768554688,1093.44775390625,420.7656555175781,1025.3704833984375,516.1107788085938,1079.289794921875,518.8856811523438,1027.8897705078125,598.1708374023438,1073.39404296875,602.1253051757812
15,0.0,0.0,0.0,0.0,0.0,0.0,1033.0338134765625,211.8972930908203,0.0,0.0,1019.806884765625,269.5457458496094,1106.2315673828125,269.27838134765625,998.2922973632812,341.7838439941406,1120.9652099609375,343.13787841796875,990.9266967773438,397.64739990234375,1089.8837890625,393.5041198730469,1028.712158203125,412.5998229980469,1087.2198486328125,411.5919799804688,1023.0392456054688,505.46624755859375,1073.2227783203125,506.940673828125,1026.8880615234375,586.884765625,1068.80126953125,589.0159301757812
16,0.0,0.0,0.0,0.0,0.0,0.0,1026.473388671875,207.0147857666016,0.0,0.0,1014.4525146484376,264.7445373535156,1099.5498046875,263.3884582519531,987.2605590820312,340.99298095703125,1114.646484375,339.4197692871094,980.1732788085938,393.8395690917969,1091.026123046875,388.0267639160156,1023.0745239257812,406.836669921875,1080.8876953125,405.1301879882813,1020.1058959960938,502.2646179199219,1069.3701171875,502.4781188964844,1028.3673095703125,586.1588134765625,1068.9017333984375,587.94140625
17,0.0,0.0,0.0,0.0,0.0,0.0,1018.1694946289062,204.6557464599609,0.0,0.0,1006.3993530273438,260.2145080566406,1090.17919921875,256.67431640625,981.7088623046876,330.41717529296875,1107.0552978515625,329.7216186523437,975.668701171875,384.6676940917969,1090.1334228515625,389.6453247070313,1017.3001098632812,392.9849243164063,1073.7333984375,390.5155334472656,1018.500244140625,482.0352478027344,1067.1187744140625,480.71917724609375,1025.195556640625,566.8745727539062,1070.0531005859375,565.0834350585938
18,0.0,0.0,0.0,0.0,0.0,0.0,1012.66796875,200.5931396484375,0.0,0.0,1000.943115234375,255.83724975585935,1083.5343017578125,249.9130706787109,973.1217651367188,325.4361877441406,1096.4102783203125,321.3391418457031,965.824951171875,370.789306640625,1080.146728515625,378.3978271484375,1012.6868286132812,387.7131042480469,1068.088623046875,384.0932312011719,1015.3262329101562,474.7251892089844,1059.7994384765625,471.2716369628906,1027.0308837890625,555.7196044921875,1062.210693359375,551.1978759765625
19,0.0,0.0,0.0,0.0,0.0,0.0,1005.903076171875,196.7458648681641,0.0,0.0,994.0265502929688,250.04966735839844,1075.7052001953125,246.71632385253903,964.4368896484376,316.64093017578125,1090.9163818359375,315.3539428710937,957.8660888671876,357.1525573730469,1076.8328857421875,368.240234375,1007.584716796875,380.0291137695313,1060.7884521484375,378.41009521484375,1013.1611938476562,466.6220397949219,1047.2054443359375,465.5530090332031,1028.1806640625,551.2146606445312,1043.882080078125,548.1996459960938
20,0.0,0.0,0.0,0.0,0.0,0.0,1000.5263671875,191.98956298828125,0.0,0.0,987.6668701171876,246.0851593017578,1068.5771484375,239.96131896972656,960.4865112304688,312.79815673828125,1085.2210693359375,305.5586242675781,954.5960083007812,351.9414367675781,1070.5679931640625,357.361083984375,1003.5719604492188,368.6063232421875,1055.619873046875,365.9765930175781,1010.5301513671876,457.6042785644531,1038.2633056640625,455.2775573730469,1026.43994140625,546.5797729492188,1030.89697265625,541.5859375
21,0.0,0.0,0.0,0.0,0.0,0.0,992.6742553710938,184.2504730224609,0.0,0.0,985.2605590820312,238.89163208007807,1057.333984375,232.34524536132807,961.0,308.1947937011719,1075.0369873046875,301.7397766113281,951.9066162109376,345.8721008300781,1061.6126708984375,351.5621337890625,1001.0245971679688,365.55609130859375,1047.157470703125,361.4013366699219,1007.1123046875,463.459716796875,1025.05810546875,459.2392272949219,1024.9454345703125,548.829833984375,1019.1570434570312,542.6920776367188
22,0.0,0.0,0.0,0.0,0.0,0.0,993.409423828125,178.44375610351562,0.0,0.0,986.3507690429688,230.92352294921875,1052.9388427734375,225.3984375,965.8017578125,301.6531066894531,1071.074462890625,294.375,950.5936889648438,344.7216796875,1052.10693359375,346.77801513671875,997.8551025390624,357.4679260253906,1040.4713134765625,354.8577575683594,1005.708251953125,457.7765808105469,1024.77099609375,455.8449096679688,1022.042236328125,545.3626708984375,1019.7658081054688,541.0745849609375
23,0.0,0.0,978.9633178710938,170.73971557617188,0.0,0.0,987.0653686523438,171.73439025878906,0.0,0.0,984.3193359375,223.20648193359372,1049.3785400390625,216.0978240966797,968.581787109375,294.3034362792969,0.0,0.0,956.3952026367188,343.487060546875,0.0,0.0,996.9365844726562,348.8392639160156,1039.992919921875,345.03973388671875,995.6026611328124,437.7768249511719,1019.2115478515624,434.6123046875,1016.27880859375,520.5244750976562,1022.2761840820312,514.8058471679688
24,0.0,0.0,972.1415405273438,167.4550323486328,0.0,0.0,984.5960083007812,166.05020141601562,0.0,0.0,983.9214477539062,214.11351013183597,1041.615234375,208.81375122070312,968.219970703125,288.5243225097656,0.0,0.0,956.67919921875,340.9076232910156,0.0,0.0,994.7190551757812,340.6487731933594,1034.0928955078125,336.6175537109375,988.51171875,424.5721740722656,1015.5095825195312,421.2459716796875,1007.6754150390624,499.9338684082031,1020.8214111328124,495.2520446777344
25,962.8546752929688,174.62557983398438,966.4173583984376,165.3990478515625,0.0,0.0,979.1087036132812,162.83880615234375,0.0,0.0,981.8538208007812,211.92193603515625,1038.4150390625,204.36968994140625,971.8557739257812,284.7725524902344,0.0,0.0,955.4083251953124,341.8503723144531,0.0,0.0,989.8336181640624,337.7832946777344,1029.0634765625,332.8510437011719,978.2173461914062,422.31878662109375,1010.0658569335938,418.6082458496094,995.7192993164062,494.8136901855469,1015.075927734375,490.7354736328125
26,956.7704467773438,171.75750732421875,961.8696899414062,162.8859100341797,0.0,0.0,978.249267578125,160.58189392089844,0.0,0.0,977.0982666015624,208.89491271972656,1029.855712890625,200.55731201171875,969.5286865234376,281.3215026855469,0.0,0.0,951.6019287109376,338.1337585449219,0.0,0.0,982.658935546875,337.6940612792969,1020.7636108398438,332.078125,968.4476318359376,418.2769775390625,1013.1548461914062,413.3583068847656,976.2643432617188,493.9925537109375,1017.2396850585938,487.7312622070313
27,944.86474609375,169.99571228027344,948.7177734375,161.2943572998047,0.0,0.0,961.9611206054688,158.5919952392578,0.0,0.0,966.0596923828124,202.7533264160156,1011.7657470703124,197.401611328125,959.9096069335938,273.224853515625,0.0,0.0,936.8219604492188,332.2909545898437,0.0,0.0,975.7128295898438,328.5068359375,1010.62060546875,324.4303894042969,952.46875,408.86279296875,1006.9296264648438,405.6253051757813,951.3099975585938,487.2664489746094,1017.1416015625,482.9142150878906
28,934.0038452148438,170.1291961669922,938.6742553710938,161.44967651367188,0.0,0.0,955.938232421875,157.8764190673828,0.0,0.0,957.7056884765624,201.96749877929688,1003.8779907226562,194.60989379882807,950.2175903320312,275.4092102050781,0.0,0.0,926.016357421875,330.69921875,0.0,0.0,966.3138427734376,328.5119323730469,1001.3045654296876,322.84478759765625,941.36572265625,412.1101989746094,1004.5415649414062,406.92425537109375,944.8544311523438,488.3912963867188,1020.6771850585938,480.7268371582031
29,920.3615112304688,165.5435028076172,925.0889892578124,157.5556640625,0.0,0.0,942.2005004882812,156.76858520507812,0.0,0.0,944.7514038085938,199.6346435546875,988.6228637695312,195.5626373291016,940.430419921875,271.7091369628906,0.0,0.0,918.8252563476562,321.6064453125,0.0,0.0,949.8798217773438,323.0279846191406,983.9784545898438,318.8907165527344,933.8780517578124,406.636962890625,995.661865234375,403.2249145507813,937.1854858398438,482.6681213378906,1015.26416015625,477.9197692871094
30,896.760498046875,164.22308349609375,903.2069702148438,156.0083770751953,0.0,0.0,925.0874633789062,153.9418182373047,0.0,0.0,937.9337768554688,198.20242309570312,951.1016845703124,191.34017944335935,938.2106323242188,267.5101318359375,0.0,0.0,904.2719116210938,314.8371887207031,0.0,0.0,936.9966430664062,314.0562438964844,950.2025756835938,307.8221740722656,922.7131958007812,390.453369140625,959.3263549804688,382.9879760742188,947.3139038085938,461.8713989257813,999.345703125,452.3489990234375
31,886.4905395507812,162.51361083984375,893.0958862304688,154.31488037109375,0.0,0.0,915.4404296875,152.0127410888672,0.0,0.0,918.786865234375,199.267333984375,946.8252563476562,186.45455932617188,903.7911987304688,268.3470458984375,0.0,0.0,878.2576904296875,317.24102783203125,0.0,0.0,921.2305908203124,313.9082946777344,941.7756958007812,305.6405639648437,912.6514892578124,386.9553527832031,941.9839477539062,376.82171630859375,944.9609985351562,450.5804443359375,970.9526977539062,437.2300720214844
32,881.6177368164062,161.96058654785156,888.8837280273438,153.11703491210938,0.0,0.0,913.0020141601562,149.8287353515625,0.0,0.0,913.9736938476562,196.32943725585935,935.3956298828124,185.3897705078125,896.9688720703125,267.3316345214844,0.0,0.0,870.0729370117188,308.1390380859375,0.0,0.0,914.370361328125,311.9925842285156,929.5266723632812,304.3484802246094,903.3953247070312,384.1690368652344,925.4420166015624,374.1243286132813,933.560302734375,453.1679992675781,946.8040161132812,439.3651428222656
33,867.47900390625,158.84385681152344,874.4739990234375,149.09825134277344,0.0,0.0,897.2799682617188,145.71470642089844,0.0,0.0,905.0892333984376,191.01925659179688,916.5404663085938,185.8765106201172,893.486083984375,266.5565185546875,906.983154296875,249.55453491210935,857.1018676757812,311.7497863769531,0.0,0.0,902.8108520507812,318.32958984375,912.0599365234376,314.1268005371094,898.3388671875,408.3772888183594,913.5133666992188,403.1233520507813,908.9178466796876,487.7488708496094,917.3457641601562,479.2600708007813
34,861.1968994140625,161.53440856933594,868.0639038085938,151.12857055664062,861.3095092773438,152.8622589111328,891.0516967773438,146.82505798339844,0.0,0.0,899.1575317382812,191.4455108642578,904.5260620117188,187.66232299804688,889.2676391601562,263.2464599609375,0.0,0.0,853.9202880859375,308.62261962890625,0.0,0.0,898.4298706054688,317.90240478515625,903.6607055664062,314.5445861816406,893.8059692382812,408.2747802734375,908.9950561523438,403.8127746582031,906.1954345703124,490.1343383789063,915.1258544921876,482.8833618164063
35,848.6146240234375,160.9144287109375,856.9432983398438,151.72219848632812,844.705810546875,152.56533813476562,880.6126098632812,149.52809143066406,0.0,0.0,884.1817626953125,192.6850128173828,872.9273071289062,189.14089965820312,874.468017578125,261.89556884765625,870.0785522460938,247.56625366210935,849.1292724609375,317.0927429199219,848.2926635742188,307.85205078125,878.8612670898438,321.75634765625,871.146484375,317.4316711425781,0.0,0.0,0.0,0.0,0.0,0.0,0.0,0.0
36,840.7972412109375,159.7990264892578,849.0712280273438,150.25863647460938,834.3790893554688,151.79745483398438,872.811279296875,148.5735321044922,0.0,0.0,878.6634521484375,194.28842163085935,868.954833984375,190.9591827392578,866.6038208007812,263.03485107421875,0.0,0.0,839.2289428710938,315.682861328125,830.843505859375,307.51629638671875,873.1492309570312,320.5450744628906,868.7125854492188,315.3241577148437,828.9882202148438,388.2582092285156,850.1212158203125,381.838623046875,827.7680053710938,463.2547302246094,861.6215209960938,453.395263671875
37,825.9283447265625,161.35098266601562,834.7383422851562,152.14439392089844,819.0242309570312,153.58168029785156,855.9381103515625,151.3813018798828,0.0,0.0,866.9359130859375,197.4580535888672,827.8837890625,196.12115478515625,860.4129638671875,267.1977233886719,822.2977905273438,253.57003784179688,827.9656372070312,317.8218688964844,806.729736328125,303.356689453125,851.6270141601562,316.7491149902344,823.9389038085938,313.0470275878906,846.7437744140625,392.7688598632813,809.0870971679688,388.0382385253906,853.3916625976562,471.1366271972656,805.9080200195312,463.2388000488281
38,816.4722290039062,161.64395141601562,824.7949829101562,152.0457763671875,809.552001953125,153.34661865234375,844.7096557617188,149.34120178222656,0.0,0.0,858.015380859375,194.84829711914065,812.8720703125,192.40013122558597,853.1109619140625,267.6183166503906,805.2626953125,252.41226196289065,822.321044921875,317.211181640625,796.9105224609375,303.9011535644531,838.1300048828125,315.8072814941406,807.835693359375,311.6043395996094,831.1535034179688,393.7229309082031,801.4103393554688,387.8596801757813,835.2330322265625,470.4039916992188,806.9989624023438,461.6007385253906
39,801.9746704101562,163.36839294433594,810.2193603515625,154.0283660888672,795.5911254882812,154.7230224609375,829.6563720703125,151.01039123535156,0.0,0.0,844.8938598632812,196.0947113037109,795.6665649414062,192.7994384765625,844.7941284179688,267.6742553710937,786.5281372070312,253.8391571044922,813.2286987304688,319.9944763183594,779.7019653320312,310.27099609375,825.747314453125,319.3056335449219,793.9340209960938,315.2139587402344,815.3623046875,396.7001037597656,790.281005859375,391.04388427734375,820.5316772460938,468.5075073242188,804.6589965820312,460.647216796875
40,790.2918090820312,161.06739807128906,798.8369750976562,151.98672485351562,783.6405639648438,152.827392578125,818.0874633789062,151.1170196533203,0.0,0.0,834.179443359375,196.7060394287109,780.4391479492188,194.5793609619141,836.9378051757812,266.0626220703125,768.2743530273438,253.17361450195312,804.8018188476562,317.5645751953125,757.5006713867188,308.8252258300781,818.4631958007812,315.7115783691406,784.176513671875,312.293212890625,807.5013427734375,393.7180480957031,784.6083984375,388.37896728515625,813.9501953125,464.2347106933594,804.781005859375,457.0924072265625
41,773.9861450195312,166.8089599609375,782.6041870117188,157.61984252929688,767.4251708984375,158.5763397216797,802.8431396484375,155.6832275390625,0.0,0.0,821.1061401367188,198.8031463623047,761.059326171875,200.0841064453125,829.015869140625,267.518310546875,746.7808227539062,263.3955078125,804.908935546875,322.1317138671875,743.0385131835938,319.8987121582031,807.891357421875,324.9583740234375,770.1216430664062,323.72039794921875,800.2139892578125,410.5459899902344,777.9776611328125,408.2230529785156,795.8228759765625,491.2674865722656,789.7234497070312,487.6933898925781
42,769.8268432617188,168.170166015625,779.2959594726562,159.91644287109375,763.6865844726562,159.50308227539062,799.1506958007812,160.4958953857422,0.0,0.0,814.9854125976562,202.9016571044922,750.0926513671875,199.8202667236328,828.3587646484375,267.1691589355469,729.3605346679688,258.9740600585937,806.7726440429688,322.1357421875,727.5360107421875,313.3299865722656,800.95556640625,326.021484375,760.2823486328125,322.94146728515625,790.769775390625,415.5611572265625,771.6852416992188,411.73529052734375,777.6292114257812,501.5533752441406,782.2540893554688,496.5865478515625
43,764.2723388671875,175.2461700439453,773.5279541015625,166.2022705078125,757.2581176757812,165.8840789794922,792.3104248046875,166.1288604736328,0.0,0.0,808.8580322265625,212.10997009277344,741.5599975585938,208.8189239501953,819.8840942382812,280.6003112792969,727.0487670898438,272.5307312011719,791.6499633789062,333.3179626464844,728.0802612304688,331.92950439453125,794.2603149414062,339.2823486328125,751.5406494140625,336.3673400878906,789.7494506835938,433.0860900878906,764.508544921875,428.8385009765625,775.3304443359375,523.1314697265625,772.0415649414062,516.7667236328125
44,762.6719970703125,174.56072998046875,771.8544311523438,166.10256958007812,754.9703979492188,165.59751892089844,789.2858276367188,167.9154510498047,0.0,0.0,805.1074829101562,215.05059814453125,736.2808837890625,211.6300506591797,815.9334106445312,283.9036560058594,721.1285400390625,275.9543151855469,788.8143920898438,342.32781982421875,725.767333984375,338.38018798828125,788.1339721679688,343.33056640625,744.72607421875,340.5408630371094,785.9747924804688,434.3724365234375,763.9639282226562,430.5999755859375,769.5686645507812,519.887451171875,771.8859252929688,513.723876953125
45,759.400634765625,180.3502349853516,768.4866943359375,171.20242309570312,751.6362915039062,170.648681640625,785.1646728515625,171.78863525390625,741.058837890625,170.95413208007812,801.5518798828125,221.09239196777344,730.132568359375,216.67984008789065,813.156982421875,291.0986022949219,716.620361328125,280.43896484375,784.8700561523438,345.3646850585937,721.9688110351562,340.5098876953125,783.09912109375,348.23687744140625,737.198486328125,345.21728515625,780.9095458984375,439.8787536621094,746.9509887695312,435.5775146484375,769.53662109375,521.472900390625,754.922119140625,514.9522094726562
46,754.0510864257812,183.1755523681641,762.8688354492188,174.33302307128906,746.3444213867188,174.1035919189453,778.8353271484375,174.72463989257812,0.0,0.0,796.5993041992188,222.7237243652344,725.6420288085938,219.9269256591797,810.8256225585938,292.3327941894531,710.4752197265625,283.1233215332031,786.5886840820312,352.3418884277344,708.1506958007812,348.28857421875,777.0538940429688,350.5283508300781,731.5968017578125,348.38739013671875,773.5966796875,436.12701416015625,741.64306640625,432.9838562011719,777.2965087890625,513.9860229492188,761.22998046875,508.1677551269531
47,750.9331665039062,182.53651428222656,759.9376831054688,173.53857421875,742.8407592773438,173.55026245117188,776.1663818359375,175.23797607421875,731.8856201171875,175.8329315185547,794.3526000976562,225.3321075439453,721.3529663085938,223.5,808.6104736328125,296.3606872558594,704.5863647460938,288.6968994140625,785.641845703125,356.0030822753906,701.6279296875,352.87335205078125,775.699462890625,353.8508605957031,728.9131469726562,352.2640991210937,772.2374267578125,440.9441528320313,739.1408081054688,438.437255859375,776.9132690429688,517.4174194335938,760.1255493164062,512.8218383789062
48,747.4013671875,186.7898712158203,755.8040771484375,177.57760620117188,738.0796508789062,177.8821563720703,770.2802734375,178.44842529296875,724.5538330078125,179.64891052246094,789.544189453125,227.0301971435547,712.171875,226.86480712890625,807.1762084960938,297.2505187988281,694.416748046875,294.9499206542969,789.2400512695312,359.67218017578125,696.2470092773438,363.1409301757813,774.4890747070312,357.46490478515625,724.3467407226562,357.01513671875,774.5277709960938,448.8853759765625,732.3609008789062,447.7647399902344,772.5505981445312,527.8941040039062,743.8469848632812,524.7219848632812
49,742.7684936523438,189.78782653808597,750.2090454101562,180.48129272460935,732.6538696289062,181.7512359619141,763.5888061523438,181.3334808349609,718.40576171875,184.98570251464844,785.4581909179688,229.12779235839844,706.5972290039062,232.9188537597656,805.4083251953125,298.0906677246094,687.514404296875,302.71539306640625,790.6329345703125,365.01959228515625,690.4663696289062,373.06256103515625,773.0263061523438,361.9131164550781,721.7813110351562,363.2038879394531,775.9725952148438,454.2046508789063,728.7779541015625,455.1569213867188,770.6787109375,533.1557006835938,734.7608642578125,532.541259765625
50,733.6184692382812,192.58914184570312,741.9190063476562,183.4509429931641,725.07666015625,184.5966033935547,759.4172973632812,184.7498016357422,714.7311401367188,187.9058074951172,783.3385620117188,232.44895935058597,703.3455200195312,237.6705474853516,802.3903198242188,301.2050170898437,683.6576538085938,310.7502136230469,789.7313232421875,366.9967651367188,687.6881713867188,380.5584411621094,771.09619140625,369.1175537109375,718.6886596679688,370.9529113769531,777.6504516601562,463.5188598632813,725.562255859375,465.4536437988281,772.8323974609375,541.6046142578125,728.24267578125,542.5443725585938
51,727.5798950195312,202.91542053222656,735.7884521484375,193.0774383544922,717.677490234375,194.01974487304688,749.753173828125,194.8457489013672,703.3800048828125,197.67202758789065,770.2827758789062,245.7360076904297,687.5511474609375,252.9792938232422,791.5301513671875,314.6881103515625,670.6846923828125,329.669921875,782.6859741210938,380.2671508789063,680.521484375,396.457763671875,758.7234497070312,382.9419250488281,705.15478515625,386.82861328125,768.2045288085938,475.9503479003906,716.6187744140625,480.11334228515625,763.1717529296875,551.9623413085938,722.3567504882812,556.3898315429688
52,722.8585815429688,207.9111328125,730.8087158203125,197.45594787597656,711.7915649414062,199.1417236328125,743.6820678710938,199.1337890625,695.5763549804688,203.8775177001953,763.771728515625,250.46324157714844,680.4361572265625,261.8156433105469,784.3368530273438,319.50604248046875,665.3875122070312,341.6058654785156,776.6116943359375,387.14788818359375,677.7998657226562,405.23236083984375,752.1320190429688,392.37689208984375,697.6885375976562,398.0974731445313,764.5208740234375,489.9304504394531,713.4930419921875,496.6116333007813,758.4508666992188,562.6405639648438,716.5897216796875,570.6024780273438
53,709.35302734375,209.5723114013672,717.333251953125,199.1576995849609,697.7646484375,201.04833984375,729.8555908203125,203.12673950195312,680.7625732421875,208.3682098388672,750.6333618164062,258.18731689453125,666.0604248046875,269.5210266113281,771.0577392578125,326.5562438964844,651.208251953125,347.9149475097656,766.137451171875,395.5322570800781,662.0692749023438,413.7228698730469,742.7138061523438,401.7791748046875,686.6763305664062,407.7972412109375,758.9463500976562,491.8189392089844,700.8463745117188,498.5848388671875,762.2669067382812,556.5904541015625,709.12353515625,564.19921875
54,701.2034912109375,215.5223693847656,709.6112670898438,204.85308837890625,689.7496337890625,206.51458740234372,723.4202270507812,207.31434631347656,673.0278930664062,211.8305511474609,745.3421630859375,261.6200256347656,657.4506225585938,271.74920654296875,767.3099365234375,332.5750732421875,641.6867065429688,352.748291015625,761.9933471679688,401.4590148925781,656.49169921875,420.66943359375,737.0722045898438,408.806396484375,678.9697265625,414.5308532714844,755.9351806640625,497.4717712402344,696.164306640625,503.79931640625,759.83740234375,560.298583984375,707.8967895507812,567.2619018554688
55,692.3300170898438,222.3613739013672,699.3563842773438,212.10877990722656,679.9957275390625,214.4982147216797,711.8876953125,213.0267333984375,660.5818481445312,218.3761138916016,734.059326171875,268.7554931640625,640.8817138671875,278.829345703125,759.0529174804688,341.1716613769531,638.6389770507812,360.3751831054688,756.8861083984375,409.0804138183594,644.49560546875,434.42132568359375,735.550537109375,410.7789916992188,675.6758422851562,418.76513671875,751.6755981445312,499.6168212890625,691.1262817382812,515.9645385742188,746.8549194335938,567.9148559570312,713.2527465820312,589.168212890625
56,688.659912109375,227.49197387695312,695.15673828125,216.7371368408203,675.6785888671875,219.0420684814453,706.7653198242188,216.6778564453125,654.6256713867188,222.3654937744141,730.4869995117188,271.8896789550781,637.25244140625,282.80682373046875,757.59814453125,344.1368408203125,633.3243408203125,366.98583984375,754.978271484375,414.2875671386719,642.327392578125,441.3865356445313,734.0253295898438,415.8989868164063,674.34619140625,423.6560668945313,753.2625732421875,509.3176574707031,693.4004516601562,521.405517578125,753.25439453125,585.92138671875,716.7850341796875,597.799072265625
57,686.5497436523438,230.6544952392578,693.0325317382812,219.9014434814453,673.6211547851562,221.8354949951172,705.098876953125,219.706787109375,653.1354370117188,224.94989013671875,730.9291381835938,275.6327514648437,639.0706176757812,285.1972961425781,758.24853515625,349.1472473144531,631.8211669921875,371.9518737792969,757.7872924804688,421.9541015625,643.944091796875,448.0107727050781,733.2529907226562,422.11614990234375,673.9382934570312,427.9969787597656,754.27685546875,518.9271850585938,691.5208740234375,523.54638671875,764.5670166015625,600.1228637695312,717.1155395507812,598.288818359375
58,688.5361938476562,237.805908203125,695.0006103515625,226.60968017578125,674.1784057617188,229.4853515625,707.215576171875,224.08328247070312,651.0902099609375,231.9117889404297,735.315185546875,279.04412841796875,644.705810546875,290.54901123046875,762.1160888671875,347.2679443359375,635.81396484375,378.8963928222656,768.0328369140625,423.90081787109375,648.847900390625,456.0484313964844,736.2789916992188,430.1413879394531,676.912841796875,434.9771423339844,767.9804077148438,534.2247314453125,695.4635620117188,529.8955078125,795.0526123046875,630.047119140625,722.9287719726562,609.39794921875
59,690.0023193359375,238.1753692626953,696.4652709960938,227.66310119628903,675.9287109375,230.027587890625,708.9699096679688,226.9464111328125,653.7577514648438,233.7213592529297,739.010009765625,282.97320556640625,648.0479736328125,292.9203491210937,766.748291015625,353.0906982421875,640.31689453125,382.3944396972656,772.0258178710938,429.1961364746094,650.9776611328125,460.3583679199219,743.1096801757812,434.6460571289063,682.48583984375,438.5872497558594,777.0033569335938,543.8883666992188,698.3092041015625,537.4638671875,806.4193725585938,639.1990966796875,722.9638061523438,616.3425903320312
60,700.5767211914062,244.6557464599609,706.5470581054688,233.7014923095703,686.138671875,237.2211456298828,720.6836547851562,232.66879272460935,666.202880859375,242.40545654296875,754.084228515625,290.9042358398437,665.78076171875,300.0413818359375,779.4627685546875,365.2912292480469,651.8197021484375,387.752197265625,785.4757690429688,443.4639587402344,658.6014404296875,465.5142822265625,753.7532958984375,444.9270629882813,693.1771240234375,447.1774597167969,789.3983154296875,554.6777954101562,701.3056640625,543.5068359375,827.0798950195312,651.051513671875,720.7614135742188,619.197021484375
61,709.772216796875,251.3851776123047,715.2965087890625,239.16416931152344,694.9087524414062,243.29058837890625,729.88916015625,237.7738494873047,673.560791015625,248.36741638183597,762.517578125,293.9732971191406,674.22412109375,306.0287780761719,790.2437133789062,369.2591247558594,657.0321655273438,396.3633728027344,790.2521362304688,447.44818115234375,664.7018432617188,467.7308349609375,761.2347412109375,449.8840942382813,699.3609008789062,453.5793762207031,797.596435546875,556.29248046875,709.2005615234375,546.6119995117188,829.3654174804688,649.9544067382812,721.8239135742188,615.6465454101562
62,728.2510986328125,257.75665283203125,736.554931640625,245.59620666503903,714.8397216796875,247.73159790039065,757.6976928710938,244.18991088867188,698.8773193359375,250.45492553710935,792.5203857421875,304.0776672363281,698.31884765625,311.0994873046875,819.8333740234375,384.5252380371094,680.294677734375,400.58294677734375,811.8065185546875,463.6208801269531,679.4371948242188,471.9117126464844,785.7625122070312,465.1687316894531,720.2498168945312,465.4366149902344,811.4649047851562,572.0634765625,717.0358276367188,558.7809448242188,833.656494140625,656.4368286132812,727.2744750976562,620.9464111328125
63,739.2874755859375,257.9449157714844,746.8822631835938,245.61178588867188,725.22802734375,248.55056762695312,767.5758056640625,244.00254821777344,708.9458618164062,252.29905700683597,805.5656127929688,305.32342529296875,712.4339599609375,311.6241149902344,829.2883911132812,387.3896484375,694.90771484375,399.7014770507813,822.26513671875,467.8821716308594,691.2738037109375,471.5300903320313,796.6353149414062,467.9666137695313,731.56787109375,466.4627685546875,818.4807739257812,573.54931640625,723.0135498046875,555.2434692382812,832.8243408203125,661.94677734375,727.2021484375,617.4156494140625
64,760.8861694335938,260.04107666015625,769.2200927734375,247.2097320556641,747.8018798828125,250.26905822753903,790.9956665039062,245.4705047607422,733.785400390625,253.3143768310547,828.0919189453125,308.9022521972656,730.5067138671875,314.54052734375,854.493408203125,391.2063903808594,710.944091796875,400.48150634765625,852.4686279296875,471.2728576660156,710.4546508789062,476.9637451171875,813.5388793945312,470.63470458984375,748.49951171875,469.9425048828125,829.2339477539062,578.164794921875,747.5651245117188,565.4454956054688,832.9486694335938,659.738525390625,759.1234130859375,627.5865478515625
65,767.2702026367188,265.0491027832031,776.4208984375,252.12286376953125,754.8255615234375,254.5818328857422,799.3749389648438,249.0785980224609,741.816162109375,255.2187347412109,835.6367797851562,312.2225646972656,735.6227416992188,315.1510925292969,864.6611938476562,398.5527648925781,718.9707641601562,400.2171325683594,862.1453857421875,478.1423950195313,719.5341796875,478.1231689453125,820.9140625,471.666259765625,755.4502563476562,470.8072814941406,833.03564453125,578.6583251953125,755.7548217773438,569.1953735351562,835.898681640625,658.0953369140625,774.5886840820312,634.7911376953125
66,776.8381958007812,267.4044189453125,788.0131225585938,256.22003173828125,766.14111328125,257.3495483398437,813.006103515625,253.2403564453125,754.702880859375,255.0139312744141,844.22998046875,317.50177001953125,739.3635864257812,317.7371520996094,875.1976318359375,406.4371948242188,726.452880859375,404.2218933105469,878.148193359375,487.348388671875,725.6699829101562,489.2322692871094,832.4464111328125,477.2104187011719,766.8094482421875,478.1435241699219,838.2996826171875,582.1906127929688,773.1890869140625,584.2172241210938,833.102294921875,663.4462280273438,799.10986328125,665.6831665039062
67,781.21142578125,269.2731628417969,792.1646118164062,258.34588623046875,770.4266967773438,259.3172607421875,816.215576171875,255.79876708984372,758.2780151367188,257.2195739746094,847.3876342773438,320.7150573730469,741.9995727539062,319.576416015625,877.013671875,410.3889770507813,728.6110229492188,406.5919189453125,881.7266845703125,490.31536865234375,728.7517700195312,493.261962890625,834.5593872070312,480.9909057617188,768.9456176757812,481.3633117675781,841.4456787109375,585.2384643554688,779.06103515625,585.6454467773438,832.9597778320312,667.3363037109375,805.7845458984375,667.7188110351562
68,785.5638427734375,270.4085693359375,796.2755737304688,259.31597900390625,773.9801025390625,260.4090576171875,819.374267578125,256.53094482421875,760.0709838867188,258.4324951171875,848.8909301757812,320.976806640625,744.167724609375,321.1568603515625,877.6736450195312,408.73388671875,731.3291015625,407.8222961425781,882.7730712890625,491.0091247558594,731.2582397460938,494.7420349121094,837.8045654296875,482.7488098144531,772.5230712890625,483.9244995117188,843.9299926757812,587.6135864257812,782.3250732421875,589.5382080078125,833.1004638671875,668.2415771484375,805.646484375,669.6276245117188
69,788.0398559570312,275.0624084472656,798.3018188476562,263.6968688964844,776.1240844726562,265.2989196777344,820.7672119140625,259.0492858886719,761.71728515625,262.2397155761719,850.2022705078125,321.5892028808594,747.0631103515625,322.53369140625,876.62255859375,409.621337890625,733.9810180664062,408.0829772949219,881.734130859375,490.81982421875,732.8289184570312,491.6019287109375,838.681884765625,482.9504089355469,774.163330078125,484.2626953125,843.3900146484375,587.147216796875,781.2089233398438,589.3618774414062,832.67431640625,668.414794921875,803.763671875,669.2764892578125
70,788.5213623046875,272.6455993652344,799.1358032226562,261.4147033691406,776.7925415039062,262.7738342285156,822.24462890625,258.6034240722656,762.86181640625,261.1868896484375,850.6815185546875,322.9199523925781,747.5197143554688,323.5923156738281,876.3257446289062,410.6044921875,735.2551879882812,409.2587890625,875.2875366210938,490.8499450683594,736.2035522460938,493.18304443359375,837.9126586914062,485.1083984375,773.1622924804688,486.40277099609375,843.4957275390625,589.2379760742188,781.9564819335938,591.8922119140625,833.2740478515625,668.7703857421875,803.8217163085938,671.0106811523438
71,787.697021484375,273.2842712402344,798.6577758789062,262.1993408203125,776.4823608398438,263.2281188964844,822.5570068359375,259.3902282714844,763.578857421875,261.0932922363281,851.2066040039062,323.3797302246094,748.0473022460938,322.86407470703125,876.8390502929688,410.7042846679688,735.6038818359375,407.31097412109375,874.5474243164062,489.36767578125,735.9450073242188,490.4191589355469,837.667236328125,484.8406982421875,772.8626098632812,485.4844970703125,843.5493774414062,588.3526000976562,781.3881225585938,589.9261474609375,833.578369140625,668.3223876953125,803.6218872070312,669.8529663085938
72,787.810546875,276.6061096191406,798.7864990234375,265.3340148925781,776.7338256835938,266.3667297363281,822.9423217773438,261.05767822265625,764.1640625,262.8156433105469,851.0244750976562,324.5689697265625,748.0105590820312,324.346923828125,875.6654663085938,413.1037902832031,734.3889770507812,411.3981018066406,875.1666870117188,491.4200439453125,735.4281616210938,496.7722778320313,836.924072265625,486.6801452636719,772.3890380859375,487.6461181640625,843.7930297851562,588.9969482421875,781.4764404296875,591.229248046875,832.7146606445312,669.3084716796875,803.808349609375,672.1827392578125
73,788.5753784179688,276.2665405273437,799.3428955078125,265.1642150878906,777.5095825195312,266.104248046875,822.3513793945312,261.4945678710937,764.208251953125,262.9833068847656,850.1927490234375,325.2637939453125,747.1858520507812,324.9037170410156,874.8253784179688,413.5097351074219,733.28515625,411.3024291992188,875.7330932617188,491.7568359375,733.4853515625,494.9991760253906,836.677734375,486.3696899414063,772.2444458007812,487.324951171875,843.4678344726562,588.276123046875,781.3614501953125,590.4539184570312,831.8441162109375,670.2183837890625,804.0139770507812,672.9144897460938
74,788.68017578125,278.6210021972656,800.1890869140625,267.2615661621094,777.41162109375,267.21307373046875,821.6049194335938,268.80035400390625,762.7144775390625,269.0987548828125,849.7694702148438,327.9971618652344,748.6448974609375,328.228271484375,880.0988159179688,411.8572082519531,725.9768676757812,412.542236328125,875.9159545898438,494.6199645996094,732.8114624023438,500.5874938964844,836.213623046875,489.1848449707031,771.1004028320312,489.2655944824219,837.5700073242188,593.4652099609375,782.3355712890625,592.706787109375,836.2223510742188,671.0914306640625,801.3182983398438,668.2803955078125
75,787.6317138671875,278.6575012207031,799.0785522460938,267.1496887207031,776.2273559570312,267.2374267578125,820.4490966796875,268.5365295410156,761.361572265625,269.20166015625,848.8563232421875,327.77227783203125,747.516845703125,328.94012451171875,880.0204467773438,411.43060302734375,725.47265625,414.4160461425781,875.701171875,493.89935302734375,732.6008911132812,503.1733703613281,836.0421752929688,489.4119262695313,770.824951171875,489.9267272949219,837.5303344726562,594.434326171875,782.5332641601562,594.1118774414062,836.32470703125,671.5238037109375,802.0332641601562,669.2235717773438
76,785.2879028320312,278.5267639160156,796.5186767578125,266.7935485839844,773.5606079101562,267.3961486816406,818.3820190429688,268.0278625488281,758.94140625,270.0083923339844,848.4537963867188,327.9358825683594,746.3474731445312,329.5555419921875,880.2588500976562,412.27435302734375,723.4818115234375,414.3216552734375,876.2957763671875,494.492431640625,730.802490234375,502.9964904785156,835.8311157226562,489.08642578125,770.2789916992188,489.5714721679688,837.3351440429688,593.9471435546875,781.7201538085938,593.271240234375,836.3939208984375,670.8147583007812,802.3836059570312,667.7897338867188
77,783.5540771484375,277.8422546386719,794.8196411132812,266.1214599609375,772.018310546875,266.6873474121094,816.7406616210938,267.0149230957031,757.5829467773438,268.8456115722656,846.8642578125,325.9695739746094,744.8025512695312,328.4391174316406,878.9806518554688,410.3172912597656,722.0322875976562,414.0914611816406,874.4901733398438,493.3436584472656,729.5302124023438,501.25433349609375,835.6876831054688,487.80572509765625,770.167236328125,488.8316345214844,837.5934448242188,592.8704223632812,781.8299560546875,592.9991455078125,836.4999389648438,669.6312255859375,802.2667236328125,667.8409423828125
78,781.9923706054688,278.1012878417969,792.8897705078125,266.5784912109375,770.9617309570312,267.3127136230469,815.0143432617188,267.1634521484375,757.400146484375,269.3701171875,845.8147583007812,324.7707214355469,744.0547485351562,328.2157592773437,877.7077026367188,408.2485961914063,720.51708984375,414.6689147949219,872.8736572265625,490.8372802734375,730.1354370117188,502.3287963867188,834.0498657226562,486.10595703125,768.7802124023438,487.6177368164063,837.7793579101562,591.1906127929688,781.8433837890625,591.987060546875,836.1383056640625,669.087890625,801.4856567382812,668.3443603515625
79,781.9488525390625,276.4418334960937,792.7945556640625,265.0035400390625,770.9952392578125,265.654541015625,814.8098754882812,266.0440979003906,757.4837036132812,268.02545166015625,845.6212158203125,324.8670959472656,743.99853515625,327.3593444824219,877.452392578125,409.2761840820313,720.5140380859375,413.7863159179688,872.2523803710938,489.9303588867188,729.6991577148438,500.7342529296875,832.8898315429688,485.7801818847656,767.7521362304688,486.8288269042969,836.869140625,590.9594116210938,781.15966796875,591.1514282226562,836.3031005859375,669.13134765625,801.5408935546875,667.5818481445312
80,781.2220458984375,273.2166442871094,792.2096557617188,262.06317138671875,770.4979858398438,262.5199279785156,814.2426147460938,264.0865478515625,757.198974609375,265.4906005859375,844.5262451171875,323.3092346191406,743.3345947265625,325.5890808105469,876.3565673828125,406.91802978515625,719.9427490234375,411.5674743652344,870.8281860351562,488.6251220703125,729.1972045898438,499.4791259765625,832.9378662109375,485.1421508789063,767.9717407226562,486.2418823242188,837.3980712890625,590.1431274414062,781.4953002929688,590.43994140625,836.7277221679688,669.1611328125,801.4629516601562,667.7049560546875
81,780.5101928710938,273.61151123046875,791.406005859375,262.5570068359375,770.0755615234375,263.0750427246094,813.8441162109375,264.5437316894531,757.4639892578125,266.0643005371094,844.468505859375,323.6849670410156,743.8030395507812,325.6990051269531,875.6738891601562,407.203125,719.78173828125,410.8962097167969,870.4185791015625,488.5657653808594,729.2236938476562,498.4410095214844,832.285400390625,484.9075927734375,767.7535400390625,485.8420104980469,837.2312622070312,590.0508422851562,781.8323974609375,590.1510009765625,836.5068969726562,669.3378295898438,801.6220092773438,667.6431884765625
82,782.8411254882812,275.7371826171875,793.5899658203125,264.4564819335937,771.5601196289062,265.11187744140625,814.844970703125,265.5452880859375,757.3493041992188,267.4924621582031,844.4495239257812,323.83984375,744.0361328125,325.99957275390625,873.8412475585938,408.232177734375,719.5222778320312,412.1165771484375,868.9193115234375,490.0519409179688,727.9525146484375,502.1504821777344,832.7764892578125,485.8194885253906,768.4453125,486.8625183105469,837.1444702148438,591.582763671875,782.7394409179688,591.584716796875,835.184326171875,670.575439453125,802.0468139648438,668.4107055664062
83,784.4782104492188,274.3991394042969,795.1708374023438,263.25543212890625,773.0733642578125,263.76824951171875,815.5660400390625,264.6568603515625,758.0458374023438,266.25,844.16748046875,322.5980834960937,743.479248046875,324.8984375,873.79931640625,405.9630737304688,718.6879272460938,411.0357971191406,869.1713256835938,488.8547058105469,727.8953857421875,502.4157104492188,832.767578125,484.5623779296875,768.197021484375,485.8859558105469,837.4663696289062,590.728515625,783.0831909179688,591.1640625,834.7119750976562,670.3170166015625,801.7337646484375,668.6784057617188
84,782.6773681640625,273.0707092285156,793.2453002929688,261.78448486328125,771.3231811523438,262.5881042480469,813.9549560546875,263.0645751953125,756.9095458984375,265.4201965332031,843.4960327148438,321.14996337890625,743.4050903320312,324.7168884277344,874.5191040039062,403.6717834472656,719.3493041992188,410.442626953125,869.1396484375,487.1765747070313,728.4906616210938,500.8421630859375,833.9403686523438,483.5679321289063,769.810546875,485.3226013183594,838.1737060546875,589.2388305664062,783.436767578125,590.1223754882812,835.435791015625,668.9924926757812,801.8828125,667.9158325195312
85,780.4876098632812,272.3731689453125,791.2271118164062,261.3599548339844,769.9310913085938,261.8942565917969,813.0333862304688,263.1185302734375,756.9077758789062,264.7076110839844,843.3843994140625,321.6510314941406,743.0733032226562,324.37261962890625,874.8417358398438,404.7674560546875,719.001953125,410.0501403808594,868.9669799804688,487.6961364746094,728.6414794921875,498.5337524414063,833.4249267578125,483.9219665527344,769.165283203125,485.32904052734375,838.0529174804688,589.4430541992188,782.8740844726562,590.1207275390625,836.2383422851562,669.5187377929688,801.5901489257812,668.36181640625
86,782.20751953125,272.8873596191406,792.741455078125,261.5285949707031,770.7135009765625,262.2668151855469,813.1783447265625,262.8805236816406,755.836669921875,265.0321350097656,842.759033203125,321.76153564453125,742.024658203125,325.0727233886719,874.238037109375,405.6682739257813,718.4494018554688,412.2604370117188,869.1581420898438,486.52252197265625,727.861328125,500.3020935058594,832.97998046875,484.4002075195313,768.4435424804688,486.1546630859375,838.0444946289062,590.3097534179688,782.9417724609375,591.20947265625,835.8270874023438,669.719970703125,801.6549682617188,668.62060546875
87,782.7156982421875,271.7318115234375,793.16845703125,260.44384765625,771.0579223632812,261.1965637207031,813.0422973632812,261.9497985839844,755.7130737304688,264.15606689453125,842.1561279296875,320.4587707519531,741.4946899414062,324.0151062011719,873.3530883789062,402.9795227050781,717.4888916015625,410.4188537597656,869.1753540039062,484.3615112304688,727.780517578125,499.3770446777344,832.515625,482.931640625,767.99267578125,484.8758239746094,837.8131713867188,589.4580078125,782.6027221679688,590.56591796875,835.8560180664062,669.595703125,801.6044311523438,668.6647338867188
88,781.30615234375,273.35174560546875,791.821533203125,262.1299133300781,770.0328979492188,262.9189758300781,812.5790405273438,262.9232788085937,755.6019287109375,265.1604309082031,841.9905395507812,319.80828857421875,742.1494140625,323.3030700683594,872.7786254882812,401.4141845703125,718.1394653320312,408.4803161621094,868.3103637695312,483.3480224609375,727.6748657226562,498.3606262207031,832.5560302734375,482.6283874511719,768.5684204101562,484.4489135742188,837.4590454101562,590.24658203125,783.451171875,591.1732177734375,835.4851684570312,669.8458251953125,802.5269775390625,668.7601928710938
89,781.10302734375,273.32501220703125,791.634765625,262.13250732421875,770.0828247070312,262.87371826171875,812.7572021484375,262.6910705566406,756.0598754882812,264.777587890625,842.3456420898438,319.4427185058594,742.4154052734375,322.5386047363281,872.9024658203125,401.4688415527344,718.194580078125,407.7261047363281,867.3908081054688,483.703125,728.2131958007812,498.0838623046875,832.2138061523438,482.4768676757813,768.1903076171875,484.0849914550781,837.375,590.3856811523438,783.4047241210938,591.0946044921875,835.160888671875,670.4954223632812,802.422607421875,669.247802734375
90,780.5237426757812,269.4127197265625,790.6632080078125,258.1514587402344,768.6163940429688,259.3306579589844,811.755615234375,255.1153259277344,752.851806640625,257.42919921875,839.0711669921875,318.7009582519531,734.1828002929688,321.3134765625,867.1939697265625,406.178466796875,720.7420043945312,412.3728332519531,867.7679443359375,483.5939025878906,726.5291748046875,499.1091918945313,830.5091552734375,481.7485961914063,765.13525390625,484.95703125,841.1983032226562,587.7540283203125,780.6244506835938,593.39013671875,832.3824462890625,669.15234375,804.69970703125,676.4009399414062
91,780.0086059570312,270.1630859375,790.0101928710938,258.8366394042969,768.21630859375,260.1907653808594,811.216552734375,255.0494384765625,752.8597412109375,257.78179931640625,838.8646240234375,317.79998779296875,734.2289428710938,321.0348815917969,866.1952514648438,404.8948974609375,720.050537109375,411.9055480957031,866.9920043945312,482.3730773925781,726.3540649414062,497.5874938964844,830.420166015625,481.7629699707031,765.1616821289062,485.24652099609375,841.3826293945312,588.0677490234375,780.6319580078125,594.0232543945312,831.9537963867188,669.8501586914062,804.5491943359375,677.0359497070312
92,777.65576171875,269.61328125,788.072265625,258.44927978515625,766.3814086914062,259.51666259765625,810.3770141601562,255.13134765625,752.29345703125,257.0704345703125,837.9033203125,318.23638916015625,733.34521484375,320.805419921875,865.89990234375,405.0361633300781,718.3045043945312,411.69818115234375,866.0230102539062,482.8495178222656,726.8796997070312,498.598876953125,828.7567749023438,481.9606018066406,763.5958862304688,485.1873779296875,840.3845825195312,587.8224487304688,779.9097900390625,593.3276977539062,832.2464599609375,670.493896484375,803.9247436523438,677.504150390625
93,777.6117553710938,269.6761779785156,788.0843505859375,258.5032958984375,766.2313842773438,259.5242004394531,809.9136352539062,255.33197021484372,751.5673828125,257.1061096191406,836.8156127929688,318.1534423828125,732.6980590820312,321.32525634765625,865.2640380859375,403.9124450683594,718.3134155273438,412.3218688964844,865.8993530273438,481.5483703613281,726.59130859375,497.8719177246094,828.6874389648438,481.4480895996094,763.8108520507812,484.9243469238281,840.095947265625,587.6045532226562,780.2803344726562,593.515869140625,831.9545288085938,669.91064453125,803.6126098632812,677.3253784179688
94,776.9266357421875,269.7322998046875,787.3965454101562,258.4822082519531,765.3848876953125,259.6196594238281,809.2261962890625,255.29852294921875,750.5048217773438,257.3651733398437,836.56494140625,318.10894775390625,732.1213989257812,321.6563415527344,864.9924926757812,403.4866638183594,718.1231689453125,412.8197326660156,865.8544921875,481.001708984375,726.8212280273438,498.3082580566406,828.6087036132812,481.6328430175781,763.4912109375,485.1069030761719,839.5504760742188,587.9863891601562,779.71533203125,593.5137329101562,831.8073120117188,669.7496337890625,803.7315673828125,676.266357421875
95,775.6669921875,269.4244384765625,785.943603515625,258.10528564453125,764.1865844726562,259.5417175292969,808.0060424804688,254.66331481933597,749.8658447265625,257.4029846191406,836.4331665039062,317.52618408203125,732.11279296875,321.21929931640625,865.10400390625,403.71881103515625,717.9570922851562,412.2430419921875,865.8409423828125,480.9124450683594,726.566162109375,497.5738525390625,828.3184204101562,481.2479553222656,763.2830200195312,484.7027893066406,839.2695922851562,587.38330078125,779.4190673828125,592.8167724609375,831.5733032226562,669.665771484375,803.5960693359375,675.943359375
96,775.8922729492188,270.33306884765625,785.8873901367188,259.0240173339844,764.2393188476562,260.2771911621094,806.6431884765625,254.9562530517578,748.5653076171875,257.3672790527344,834.5927734375,317.14971923828125,730.6567993164062,320.7035522460937,864.5927734375,402.7423400878906,717.3887329101562,411.8330383300781,866.2285766601562,480.7130126953125,724.5958862304688,498.8730773925781,827.508056640625,480.5622253417969,762.8489990234375,483.9710388183594,838.6422729492188,586.323486328125,778.727294921875,591.4374389648438,831.3612670898438,669.5445556640625,803.545166015625,675.6568603515625
97,775.4981689453125,272.8495788574219,785.1677856445312,260.55242919921875,763.853515625,261.91326904296875,806.2978515625,255.96006774902344,749.4967041015625,259.0447082519531,835.4844360351562,317.4560546875,732.229736328125,321.6545104980469,864.7327880859375,405.4617309570313,717.8875122070312,412.7607421875,865.09423828125,482.04925537109375,725.0444946289062,496.89654541015625,827.0928955078125,480.6549682617188,762.5886840820312,484.2294616699219,838.2017822265625,584.7293090820312,777.5930786132812,589.3151245117188,828.90087890625,668.6900024414062,804.5079956054688,671.6471557617188
98,773.5493774414062,271.68804931640625,783.709716796875,260.1727600097656,761.4230346679688,261.68682861328125,805.2848510742188,255.8850555419922,745.70458984375,258.9922790527344,833.3148803710938,317.7864990234375,729.0346069335938,321.67681884765625,862.4786376953125,403.9031982421875,717.0287475585938,412.4151611328125,864.6962280273438,480.9928283691406,723.5048217773438,497.1114807128906,826.0778198242188,480.7007751464844,761.186279296875,484.4312438964844,838.0733642578125,586.2294311523438,778.5502319335938,591.9534301757812,831.019287109375,669.1077270507812,804.68212890625,675.1470947265625
99,773.1784057617188,271.67822265625,783.1770629882812,260.1460876464844,760.9514770507812,261.8548278808594,804.5689697265625,256.1980285644531,745.2178955078125,259.80963134765625,832.68408203125,317.8779602050781,728.8087768554688,322.72247314453125,862.1851196289062,402.32366943359375,716.6300048828125,412.7022399902344,864.6768188476562,479.4729309082031,723.2963256835938,496.30364990234375,825.5125732421875,480.55755615234375,760.8760986328125,484.6729431152344,837.52392578125,586.72509765625,778.5579223632812,592.9207763671875,831.04931640625,669.578125,804.6150512695312,675.45654296875
100,773.8724365234375,273.3496398925781,783.3638305664062,260.939697265625,761.4819946289062,262.8074645996094,804.160400390625,256.9933776855469,746.1716918945312,261.341796875,832.5747680664062,317.8927917480469,730.5989379882812,323.8209533691406,861.6779174804688,403.4459838867188,716.5689697265625,413.1619567871094,862.8849487304688,480.6434326171875,724.2919311523438,494.3449401855469,825.0443115234375,481.0003051757813,761.2651977539062,485.4099731445313,836.2093505859375,586.3363037109375,777.9489135742188,592.0692138671875,829.0933837890625,669.7432861328125,804.1747436523438,672.3592529296875
101,773.7255859375,273.3273620605469,783.2479248046875,260.99334716796875,761.3645629882812,262.6439208984375,803.9027709960938,257.06951904296875,745.7920532226562,260.9610290527344,832.2078247070312,318.3556823730469,729.9889526367188,323.6438903808594,861.3003540039062,405.480224609375,716.4368896484375,414.1277160644531,861.6956176757812,482.91412353515625,723.780517578125,496.1482543945313,824.7691040039062,481.3376770019531,760.919677734375,485.4759826660156,835.5914306640625,586.09619140625,777.3451538085938,591.3984375,828.8256225585938,669.7694091796875,804.51123046875,672.1539916992188
