frame,person_detected,nose_x,nose_y,nose_conf,left_eye_x,left_eye_y,left_eye_conf,right_eye_x,right_eye_y,right_eye_conf,left_ear_x,left_ear_y,left_ear_conf,right_ear_x,right_ear_y,right_ear_conf,left_shoulder_x,left_shoulder_y,left_shoulder_conf,right_shoulder_x,right_shoulder_y,right_shoulder_conf,left_elbow_x,left_elbow_y,left_elbow_conf,right_elbow_x,right_elbow_y,right_elbow_conf,left_wrist_x,left_wrist_y,left_wrist_conf,right_wrist_x,right_wrist_y,right_wrist_conf,left_hip_x,left_hip_y,left_hip_conf,right_hip_x,right_hip_y,right_hip_conf,left_knee_x,left_knee_y,left_knee_conf,right_knee_x,right_knee_y,right_knee_conf,left_ankle_x,left_ankle_y,left_ankle_conf,right_ankle_x,right_ankle_y,right_ankle_conf
0,True,1206.3463134765625,121.85508728027344,0.9739523530006409,1213.440673828125,116.14006805419922,0.9259201884269714,1201.0245361328125,114.03028106689453,0.9556055068969727,1221.12646484375,117.02937316894531,0.6126231551170349,1187.671630859375,111.22180938720703,0.8035767674446106,1226.4527587890625,151.85714721679688,0.9950271248817444,1163.22021484375,143.59967041015625,0.9965489506721497,1235.8919677734375,203.06639099121094,0.962862491607666,1129.011962890625,186.48353576660156,0.9793431758880615,1239.2294921875,248.98223876953125,0.9417599439620972,1128.0491943359375,226.83035278320312,0.9612823128700256,1198.138427734375,249.5101318359375,0.9966467022895813,1158.5755615234375,245.9996795654297,0.9971902966499329,1179.1214599609375,317.9122619628906,0.9911284446716309,1150.19873046875,315.822021484375,0.9920720458030701,1159.299072265625,380.2327880859375,0.9699549674987793,1141.05029296875,380.15484619140625,0.9715723395347595
1,True,1206.2041015625,121.92698669433594,0.9738527536392212,1213.560546875,116.12713623046875,0.9281371235847473,1201.0831298828125,113.91241455078125,0.9545111656188965,1221.8740234375,116.82176971435547,0.623818576335907,1188.1533203125,110.726806640625,0.7926679849624634,1227.3475341796875,151.724609375,0.9946993589401245,1163.5028076171875,143.5699462890625,0.9962041974067688,1236.99072265625,203.84564208984375,0.9598105549812317,1129.79052734375,187.98989868164062,0.9764376282691956,1239.299560546875,250.99661254882812,0.9369465708732605,1129.0406494140625,229.78211975097656,0.9563680291175842,1198.3720703125,249.8748779296875,0.9961973428726196,1158.484130859375,246.38778686523438,0.996768593788147,1179.0350341796875,318.0417175292969,0.9901400208473206,1150.350341796875,316.06280517578125,0.9910682439804077,1159.341796875,381.41070556640625,0.9674168825149536,1141.961669921875,381.6385803222656,0.9688740968704224
2,True,1207.307861328125,123.28614807128906,0.9732474088668823,1214.5242919921875,117.72637939453125,0.9252278804779053,1202.417724609375,115.4166259765625,0.9529595971107483,1222.843017578125,118.81414794921875,0.6217343807220459,1190.097412109375,112.50272369384766,0.7890760898590088,1228.2703857421875,153.91354370117188,0.9946314096450806,1165.957763671875,144.603271484375,0.996337890625,1238.2962646484375,206.44528198242188,0.9594675898551941,1130.8416748046875,186.7045440673828,0.9782252311706543,1239.5941162109375,254.06982421875,0.93698650598526,1126.9376220703125,227.66720581054688,0.9593506455421448,1198.486572265625,251.8360595703125,0.9962589740753174,1160.204345703125,247.90225219726562,0.9969053864479065,1177.1463623046875,320.5169677734375,0.9901006817817688,1154.658447265625,318.0809020996094,0.9912620782852173,1154.839111328125,386.2028503417969,0.9662666320800781,1146.7586669921875,385.8785705566406,0.9683475494384766
3,True,1206.232177734375,124.08020782470703,0.9682779312133789,1213.3681640625,118.61128234863281,0.9121823906898499,1201.6275634765625,116.55049896240234,0.9451096653938293,1222.65966796875,120.24465942382812,0.599250853061676,1190.434326171875,114.5633544921875,0.7708255648612976,1229.203369140625,155.5274658203125,0.9937487840652466,1166.910400390625,147.81988525390625,0.9960856437683105,1238.92431640625,206.92446899414062,0.9525473117828369,1130.6533203125,191.43397521972656,0.978103518486023,1239.53271484375,253.7519989013672,0.9271652102470398,1125.5594482421875,235.1916046142578,0.957809567451477,1201.2237548828125,255.97467041015625,0.9959813356399536,1163.1683349609375,252.72377014160156,0.9968309998512268,1179.43994140625,323.13555908203125,0.9894738793373108,1158.364013671875,321.3709411621094,0.9912312626838684,1155.7784423828125,388.014404296875,0.9653375744819641,1149.9251708984375,388.53656005859375,0.9688443541526794
4,True,1206.27783203125,125.9849853515625,0.9766926169395447,1213.77490234375,120.51622009277344,0.9247475862503052,1201.8287353515625,118.00181579589844,0.9538772106170654,1223.348388671875,121.7684555053711,0.649941086769104,1190.6337890625,115.12718200683594,0.7957274317741394,1228.779541015625,156.82781982421875,0.9971665740013123,1166.998046875,146.41329956054688,0.9986781477928162,1239.0224609375,210.8858184814453,0.9746423363685608,1132.335205078125,191.01205444335938,0.9922946691513062,1238.2978515625,258.57696533203125,0.9603694081306458,1126.1204833984375,234.77838134765625,0.9826001524925232,1198.0830078125,258.74951171875,0.9987114667892456,1159.9091796875,253.66299438476562,0.9990948438644409,1177.2318115234375,327.4261474609375,0.9961125254631042,1156.1318359375,323.3035888671875,0.9971988201141357,1151.4688720703125,392.085205078125,0.9839710593223572,1146.387451171875,390.0435791015625,0.9873429536819458
5,True,1203.510009765625,130.99301147460938,0.981860339641571,1211.031494140625,125.41352844238281,0.9433975219726562,1198.9644775390625,123.05081176757812,0.9603269100189209,1220.94921875,126.07551574707031,0.7128676176071167,1188.2945556640625,119.962646484375,0.798694372177124,1226.5882568359375,160.85189819335938,0.9979422688484192,1166.583740234375,150.58810424804688,0.9989088773727417,1236.220703125,214.78402709960938,0.9813362956047058,1131.7325439453125,193.75509643554688,0.992949366569519,1233.174560546875,263.02301025390625,0.9694789052009583,1120.851806640625,238.30911254882812,0.9843510389328003,1195.426513671875,263.7935485839844,0.9989330172538757,1158.4588623046875,258.60687255859375,0.9991989731788635,1175.6064453125,331.44537353515625,0.9964823722839355,1155.771484375,327.02642822265625,0.9972689747810364,1150.426513671875,396.36309814453125,0.984369158744812,1146.3365478515625,393.74139404296875,0.986958920955658
6,True,1200.561767578125,133.73780822753906,0.9814752340316772,1207.912353515625,128.05674743652344,0.9412874579429626,1195.82275390625,125.80809020996094,0.9636412858963013,1217.81982421875,128.5250244140625,0.6904406547546387,1184.9169921875,122.69233703613281,0.8175522089004517,1224.8043212890625,163.95635986328125,0.9974828362464905,1162.864501953125,153.87173461914062,0.9988391995429993,1234.031982421875,218.28060913085938,0.973125696182251,1126.82275390625,198.33804321289062,0.992030143737793,1230.637939453125,265.66021728515625,0.9567931890487671,1116.267822265625,245.792236328125,0.9814105033874512,1195.217529296875,266.0972595214844,0.9986530542373657,1157.0430908203125,260.9767761230469,0.9990620017051697,1175.869140625,331.1318359375,0.9960317015647888,1152.57861328125,326.54608154296875,0.9971674084663391,1150.827392578125,396.1749572753906,0.984752357006073,1142.59326171875,393.29095458984375,0.9879952073097229
7,True,1193.574951171875,133.3893280029297,0.9802257418632507,1201.48779296875,127.9357681274414,0.953158974647522,1190.182373046875,125.63117980957031,0.9452588558197021,1214.18310546875,128.65260314941406,0.7945376634597778,1182.322021484375,122.7546615600586,0.6871290802955627,1223.957763671875,163.25860595703125,0.9980954527854919,1160.256591796875,154.19821166992188,0.9985176920890808,1234.3427734375,215.70587158203125,0.9832407832145691,1125.328125,198.47662353515625,0.987885057926178,1230.9644775390625,263.6003723144531,0.9700953960418701,1115.9598388671875,245.00115966796875,0.9752153158187866,1193.224853515625,264.4736633300781,0.9990529417991638,1153.33740234375,259.455078125,0.9991416931152344,1177.7332763671875,330.7420349121094,0.9975192546844482,1146.83984375,326.342529296875,0.9976727366447449,1160.395263671875,397.123046875,0.9903789758682251,1140.1334228515625,394.47601318359375,0.9908072352409363
8,True,1193.67431640625,132.92095947265625,0.9786574244499207,1201.064453125,127.36033630371094,0.9440200924873352,1189.303466796875,125.2016830444336,0.9513713121414185,1211.55712890625,127.87251281738281,0.734112560749054,1179.214599609375,122.33452606201172,0.7528905868530273,1220.502685546875,162.1304168701172,0.9979227185249329,1156.9327392578125,153.63278198242188,0.9985722303390503,1232.0032958984375,213.68344116210938,0.9815784692764282,1124.18994140625,198.61557006835938,0.9890973567962646,1232.8819580078125,260.1632080078125,0.9678896069526672,1116.619140625,245.2530517578125,0.9769022464752197,1193.6038818359375,262.59423828125,0.999075174331665,1153.279052734375,258.1662902832031,0.9992045760154724,1181.82177734375,328.91131591796875,0.9977092742919922,1145.88525390625,324.9317321777344,0.9979689717292786,1167.406005859375,395.9085388183594,0.991529107093811,1138.01513671875,393.16241455078125,0.9922147393226624
9,True,1188.883056640625,132.52963256835938,0.9822444319725037,1196.473876953125,126.80142211914062,0.9541130661964417,1184.5205078125,124.61959075927734,0.9571607112884521,1207.3358154296875,127.46543884277344,0.7694939970970154,1174.710693359375,121.85952758789062,0.7637378573417664,1216.539306640625,163.14212036132812,0.9983670115470886,1152.9493408203125,155.1928253173828,0.9987825751304626,1227.98486328125,215.66732788085938,0.9843865036964417,1122.374267578125,201.52139282226562,0.9894216656684875,1227.456298828125,266.44854736328125,0.9717426300048828,1116.50244140625,250.61920166015625,0.9776588082313538,1191.697509765625,266.10540771484375,0.999225378036499,1151.2149658203125,262.158935546875,0.9993051290512085,1182.4056396484375,333.11810302734375,0.9980683922767639,1145.41357421875,329.6899108886719,0.9982182383537292,1170.5880126953125,398.55914306640625,0.9927247762680054,1139.665771484375,396.4840393066406,0.993118405342102
10,True,1187.7852783203125,132.670654296875,0.9817412495613098,1195.7098388671875,126.84132385253906,0.9544556736946106,1183.68115234375,124.51115417480469,0.955207347869873,1207.0601806640625,127.24971771240234,0.7741034626960754,1174.0850830078125,121.2359619140625,0.7500384449958801,1216.0179443359375,162.768310546875,0.9983053207397461,1151.6363525390625,155.8271484375,0.9986741542816162,1227.0084228515625,215.37188720703125,0.9834343194961548,1121.8985595703125,204.4826202392578,0.9877451062202454,1225.21337890625,266.0438537597656,0.9698812961578369,1116.44140625,253.57809448242188,0.9744886755943298,1191.742919921875,268.0282287597656,0.9991967082023621,1150.662109375,264.7431945800781,0.9992597699165344,1183.8720703125,334.53497314453125,0.998129665851593,1145.922119140625,332.01556396484375,0.9982300400733948,1173.9532470703125,398.82952880859375,0.9933167695999146,1141.6019287109375,398.119873046875,0.9935601949691772
11,True,1190.722412109375,133.4524383544922,0.9812207221984863,1197.9642333984375,126.94482421875,0.9465617537498474,1185.311767578125,124.92549133300781,0.9627569317817688,1206.4442138671875,125.95036315917969,0.7076291441917419,1172.5599365234375,120.67959594726562,0.8220281004905701,1213.7529296875,162.11895751953125,0.9981817007064819,1149.875,155.5538330078125,0.9987439513206482,1223.718505859375,214.98751831054688,0.9813323020935059,1122.875,205.22955322265625,0.9886775612831116,1220.8878173828125,267.24371337890625,0.966789722442627,1122.936279296875,258.1191711425781,0.9756067395210266,1192.24365234375,269.3615417480469,0.9991825222969055,1151.06494140625,266.49017333984375,0.999284565448761,1185.490478515625,342.2213439941406,0.9980873465538025,1144.2823486328125,339.7820129394531,0.9982748031616211,1178.5284423828125,409.09344482421875,0.9931136965751648,1141.366943359375,408.1672668457031,0.9935792684555054
12,True,1194.948486328125,131.7054443359375,0.9778029918670654,1201.10546875,125.21907806396484,0.9278315901756287,1188.5145263671875,123.57410430908203,0.9639045596122742,1205.94482421875,125.39210510253906,0.6046946048736572,1172.696533203125,120.88325500488281,0.8621301054954529,1213.5296630859375,163.20899963378906,0.9974960684776306,1147.9732666015625,156.7103271484375,0.9981037378311157,1226.8343505859375,220.09515380859375,0.978312611579895,1123.232177734375,210.92327880859375,0.9855314493179321,1221.654296875,270.4420471191406,0.9598094820976257,1127.68603515625,268.3209228515625,0.9689021110534668,1193.55126953125,272.81353759765625,0.9982878565788269,1150.44384765625,270.4184265136719,0.9984620809555054,1189.141845703125,347.5824279785156,0.9941945672035217,1142.185791015625,345.4873046875,0.9944971203804016,1186.2581787109375,418.4673156738281,0.9766498804092407,1141.2403564453125,416.39007568359375,0.9769077301025391
13,True,1193.14794921875,132.0354766845703,0.9788755178451538,1199.6549072265625,125.6396713256836,0.9372515082359314,1186.9959716796875,124.0327377319336,0.9616988897323608,1206.1611328125,125.91435241699219,0.6534349322319031,1172.6600341796875,121.5238265991211,0.8402560353279114,1214.8951416015625,163.09930419921875,0.997799813747406,1148.666015625,156.90467834472656,0.9980579018592834,1228.6505126953125,218.7657470703125,0.9821765422821045,1123.5712890625,211.2048797607422,0.9845982789993286,1223.09423828125,266.4263916015625,0.9659113883972168,1127.619384765625,268.8631286621094,0.9680721759796143,1194.426513671875,272.50384521484375,0.9984442591667175,1150.920166015625,270.0386962890625,0.9984923601150513,1189.04833984375,348.1978454589844,0.9945599436759949,1141.90966796875,345.94586181640625,0.99439936876297,1186.406494140625,420.9605712890625,0.9769834876060486,1141.5360107421875,418.47564697265625,0.9759002327919006
14,True,1194.275146484375,131.72610473632812,0.9762678742408752,1200.842529296875,125.28472137451172,0.9291595816612244,1188.107177734375,123.82861328125,0.9582083225250244,1208.25,126.0655517578125,0.6273730993270874,1174.322998046875,122.0416030883789,0.8295913338661194,1217.6259765625,163.99801635742188,0.9974539875984192,1151.0618896484375,158.45370483398438,0.9979686141014099,1231.633056640625,219.4656982421875,0.9789711236953735,1124.72216796875,213.4588165283203,0.9848225116729736,1230.6375732421875,268.28570556640625,0.9611132740974426,1127.715576171875,273.18682861328125,0.9679421782493591,1196.935546875,273.8616943359375,0.9984279870986938,1153.4957275390625,271.5892333984375,0.9985570311546326,1190.024169921875,348.943359375,0.9949336647987366,1143.8062744140625,346.95782470703125,0.9950973391532898,1184.4619140625,422.01611328125,0.9799168705940247,1140.5262451171875,420.02178955078125,0.9799003005027771
15,True,1197.12548828125,131.28733825683594,0.9772815704345703,1203.494140625,124.77440643310547,0.9284137487411499,1190.635498046875,123.32080078125,0.9622316956520081,1210.0245361328125,125.65328979492188,0.6090267896652222,1175.9434814453125,121.6622543334961,0.8474258184432983,1219.4166259765625,164.6476593017578,0.9974130988121033,1152.193603515625,158.28521728515625,0.9981154203414917,1234.458251953125,220.61878967285156,0.9777913689613342,1125.346923828125,211.66458129882812,0.986277163028717,1234.12255859375,270.888671875,0.9596654176712036,1128.293212890625,270.79296875,0.9703510403633118,1197.647705078125,275.502685546875,0.9983881711959839,1153.892333984375,272.851318359375,0.9985854625701904,1190.3555908203125,349.89825439453125,0.9946413040161133,1144.144775390625,347.48028564453125,0.9950541257858276,1183.837158203125,421.84454345703125,0.9786891341209412,1140.5771484375,419.4285888671875,0.9793623685836792
16,True,1198.1051025390625,130.54373168945312,0.9791575074195862,1205.160888671875,123.9579849243164,0.941045343875885,1191.8828125,122.75057983398438,0.9594080448150635,1213.996337890625,125.4715347290039,0.6769360899925232,1178.8809814453125,122.10550689697266,0.8133723735809326,1223.58935546875,164.17135620117188,0.9978812336921692,1155.259765625,160.35470581054688,0.9981430768966675,1236.916015625,217.65138244628906,0.9831566214561462,1125.663330078125,214.56936645507812,0.985663115978241,1239.6630859375,266.4295349121094,0.9683084487915039,1127.800537109375,271.1374206542969,0.9703244566917419,1199.163818359375,274.4961853027344,0.9986264705657959,1154.7689208984375,272.8992004394531,0.9986742734909058,1192.041259765625,348.62005615234375,0.9952725768089294,1146.193603515625,347.7796630859375,0.9951738715171814,1183.332763671875,419.10223388671875,0.9800374507904053,1140.50439453125,419.0078125,0.9792850017547607
17,True,1206.43212890625,131.07009887695312,0.9802639484405518,1212.742431640625,124.6512222290039,0.9346112608909607,1199.732421875,123.26017761230469,0.9687542915344238,1218.6131591796875,126.00068664550781,0.6115214824676514,1184.542236328125,122.29625701904297,0.8672940135002136,1227.0916748046875,165.4632110595703,0.9976564645767212,1159.8570556640625,159.4408721923828,0.998530387878418,1240.521728515625,220.51882934570312,0.97906094789505,1127.8233642578125,211.1517333984375,0.989810585975647,1241.047607421875,269.8995361328125,0.9622582197189331,1122.4639892578125,269.25335693359375,0.9765776991844177,1203.9871826171875,275.9016418457031,0.9985232949256897,1160.3687744140625,273.2056579589844,0.9987930059432983,1195.2030029296875,349.9072265625,0.9944941401481628,1148.5355224609375,347.47113037109375,0.9952482581138611,1184.53564453125,420.4415588378906,0.9767208695411682,1139.0491943359375,418.1853332519531,0.978515625
18,True,1205.875,129.029052734375,0.9803286790847778,1213.349365234375,122.63841247558594,0.9410111308097839,1200.09716796875,120.7756118774414,0.9601680636405945,1222.4886474609375,125.184326171875,0.6831399202346802,1187.261962890625,120.46295166015625,0.8070923686027527,1230.7088623046875,165.99911499023438,0.9981204867362976,1163.45751953125,158.86346435546875,0.9988768696784973,1241.6539306640625,221.2507781982422,0.9841475486755371,1130.5501708984375,210.37051391601562,0.99237060546875,1242.2152099609375,270.29058837890625,0.9719486832618713,1123.4298095703125,263.9174499511719,0.9823863506317139,1205.423095703125,276.4644470214844,0.999134361743927,1161.7244873046875,272.7777099609375,0.9992939233779907,1195.8529052734375,349.89556884765625,0.9970075488090515,1151.3748779296875,346.411865234375,0.9974696636199951,1184.716796875,420.1519775390625,0.9864968657493591,1142.82763671875,417.717529296875,0.9880672693252563
19,True,1209.9237060546875,128.18597412109375,0.97594153881073,1217.1387939453125,121.99262237548828,0.9174288511276245,1204.1656494140625,119.87782287597656,0.9573727250099182,1225.1864013671875,125.09188842773438,0.5914129018783569,1190.44580078125,119.62004089355469,0.827049970626831,1231.92236328125,166.54403686523438,0.9976872205734253,1165.0970458984375,158.20254516601562,0.9989213943481445,1242.1004638671875,223.07203674316406,0.9813348054885864,1131.0810546875,210.14822387695312,0.9941098690032959,1243.875,273.4143981933594,0.9687897562980652,1124.2808837890625,264.76605224609375,0.9856445789337158,1207.506591796875,278.04736328125,0.9990860223770142,1163.9896240234375,274.1048278808594,0.9993420243263245,1197.3165283203125,352.35540771484375,0.9966102242469788,1153.9710693359375,348.74102783203125,0.9974874258041382,1183.01416015625,420.6916809082031,0.9843165874481201,1142.072998046875,418.1437683105469,0.9873964190483093
20,True,1212.5093994140625,128.70498657226562,0.9827932119369507,1219.5419921875,122.59963989257812,0.9457956552505493,1206.565185546875,120.45536041259766,0.968469500541687,1226.936767578125,125.3906478881836,0.6745105981826782,1192.95947265625,119.74476623535156,0.849481463432312,1233.8651123046875,168.49957275390625,0.9980862140655518,1167.58203125,158.03224182128906,0.998691976070404,1244.0074462890625,227.08477783203125,0.9834083318710327,1133.7581787109375,208.66172790527344,0.9906423687934875,1244.3004150390625,276.06072998046875,0.9687711596488953,1127.736083984375,267.1705627441406,0.9785361886024475,1207.398193359375,279.3671569824219,0.9986294507980347,1164.3798828125,274.4739074707031,0.9988345503807068,1196.00244140625,355.1344299316406,0.9939807653427124,1150.5604248046875,350.2640380859375,0.9945352077484131,1182.2164306640625,424.01837158203125,0.9712055325508118,1137.4716796875,418.6209411621094,0.9725415110588074
21,True,1212.973876953125,128.11509704589844,0.9829480051994324,1220.6583251953125,121.92144012451172,0.942662239074707,1207.22607421875,119.50774383544922,0.9686683416366577,1229.3590087890625,125.56388854980469,0.6605697870254517,1193.99462890625,119.3494873046875,0.8471644520759583,1236.115478515625,168.611328125,0.9978677034378052,1169.491943359375,158.72665405273438,0.9990106821060181,1246.9761962890625,226.40052795410156,0.9777079224586487,1138.4521484375,212.18414306640625,0.9930424690246582,1245.4403076171875,273.55908203125,0.9620830416679382,1132.98974609375,268.73480224609375,0.9826048612594604,1210.494140625,278.316650390625,0.9988755583763123,1167.1195068359375,273.2783203125,0.999197781085968,1198.1470947265625,352.88824462890625,0.996012806892395,1155.198486328125,347.8271484375,0.9970871806144714,1182.2740478515625,423.41522216796875,0.9826672673225403,1142.806884765625,418.9215087890625,0.9862431883811951
22,True,1215.3502197265625,128.49703979492188,0.9830892086029053,1222.8148193359375,122.18543243408203,0.9433151483535767,1209.324462890625,119.97924041748047,0.9684416651725769,1231.174560546875,125.3587417602539,0.6628879308700562,1195.751220703125,119.63749694824219,0.8476502299308777,1238.132568359375,168.11099243164062,0.9978444576263428,1171.7530517578125,158.2625732421875,0.9989675283432007,1248.21044921875,228.02151489257812,0.9778115153312683,1141.379638671875,212.20193481445312,0.9926443099975586,1245.534423828125,279.7402648925781,0.9621575474739075,1138.176025390625,269.16461181640625,0.9819627404212952,1212.75048828125,278.229736328125,0.9987947940826416,1169.434814453125,273.16571044921875,0.9991254210472107,1199.76806640625,353.0693359375,0.9956610798835754,1156.867431640625,348.09832763671875,0.99676513671875,1181.9603271484375,423.8253479003906,0.9809577465057373,1143.16162109375,419.36492919921875,0.9846861362457275
23,True,1216.5130615234375,126.96044921875,0.9829642176628113,1223.8480224609375,120.68199920654297,0.9425066709518433,1210.3863525390625,118.5446548461914,0.9686859250068665,1231.74169921875,124.61487579345703,0.659902811050415,1196.52587890625,119.11874389648438,0.8534173965454102,1238.49853515625,168.3921661376953,0.9979822635650635,1172.0224609375,159.378173828125,0.9990135431289673,1249.2720947265625,227.70309448242188,0.9789658784866333,1142.1793212890625,214.73410034179688,0.9927579164505005,1247.0791015625,278.82080078125,0.9635932445526123,1140.00439453125,273.134521484375,0.9820375442504883,1212.6845703125,277.3333435058594,0.9989171028137207,1169.3643798828125,272.690673828125,0.9992021918296814,1200.6990966796875,352.07879638671875,0.9962673783302307,1157.6512451171875,347.575439453125,0.9971801042556763,1182.51708984375,422.8027038574219,0.9838665127754211,1143.53955078125,418.854736328125,0.9869166612625122
24,True,1221.179443359375,128.22161865234375,0.9826459884643555,1228.738525390625,121.53499603271484,0.9380654692649841,1214.5830078125,119.36747741699219,0.9729726314544678,1235.477783203125,124.76771545410156,0.6079407930374146,1198.7916259765625,119.1064453125,0.8789750337600708,1240.266845703125,168.98260498046875,0.9974422454833984,1172.2667236328125,161.2423553466797,0.9989075660705566,1251.157958984375,228.20013427734375,0.9697138071060181,1141.961181640625,219.50799560546875,0.9915316700935364,1250.8787841796875,277.78802490234375,0.9489908814430237,1139.86474609375,278.1404724121094,0.9779748916625977,1213.060302734375,283.9739990234375,0.9985466599464417,1168.86083984375,280.1070861816406,0.9989919066429138,1200.3070068359375,358.8043212890625,0.9951503872871399,1156.750732421875,355.310302734375,0.9965483546257019,1183.449462890625,427.45941162109375,0.9810689091682434,1143.95703125,425.1845397949219,0.9852494597434998
25,True,1218.7034912109375,128.04098510742188,0.984261155128479,1226.773681640625,121.3608627319336,0.9495809674263,1212.490234375,119.26249694824219,0.9704756140708923,1235.614013671875,124.90143585205078,0.6834191083908081,1198.4521484375,119.43852996826172,0.8459869027137756,1241.3148193359375,169.12600708007812,0.9978596568107605,1173.6754150390625,161.19622802734375,0.9989153146743774,1251.150390625,227.4846954345703,0.9759299755096436,1142.371337890625,216.30697631835938,0.9910586476325989,1250.399658203125,277.9234619140625,0.9580865502357483,1138.1778564453125,271.21038818359375,0.9779696464538574,1213.2685546875,283.57373046875,0.9987429976463318,1169.193115234375,279.38482666015625,0.9990553259849548,1200.36279296875,358.1802978515625,0.9957157969474792,1157.00537109375,354.4556884765625,0.9966825842857361,1183.952880859375,427.7469177246094,0.9823954701423645,1144.4459228515625,425.37213134765625,0.9854519963264465
26,True,1219.047607421875,127.98564147949219,0.9850472211837769,1227.2509765625,121.3238525390625,0.9509926438331604,1213.0064697265625,119.10589599609375,0.9713000655174255,1236.165283203125,124.87966918945312,0.6891714334487915,1199.11572265625,119.11595153808594,0.8474698066711426,1241.3759765625,169.02305603027344,0.9980598092079163,1174.10302734375,160.7420196533203,0.9990314245223999,1250.8580322265625,227.21759033203125,0.978949785232544,1141.9893798828125,214.71673583984375,0.9923737645149231,1249.236572265625,277.7744445800781,0.9633002281188965,1135.7738037109375,268.0111083984375,0.9811193943023682,1212.9912109375,283.73333740234375,0.9988722205162048,1169.0435791015625,279.39520263671875,0.9991589784622192,1200.026611328125,358.11224365234375,0.9958701729774475,1156.455078125,354.32061767578125,0.9968172311782837,1184.125,427.37164306640625,0.9819083213806152,1143.80224609375,425.1112060546875,0.9850922226905823
27,True,1220.0584716796875,128.50628662109375,0.9854889512062073,1227.7100830078125,122.30419921875,0.9555873274803162,1213.84521484375,120.03453826904297,0.9735189080238342,1234.80615234375,125.60588836669922,0.7055972218513489,1199.071044921875,119.65079498291016,0.8635676503181458,1240.431640625,168.95196533203125,0.9982653260231018,1171.832275390625,160.85728454589844,0.9987465143203735,1250.9033203125,227.9930419921875,0.9825477004051208,1139.19580078125,214.74441528320312,0.9888275861740112,1249.6343994140625,281.5348815917969,0.9656249284744263,1134.2679443359375,270.6004638671875,0.9737638235092163,1212.29931640625,284.353759765625,0.9985923171043396,1167.745361328125,280.68646240234375,0.9987558126449585,1199.65234375,358.52288818359375,0.9941189289093018,1153.719970703125,355.8045959472656,0.9944148063659668,1183.271728515625,426.61102294921875,0.9735952615737915,1139.0672607421875,424.6315612792969,0.9740328788757324
28,True,1220.1103515625,129.31356811523438,0.9857542514801025,1227.765625,123.09603881835938,0.9556486010551453,1213.923583984375,120.81946563720703,0.9740074276924133,1235.026611328125,126.17131042480469,0.7048244476318359,1199.32177734375,120.18748474121094,0.8655034899711609,1240.63525390625,168.9466552734375,0.9983333945274353,1172.722900390625,160.76609802246094,0.9988447427749634,1251.26416015625,226.93862915039062,0.9832063913345337,1139.758544921875,213.3214111328125,0.9900146722793579,1250.91455078125,278.5685119628906,0.9673571586608887,1133.63037109375,266.9561462402344,0.9764429926872253,1213.1224365234375,282.84918212890625,0.9987288117408752,1169.06298828125,279.1088562011719,0.9989012479782104,1199.9390869140625,357.24609375,0.9947559833526611,1154.54541015625,354.4104309082031,0.9951403141021729,1183.2857666015625,425.6553955078125,0.9761824607849121,1139.34033203125,423.6251220703125,0.9769896268844604
29,True,1219.5245361328125,128.3491973876953,0.9850228428840637,1227.692626953125,121.68315124511719,0.9506126642227173,1213.515869140625,119.42056274414062,0.9712340831756592,1236.589599609375,125.35748291015625,0.6876599788665771,1199.6124267578125,119.46511840820312,0.8487914800643921,1242.108642578125,169.83154296875,0.9980950951576233,1174.187744140625,161.38385009765625,0.9990604519844055,1251.48583984375,227.89215087890625,0.9790759086608887,1141.5810546875,215.1588134765625,0.9925507307052612,1248.7845458984375,278.63787841796875,0.9634962677955627,1136.0672607421875,268.56060791015625,0.9814846515655518,1214.466064453125,284.03875732421875,0.998921275138855,1170.0828857421875,279.65667724609375,0.9992000460624695,1200.72900390625,358.4737243652344,0.9961265921592712,1156.7674560546875,354.646728515625,0.9970285296440125,1183.9107666015625,427.39520263671875,0.9831604361534119,1143.6353759765625,425.11480712890625,0.9861804842948914
30,True,1219.243896484375,128.10995483398438,0.9848606586456299,1227.3477783203125,121.42630004882812,0.9496085047721863,1213.1185302734375,119.24331665039062,0.9713141322135925,1236.110107421875,125.2437744140625,0.6815963983535767,1199.062744140625,119.54413604736328,0.8521571755409241,1241.715087890625,169.74298095703125,0.9980608820915222,1173.8427734375,162.05300903320312,0.9990492463111877,1251.445556640625,227.90582275390625,0.9785501956939697,1142.52734375,217.12939453125,0.9924566745758057,1248.8155517578125,279.17254638671875,0.9626625776290894,1138.637939453125,270.83673095703125,0.981204628944397,1214.6697998046875,284.7364501953125,0.9988818764686584,1170.291259765625,280.73114013671875,0.9991732239723206,1201.006103515625,358.8228759765625,0.9959663152694702,1157.207275390625,355.48004150390625,0.9969227910041809,1183.5205078125,427.1573181152344,0.9825387001037598,1143.6610107421875,425.4736328125,0.9857382774353027
31,True,1219.864990234375,127.98316955566406,0.9837459325790405,1227.8306884765625,121.21711730957031,0.9454250335693359,1213.509033203125,119.20254516601562,0.9711951613426208,1236.155517578125,125.09248352050781,0.6575937271118164,1198.896484375,119.8296890258789,0.8593789935112,1241.93701171875,169.5710906982422,0.9977971315383911,1173.1109619140625,163.7161102294922,0.9989553689956665,1252.103271484375,228.24819946289062,0.9747174978256226,1142.9521484375,223.29122924804688,0.9915810227394104,1249.132080078125,278.51824951171875,0.9561953544616699,1141.0653076171875,280.14300537109375,0.9785672426223755,1215.4378662109375,285.6195068359375,0.9986838698387146,1170.552734375,282.47308349609375,0.9990407824516296,1201.5389404296875,359.0098571777344,0.9954012632369995,1157.60546875,356.5867919921875,0.9965542554855347,1183.277587890625,426.78570556640625,0.981151282787323,1144.00537109375,426.1727294921875,0.9848082065582275
32,True,1219.555908203125,128.55105590820312,0.983467161655426,1227.40234375,121.76570129394531,0.94227534532547,1213.1141357421875,119.69947814941406,0.9718290567398071,1235.3035888671875,125.41539001464844,0.6379164457321167,1198.183349609375,119.99974822998047,0.8676069378852844,1241.0079345703125,169.81155395507812,0.9977303147315979,1172.683349609375,163.50448608398438,0.9989863038063049,1252.25537109375,228.80062866210938,0.9738960862159729,1143.6444091796875,222.92080688476562,0.9921836256980896,1249.618408203125,280.30401611328125,0.9553713798522949,1141.8037109375,281.00799560546875,0.9798299074172974,1215.30224609375,286.3196105957031,0.9986742734909058,1170.7373046875,282.96270751953125,0.9990635514259338,1200.7320556640625,360.42034912109375,0.9952449202537537,1157.255615234375,357.68463134765625,0.9965552091598511,1182.952392578125,427.60382080078125,0.9802895188331604,1144.216064453125,426.58038330078125,0.9844871163368225
33,True,1218.918212890625,128.79562377929688,0.9829351902008057,1226.6632080078125,121.92118835449219,0.9420791268348694,1212.4534912109375,119.90969848632812,0.9705797433853149,1234.607177734375,125.23927307128906,0.6406146287918091,1197.634033203125,119.95179748535156,0.8615425229072571,1240.752197265625,169.7153778076172,0.9976227879524231,1172.51318359375,163.34165954589844,0.9988903403282166,1252.156494140625,228.86126708984375,0.9730287194252014,1143.853271484375,222.7515106201172,0.9912846088409424,1249.8875732421875,279.48248291015625,0.9537984728813171,1142.7529296875,279.94903564453125,0.977931559085846,1215.289306640625,286.73480224609375,0.99857497215271,1170.7957763671875,283.29754638671875,0.9989709854125977,1200.42626953125,360.98736572265625,0.9949659705162048,1156.788330078125,358.1217041015625,0.9962635636329651,1182.7738037109375,427.9208984375,0.979448139667511,1143.72216796875,426.661376953125,0.9835436344146729
34,True,1218.839599609375,128.5861358642578,0.9833530187606812,1226.580322265625,121.63162994384766,0.9424405694007874,1212.2752685546875,119.66555786132812,0.971575140953064,1234.3333740234375,124.82027435302734,0.6376584768295288,1197.19970703125,119.65637969970703,0.8668854832649231,1240.269287109375,169.07540893554688,0.9977173805236816,1172.1011962890625,163.28924560546875,0.9989451766014099,1251.9622802734375,227.8325958251953,0.9742899537086487,1143.7554931640625,222.768310546875,0.9918290972709656,1249.3812255859375,279.3955993652344,0.956034243106842,1142.3599853515625,279.78997802734375,0.9792566299438477,1215.061767578125,286.43359375,0.9986385703086853,1170.5711669921875,283.2991943359375,0.9990205764770508,1200.485595703125,360.682861328125,0.9950878024101257,1156.7967529296875,358.23095703125,0.9963678121566772,1182.638427734375,427.3715515136719,0.9795249700546265,1143.4666748046875,426.7297668457031,0.9836466908454895
35,True,1218.2781982421875,128.22293090820312,0.9834439754486084,1225.9365234375,121.2967529296875,0.9432026147842407,1211.7061767578125,119.47840118408203,0.9714140295982361,1233.887939453125,124.67021942138672,0.6442944407463074,1196.886962890625,119.91421508789062,0.8643218278884888,1240.4796142578125,169.17584228515625,0.9977057576179504,1172.0635986328125,163.50054931640625,0.9989443421363831,1251.9154052734375,228.40855407714844,0.9736904501914978,1143.4993896484375,222.61715698242188,0.9917368292808533,1248.39794921875,280.3982849121094,0.9549581408500671,1142.2713623046875,278.878173828125,0.9789895415306091,1214.729736328125,285.85443115234375,0.9986271858215332,1170.08935546875,282.6856994628906,0.9990167617797852,1200.6982421875,359.97967529296875,0.9951143264770508,1156.602783203125,357.4913635253906,0.9964146614074707,1182.8946533203125,427.2164611816406,0.9798388481140137,1143.4244384765625,426.5532531738281,0.9839821457862854
36,True,1217.887451171875,129.06089782714844,0.9844634532928467,1225.818115234375,122.30357360839844,0.9449430108070374,1211.442138671875,120.33673095703125,0.9729200601577759,1234.32568359375,125.49064636230469,0.6482195854187012,1197.071044921875,120.3555908203125,0.8671359419822693,1239.923583984375,168.22238159179688,0.9977892637252808,1172.892333984375,161.9508056640625,0.999054491519928,1249.7578125,227.58302307128906,0.9749861359596252,1143.0921630859375,220.78953552246094,0.9931042790412903,1247.528076171875,279.78656005859375,0.9580023884773254,1138.159423828125,279.1633605957031,0.9822431802749634,1214.39892578125,281.70184326171875,0.998690664768219,1170.643310546875,278.2944641113281,0.9990992546081543,1200.91845703125,355.3460998535156,0.995165228843689,1158.350341796875,352.5096130371094,0.9966026544570923,1181.9278564453125,424.35205078125,0.9792507886886597,1143.698974609375,423.1116027832031,0.9840098023414612
37,True,1218.2537841796875,128.58590698242188,0.9843217134475708,1225.8460693359375,121.88724517822266,0.9431847929954529,1211.75244140625,120.0006103515625,0.9732069373130798,1233.7218017578125,125.15164184570312,0.6390935778617859,1197.172119140625,120.25163269042969,0.8724040985107422,1239.67724609375,168.28799438476562,0.9978445768356323,1172.8822021484375,161.3221893310547,0.9990980625152588,1249.9935302734375,227.1972198486328,0.9758672118186951,1142.415283203125,217.65650939941406,0.993602454662323,1247.5543212890625,279.1376037597656,0.9595206379890442,1137.679443359375,273.8830871582031,0.983451247215271,1213.7705078125,280.86468505859375,0.998781144618988,1170.16748046875,277.1214599609375,0.9991705417633057,1200.8409423828125,355.06463623046875,0.9954667091369629,1157.6380615234375,351.8033752441406,0.9968480467796326,1182.822021484375,424.98846435546875,0.9802048802375793,1143.5264892578125,423.2257080078125,0.9848499298095703
38,True,1217.6556396484375,128.68096923828125,0.9848889112472534,1225.4866943359375,122.08786010742188,0.9464296102523804,1211.312744140625,120.02494812011719,0.9736998081207275,1233.791259765625,125.50650787353516,0.6543153524398804,1196.994140625,120.15077209472656,0.8698374629020691,1239.6854248046875,168.49264526367188,0.9978867173194885,1172.3966064453125,161.161865234375,0.9990990161895752,1250.0623779296875,227.1925506591797,0.9755723476409912,1141.7183837890625,217.7791748046875,0.9933167695999146,1247.9619140625,279.27471923828125,0.9587206244468689,1136.8876953125,275.829345703125,0.9826987981796265,1213.8277587890625,280.46856689453125,0.9987890124320984,1169.976318359375,276.6102294921875,0.9991687536239624,1200.846923828125,354.7474365234375,0.9956191182136536,1157.958740234375,351.31719970703125,0.9969297051429749,1182.869140625,424.88360595703125,0.9812434315681458,1144.3848876953125,422.8622131347656,0.9855659604072571
39,True,1216.3841552734375,127.61427307128906,0.9847785830497742,1224.02294921875,121.07876586914062,0.9453839063644409,1209.9959716796875,119.19644165039062,0.9731513857841492,1232.417236328125,125.03038787841797,0.653932511806488,1195.9825439453125,120.15792846679688,0.869253933429718,1239.021484375,168.4903564453125,0.9980035424232483,1171.9246826171875,161.55528259277344,0.9991514682769775,1249.717529296875,226.93655395507812,0.9778098464012146,1141.2830810546875,218.09019470214844,0.9940119385719299,1248.0048828125,279.31463623046875,0.9623200297355652,1136.7783203125,276.83026123046875,0.9844055771827698,1213.7158203125,280.2937316894531,0.9988763928413391,1169.98486328125,276.54681396484375,0.9992311000823975,1200.8516845703125,354.214599609375,0.9957109689712524,1158.0169677734375,350.82611083984375,0.9970090985298157,1182.48583984375,424.569091796875,0.9807813167572021,1144.0943603515625,422.4664306640625,0.9852729439735413
40,True,1214.6407470703125,128.25656127929688,0.9850549697875977,1222.3287353515625,121.5827865600586,0.948728621006012,1208.28173828125,119.80375671386719,0.9725399017333984,1231.326171875,125.09227752685547,0.6743705868721008,1194.691162109375,120.51274108886719,0.8596091270446777,1238.9287109375,168.5625457763672,0.9980091452598572,1171.190673828125,161.8609619140625,0.999098539352417,1250.2833251953125,227.1622314453125,0.97786545753479,1140.9256591796875,218.6748046875,0.9933880567550659,1248.0655517578125,278.8558349609375,0.9620198011398315,1136.93310546875,277.22833251953125,0.9830701947212219,1212.99169921875,281.43182373046875,0.9988149404525757,1168.9150390625,277.6373291015625,0.9991649389266968,1200.3470458984375,355.18017578125,0.9954394698143005,1157.0897216796875,351.65972900390625,0.996728777885437,1182.332763671875,425.1726379394531,0.9796216487884521,1143.9935302734375,422.9253845214844,0.9840661287307739
41,True,1214.6923828125,128.30007934570312,0.9847939610481262,1222.335205078125,121.60272216796875,0.9473428130149841,1208.214599609375,119.8894271850586,0.9724164605140686,1231.179443359375,125.12688446044922,0.6674149036407471,1194.4188232421875,120.71322631835938,0.8615851998329163,1238.7059326171875,168.537109375,0.9979879856109619,1171.041015625,162.051513671875,0.999099612236023,1249.7486572265625,227.185791015625,0.977912187576294,1140.8011474609375,219.04116821289062,0.9935278296470642,1247.552734375,278.8280029296875,0.9622310400009155,1136.8775634765625,277.53570556640625,0.9833941459655762,1212.902587890625,281.62939453125,0.9988106489181519,1168.86279296875,277.9156494140625,0.9991664886474609,1199.7198486328125,355.49627685546875,0.9953615069389343,1156.69091796875,352.053466796875,0.9966866374015808,1181.790283203125,425.13775634765625,0.9791136384010315,1143.795166015625,422.97149658203125,0.9837125539779663
42,True,1214.538330078125,128.12060546875,0.9845359921455383,1221.944091796875,121.37109375,0.9454120397567749,1207.7972412109375,119.80851745605469,0.9728055000305176,1230.32421875,124.79358673095703,0.6549385786056519,1193.6158447265625,120.7763442993164,0.8683330416679382,1237.94775390625,168.14671325683594,0.9979748129844666,1170.70361328125,161.92401123046875,0.9991145730018616,1248.9927978515625,226.798828125,0.9776345491409302,1140.7744140625,218.87408447265625,0.9937002658843994,1247.17919921875,278.575439453125,0.96190345287323,1137.09130859375,277.6761474609375,0.9837452173233032,1213.04638671875,280.7343444824219,0.9988419413566589,1169.2745361328125,277.13714599609375,0.9991969466209412,1199.832763671875,354.7896728515625,0.9955878257751465,1156.836669921875,351.38720703125,0.9968823194503784,1181.475341796875,425.0848388671875,0.9803487658500671,1143.32763671875,422.8091125488281,0.984794557094574
43,True,1214.8670654296875,128.61782836914062,0.984708309173584,1222.3238525390625,121.84750366210938,0.945709228515625,1208.1488037109375,120.1805648803711,0.9732992053031921,1230.58447265625,125.01210021972656,0.6533689498901367,1193.8092041015625,120.71369934082031,0.8707606196403503,1237.879150390625,168.1516571044922,0.9979767203330994,1170.6688232421875,161.62713623046875,0.9991195797920227,1248.75390625,226.94215393066406,0.9774954915046692,1140.8262939453125,218.57406616210938,0.993696391582489,1246.6220703125,278.94293212890625,0.9617326259613037,1137.15283203125,277.57733154296875,0.9837395548820496,1213.069091796875,280.8570861816406,0.9988386034965515,1169.292724609375,277.175048828125,0.9991958737373352,1199.820068359375,355.14422607421875,0.9955902099609375,1156.7357177734375,351.66259765625,0.996885359287262,1181.6373291015625,425.303466796875,0.9803987145423889,1143.3355712890625,422.967041015625,0.9848344326019287
44,True,1214.7783203125,128.34628295898438,0.9845074415206909,1222.2313232421875,121.60659790039062,0.9455474019050598,1208.13623046875,119.94346618652344,0.9726711511611938,1230.549072265625,124.85760498046875,0.6559979319572449,1193.92431640625,120.575927734375,0.8672592043876648,1237.8701171875,168.09332275390625,0.9979618787765503,1170.687255859375,161.57614135742188,0.9990979433059692,1248.7476806640625,226.694580078125,0.9776556491851807,1140.783447265625,218.21914672851562,0.9935654997825623,1246.5810546875,278.5721435546875,0.961921215057373,1137.1451416015625,276.83062744140625,0.9834903478622437,1212.6947021484375,280.72198486328125,0.9988194108009338,1168.920166015625,277.0479736328125,0.9991758465766907,1199.9652099609375,355.10003662109375,0.9954653382301331,1156.72509765625,351.64666748046875,0.9967710375785828,1182.141845703125,424.7774963378906,0.9797128438949585,1143.481201171875,422.498779296875,0.9842103719711304
45,True,1214.77734375,128.386962890625,0.9845548272132874,1222.243896484375,121.65243530273438,0.945460855960846,1208.142578125,119.94902801513672,0.9730647206306458,1230.5328369140625,124.941650390625,0.6529887318611145,1193.897705078125,120.55030822753906,0.86910480260849,1237.884521484375,168.34091186523438,0.997912585735321,1170.4896240234375,161.6971435546875,0.9990898370742798,1248.9923095703125,227.19580078125,0.976800799369812,1140.7152099609375,218.65406799316406,0.9934883117675781,1246.9503173828125,278.7727966308594,0.9605672955513,1137.2515869140625,277.13916015625,0.9832073450088501,1212.59521484375,281.1366882324219,0.9987723231315613,1168.6849365234375,277.4074401855469,0.9991497993469238,1199.8121337890625,355.73162841796875,0.9952641725540161,1156.3714599609375,352.2318420410156,0.9966573715209961,1181.864501953125,425.37548828125,0.9789251089096069,1142.943359375,423.04669189453125,0.9836962223052979
46,True,1214.8763427734375,128.4136199951172,0.9845350980758667,1222.269775390625,121.71114349365234,0.9443880319595337,1208.260009765625,119.9879150390625,0.9733003377914429,1230.31640625,125.00379180908203,0.6471652984619141,1193.9451904296875,120.55892944335938,0.8722236156463623,1237.4742431640625,168.2911834716797,0.9979463219642639,1170.531494140625,161.37428283691406,0.9991220831871033,1248.8671875,226.71327209472656,0.9775055050849915,1140.673583984375,217.35740661621094,0.9939059615135193,1247.1641845703125,277.83868408203125,0.9619129300117493,1136.9312744140625,274.7974853515625,0.9842185378074646,1212.0882568359375,280.44488525390625,0.9988184571266174,1168.4720458984375,276.59625244140625,0.9991900324821472,1199.224609375,355.8502197265625,0.9953291416168213,1156.066650390625,352.2161865234375,0.9967362284660339,1181.85791015625,425.87493896484375,0.9786928296089172,1143.010986328125,423.425048828125,0.9836268424987793
47,True,1214.3055419921875,128.209228515625,0.9843972325325012,1221.7532958984375,121.51222229003906,0.9459713101387024,1207.750732421875,119.8289566040039,0.9720520377159119,1230.15283203125,124.98259735107422,0.6616509556770325,1193.755859375,120.656982421875,0.8630660772323608,1237.68701171875,168.62954711914062,0.9979623556137085,1170.537353515625,161.87937927246094,0.999075174331665,1248.8236083984375,227.720947265625,0.9780253767967224,1140.72021484375,218.71971130371094,0.9934024214744568,1246.7747802734375,278.867919921875,0.9622234106063843,1136.8511962890625,276.6072998046875,0.9831095337867737,1212.119140625,281.2496032714844,0.9987912774085999,1168.38525390625,277.41748046875,0.9991461038589478,1199.145751953125,356.4275207519531,0.9952180981636047,1155.900634765625,352.7945556640625,0.9965484738349915,1181.974853515625,426.43292236328125,0.9782350063323975,1143.068359375,423.90057373046875,0.9828866124153137
48,True,1218.58984375,128.5509796142578,0.9832566380500793,1225.5631103515625,122.08106994628906,0.9263512492179871,1211.896484375,120.13355255126953,0.9755392074584961,1231.14013671875,125.26549530029297,0.5519670248031616,1195.913330078125,120.14248657226562,0.905357301235199,1234.93408203125,166.5274658203125,0.9980267882347107,1170.8094482421875,159.56558227539062,0.9993520379066467,1245.8514404296875,224.2974853515625,0.9787245392799377,1140.6123046875,214.505859375,0.996282160282135,1246.1795654296875,276.31048583984375,0.966076135635376,1135.1656494140625,268.7291564941406,0.989831805229187,1211.34130859375,273.74700927734375,0.9991686344146729,1169.52734375,270.4664001464844,0.9994966983795166,1199.199951171875,350.9182434082031,0.996921718120575,1158.62109375,348.2640380859375,0.9981082677841187,1180.83251953125,422.6274719238281,0.9856401681900024,1143.4273681640625,421.5918273925781,0.9899283051490784
49,True,1218.5284423828125,128.04562377929688,0.9833793044090271,1225.538330078125,121.67262268066406,0.9276124238967896,1211.9134521484375,119.68128967285156,0.9753848314285278,1231.247314453125,125.1346206665039,0.5592583417892456,1196.111328125,119.91922760009766,0.9034726619720459,1235.164306640625,166.70437622070312,0.9980702996253967,1170.9766845703125,159.44737243652344,0.999357283115387,1246.238525390625,224.41986083984375,0.9790946841239929,1140.6312255859375,214.03460693359375,0.9962590932846069,1246.4921875,276.41107177734375,0.966399073600769,1134.8704833984375,268.57476806640625,0.9897515773773193,1211.2725830078125,274.7012939453125,0.9991911053657532,1169.424072265625,271.26007080078125,0.999506950378418,1199.2071533203125,351.5038146972656,0.9970079064369202,1158.6138916015625,348.64849853515625,0.9981482028961182,1181.0794677734375,423.1482238769531,0.9860705733299255,1143.6212158203125,421.8186950683594,0.9901818633079529
50,True,1218.46337890625,127.76323699951172,0.9833537340164185,1225.4930419921875,121.35488891601562,0.9277075529098511,1211.838623046875,119.3851089477539,0.9751982092857361,1231.282958984375,124.82377624511719,0.5606565475463867,1196.080810546875,119.65583801269531,0.9025188684463501,1235.183837890625,166.47747802734375,0.9980732202529907,1171.0572509765625,159.3114013671875,0.9993543028831482,1246.107666015625,224.23928833007812,0.979296088218689,1140.6531982421875,213.99440002441406,0.9962558746337891,1246.5570068359375,276.3222961425781,0.9667158126831055,1134.8936767578125,268.4533996582031,0.9897710084915161,1211.3203125,274.5384521484375,0.9991896748542786,1169.519287109375,271.1256103515625,0.999504566192627,1198.995361328125,351.35931396484375,0.9969857335090637,1158.5902099609375,348.5457458496094,0.9981276392936707,1180.7918701171875,423.0890808105469,0.9858878254890442,1143.588623046875,421.83050537109375,0.9900274872779846
51,True,1218.09814453125,127.53156280517578,0.9835832715034485,1225.199951171875,121.15620422363281,0.9294174909591675,1211.545654296875,119.16462707519531,0.9751070737838745,1231.281005859375,124.72093963623047,0.5692898035049438,1196.05615234375,119.49560546875,0.9002106189727783,1235.2862548828125,166.41458129882812,0.9980925917625427,1171.162109375,159.099365234375,0.9993539452552795,1246.015380859375,224.22303771972656,0.9794225096702576,1140.6981201171875,213.67562866210938,0.9962168335914612,1246.482177734375,276.2743835449219,0.9668744802474976,1134.90771484375,268.1902770996094,0.989704430103302,1211.2744140625,274.114501953125,0.9991921782493591,1169.471923828125,270.61456298828125,0.9995040893554688,1199.0633544921875,350.983154296875,0.9970101118087769,1158.68603515625,348.0733337402344,0.9981365203857422,1180.731201171875,422.9649658203125,0.9860063791275024,1143.55517578125,421.576171875,0.9900896549224854
52,True,1217.0413818359375,128.44114685058594,0.9840098023414612,1224.3797607421875,121.97734069824219,0.9350273609161377,1210.6676025390625,119.95820617675781,0.9742423892021179,1231.382568359375,125.17105865478516,0.599031925201416,1195.856201171875,119.86030578613281,0.8893799185752869,1235.923583984375,166.82093811035156,0.9980977177619934,1171.34619140625,159.3109588623047,0.9993054866790771,1246.199951171875,224.75714111328125,0.9793023467063904,1140.81982421875,213.89996337890625,0.9956802129745483,1246.44580078125,276.5003662109375,0.966360330581665,1135.3843994140625,268.46807861328125,0.9885290265083313,1211.37109375,275.11279296875,0.9991523027420044,1169.286376953125,271.42041015625,0.9994608759880066,1198.9293212890625,351.7530517578125,0.9969357252120972,1158.203857421875,348.60968017578125,0.9980189800262451,1180.86328125,423.1939697265625,0.9859317541122437,1143.554931640625,421.56402587890625,0.9897770285606384
53,True,1218.013427734375,128.774658203125,0.9832514524459839,1225.06396484375,122.22640228271484,0.9301164746284485,1211.40771484375,120.3596420288086,0.9743072390556335,1231.3021240234375,125.11416625976562,0.5748915672302246,1195.9666748046875,120.19558715820312,0.8956044316291809,1235.61962890625,166.58642578125,0.9980137348175049,1171.313232421875,159.44842529296875,0.9992983341217041,1245.8472900390625,224.53521728515625,0.9785812497138977,1140.54931640625,214.1140594482422,0.9957624077796936,1246.6724853515625,276.5735168457031,0.9654397964477539,1135.4427490234375,268.8162841796875,0.988654375076294,1211.09228515625,274.9316711425781,0.9991394281387329,1169.2266845703125,271.44573974609375,0.9994602799415588,1198.9404296875,351.7381896972656,0.9969006776809692,1158.2623291015625,348.79180908203125,0.9980233907699585,1180.862060546875,423.3204345703125,0.9858642816543579,1143.4970703125,421.9087829589844,0.9898213148117065
54,True,1218.1207275390625,128.7736053466797,0.9833311438560486,1225.1490478515625,122.23487091064453,0.9299496412277222,1211.513916015625,120.37037658691406,0.9743770360946655,1231.287841796875,125.10124969482422,0.5739923715591431,1196.0286865234375,120.18885803222656,0.8964914083480835,1235.472412109375,166.37965393066406,0.998075008392334,1171.364990234375,159.3453826904297,0.9993189573287964,1245.7037353515625,224.15171813964844,0.9795733690261841,1140.562255859375,213.93264770507812,0.9959452748298645,1246.66943359375,276.2869567871094,0.9670068025588989,1135.2222900390625,268.5256042480469,0.9891452789306641,1211.1466064453125,274.58709716796875,0.9991779923439026,1169.3800048828125,271.168212890625,0.999483585357666,1199.058349609375,351.5111389160156,0.9970025420188904,1158.3323974609375,348.6517639160156,0.9980833530426025,1181.070556640625,423.1377868652344,0.9861006140708923,1143.43310546875,421.8315124511719,0.9899739027023315
55,True,1218.01025390625,128.7022247314453,0.9829899072647095,1225.0263671875,122.1514663696289,0.9288627505302429,1211.3836669921875,120.30846405029297,0.9738908410072327,1231.18359375,125.08404541015625,0.5712708830833435,1195.8927001953125,120.22923278808594,0.8950479626655579,1235.469970703125,166.50228881835938,0.9980218410491943,1171.2857666015625,159.5261993408203,0.9992985725402832,1245.772216796875,224.20660400390625,0.979128360748291,1140.539306640625,214.01751708984375,0.9958409667015076,1246.6585693359375,276.382568359375,0.9663419723510742,1135.2598876953125,268.50372314453125,0.988896369934082,1211.241455078125,275.0320129394531,0.999152660369873,1169.4173583984375,271.62750244140625,0.9994671940803528,1199.046630859375,351.6268615722656,0.9969140291213989,1158.2813720703125,348.7848815917969,0.9980249404907227,1180.921630859375,423.2093811035156,0.9857761263847351,1143.303466796875,421.91497802734375,0.989732563495636
56,True,1217.732666015625,128.1822967529297,0.9824337959289551,1224.648681640625,121.67809295654297,0.9271101951599121,1211.133056640625,119.90521240234375,0.9727208018302917,1230.779541015625,124.82791900634766,0.5704023838043213,1195.776611328125,120.16552734375,0.8916310667991638,1235.345458984375,166.36061096191406,0.9980269074440002,1171.2987060546875,159.64251708984375,0.9992873072624207,1245.884521484375,223.90658569335938,0.9796983003616333,1140.69091796875,213.9302215576172,0.9958274960517883,1246.7275390625,276.4349365234375,0.9671593308448792,1135.478515625,267.9635925292969,0.9889290928840637,1211.316162109375,274.8411865234375,0.9991729855537415,1169.5537109375,271.545166015625,0.9994750618934631,1199.3304443359375,351.5662536621094,0.9969862103462219,1158.4613037109375,348.8773193359375,0.9980524778366089,1181.218017578125,423.13348388671875,0.9860166907310486,1143.256103515625,422.00457763671875,0.9898403286933899
57,True,1218.199951171875,128.61544799804688,0.9823252558708191,1225.04052734375,122.09426879882812,0.9247344136238098,1211.549560546875,120.2977294921875,0.9732593297958374,1230.8360595703125,125.04757690429688,0.5569460391998291,1195.915771484375,120.31378173828125,0.8964701294898987,1235.1624755859375,166.27053833007812,0.9980130195617676,1171.301513671875,159.48133850097656,0.9993084669113159,1245.9034423828125,223.76499938964844,0.9795794486999512,1140.7415771484375,213.7460174560547,0.9960595369338989,1246.900146484375,276.31231689453125,0.9672488570213318,1135.4451904296875,267.892333984375,0.9894585609436035,1211.4307861328125,274.5054016113281,0.9991845488548279,1169.78662109375,271.2098388671875,0.9994916915893555,1199.2567138671875,351.3568115234375,0.997010350227356,1158.482421875,348.6590881347656,0.9981033802032471,1181.03662109375,423.06182861328125,0.9860469698905945,1143.136962890625,421.93798828125,0.989994466304779
58,True,1217.7523193359375,129.46319580078125,0.9830585718154907,1224.6790771484375,122.96662902832031,0.9269245862960815,1211.091064453125,121.04434204101562,0.9750756621360779,1230.60595703125,126.15339660644531,0.5567893981933594,1195.3603515625,121.1139907836914,0.9022674560546875,1235.8070068359375,168.00213623046875,0.9979826211929321,1170.154052734375,160.6387481689453,0.9993351101875305,1247.718994140625,225.58465576171875,0.9777935147285461,1139.667724609375,215.10641479492188,0.9961147308349609,1247.093017578125,277.2832946777344,0.9645471572875977,1135.4619140625,270.52252197265625,0.9893731474876404,1212.20263671875,275.76007080078125,0.9991521835327148,1169.47607421875,272.1861572265625,0.999487042427063,1199.435791015625,352.1798400878906,0.9969255328178406,1157.686279296875,349.02520751953125,0.9981153011322021,1181.90869140625,423.4552917480469,0.9860199093818665,1144.279541015625,421.8040771484375,0.9902172088623047
59,True,1217.357421875,129.48031616210938,0.9834787845611572,1224.37841796875,122.98487091064453,0.9313015937805176,1210.73095703125,121.1521224975586,0.9749463200569153,1230.814697265625,126.22706604003906,0.5776748061180115,1195.3779296875,121.4447021484375,0.8970606327056885,1236.40087890625,168.13665771484375,0.9979797005653381,1170.462890625,161.103515625,0.9993070363998413,1247.8983154296875,225.45358276367188,0.9772172570228577,1139.6182861328125,215.53671264648438,0.9957393407821655,1246.8975830078125,277.09619140625,0.9632352590560913,1135.223876953125,271.2862548828125,0.9884164333343506,1212.13232421875,276.1795654296875,0.9991149306297302,1169.235595703125,272.658935546875,0.9994544386863708,1199.7962646484375,352.448486328125,0.9968344569206238,1157.790283203125,349.3480224609375,0.9980250597000122,1181.9000244140625,423.69403076171875,0.9858714938163757,1144.05029296875,422.114501953125,0.9899892807006836
60,True,1215.1014404296875,127.90504455566406,0.9844455122947693,1222.388916015625,121.37315368652344,0.9449673891067505,1208.59228515625,119.71922302246094,0.9713097810745239,1230.4542236328125,125.38746643066406,0.6666540503501892,1194.7197265625,121.15083312988281,0.8640291094779968,1236.8299560546875,169.05294799804688,0.9983073472976685,1171.8912353515625,161.79415893554688,0.9992166757583618,1246.04638671875,227.03956604003906,0.982386589050293,1140.9327392578125,216.10935974121094,0.9945160746574402,1245.784912109375,277.5697021484375,0.9695309996604919,1135.98095703125,272.2008056640625,0.9860711693763733,1210.9852294921875,275.9263610839844,0.9991544485092163,1168.697998046875,272.0113830566406,0.999394416809082,1199.70166015625,352.6782531738281,0.9969069361686707,1157.9127197265625,348.9485778808594,0.9977335929870605,1182.7886962890625,423.89654541015625,0.9856260418891907,1144.4228515625,421.132568359375,0.9885872006416321
61,True,1215.7767333984375,128.5645294189453,0.9852404594421387,1222.4652099609375,122.20246124267578,0.9498258233070374,1209.0206298828125,120.67282104492188,0.9743106365203857,1228.895263671875,125.37533569335938,0.6769787669181824,1194.386962890625,121.37042236328125,0.8811697959899902,1235.238037109375,167.73477172851562,0.9984498023986816,1170.572509765625,161.4276580810547,0.9990129470825195,1245.6397705078125,225.06661987304688,0.9848628640174866,1139.3489990234375,215.1056671142578,0.9924250841140747,1247.1468505859375,278.29547119140625,0.9713255167007446,1134.9189453125,274.4926452636719,0.9818499684333801,1209.907958984375,273.0564880371094,0.998955488204956,1168.1629638671875,270.1027526855469,0.9991384744644165,1199.0592041015625,351.83050537109375,0.9957256317138672,1157.10107421875,349.426025390625,0.996277391910553,1180.6591796875,423.34783935546875,0.979492723941803,1140.9617919921875,421.34814453125,0.9810668230056763
62,True,1215.60693359375,128.6934814453125,0.9851256608963013,1222.20849609375,122.33879089355469,0.9494322538375854,1208.853515625,120.87478637695312,0.9740392565727234,1228.6041259765625,125.51419830322266,0.676652729511261,1194.291015625,121.68351745605469,0.8806029558181763,1235.176025390625,167.8333740234375,0.9984627962112427,1170.58154296875,161.68272399902344,0.9990192651748657,1245.6640625,225.09983825683594,0.9851006865501404,1139.308837890625,215.29641723632812,0.9925234913825989,1246.974365234375,278.2738037109375,0.9717501401901245,1134.9071044921875,274.59375,0.9820894002914429,1209.940185546875,272.94464111328125,0.9989742040634155,1168.2589111328125,270.0350036621094,0.9991531372070312,1199.010498046875,351.7563171386719,0.9957963228225708,1157.068115234375,349.3858337402344,0.9963353872299194,1180.598388671875,423.34686279296875,0.9797454476356506,1140.9609375,421.3713684082031,0.9812899231910706
63,True,1215.644287109375,128.70782470703125,0.9851186871528625,1222.246826171875,122.34242248535156,0.9494196772575378,1208.8714599609375,120.88016510009766,0.9740724563598633,1228.62939453125,125.52561950683594,0.6762821078300476,1194.269775390625,121.70108032226562,0.8807972073554993,1235.219970703125,167.92689514160156,0.9984583854675293,1170.547119140625,161.7608642578125,0.9990166425704956,1245.7342529296875,225.2358856201172,0.9850215315818787,1139.2822265625,215.38829040527344,0.9924846291542053,1246.9979248046875,278.3427429199219,0.9715998768806458,1134.9136962890625,274.6405334472656,0.9819942116737366,1209.959228515625,273.1154479980469,0.9989699125289917,1168.229248046875,270.1987609863281,0.9991495609283447,1199.0264892578125,351.8629150390625,0.995788037776947,1157.0439453125,349.4799499511719,0.9963281750679016,1180.6085205078125,423.3650207519531,0.979764461517334,1140.976806640625,421.3699035644531,0.9813065528869629
64,True,1215.479736328125,128.89492797851562,0.9851850271224976,1222.1778564453125,122.51831817626953,0.9499443173408508,1208.7530517578125,121.01323699951172,0.9739283919334412,1228.7646484375,125.6565170288086,0.6797162294387817,1194.2623291015625,121.7105712890625,0.8788672685623169,1235.2490234375,168.01022338867188,0.9984599351882935,1170.5042724609375,161.78878784179688,0.9990079998970032,1245.6666259765625,225.45401000976562,0.9850360155105591,1139.2823486328125,215.61634826660156,0.9923710823059082,1247.1556396484375,278.6509704589844,0.971619725227356,1135.066650390625,274.85162353515625,0.9817945957183838,1209.764404296875,273.2138366699219,0.9989639520645142,1167.9886474609375,270.29962158203125,0.9991406202316284,1199.095947265625,352.0304260253906,0.9957703948020935,1157.263427734375,349.6835632324219,0.9962980151176453,1180.5198974609375,423.3309631347656,0.9796979427337646,1141.1212158203125,421.406982421875,0.9811935424804688
65,True,1215.598876953125,128.8516387939453,0.9851668477058411,1222.2904052734375,122.47100830078125,0.9490253925323486,1208.8033447265625,120.92642211914062,0.9745868444442749,1228.58984375,125.61305236816406,0.6706531047821045,1193.98388671875,121.55111694335938,0.883830189704895,1234.864013671875,167.94549560546875,0.9984246492385864,1169.9071044921875,161.82870483398438,0.9990110397338867,1245.51416015625,225.4761962890625,0.9845287203788757,1138.90234375,216.16827392578125,0.9924390316009521,1247.30615234375,278.59490966796875,0.970735490322113,1135.0322265625,275.37005615234375,0.9817741513252258,1209.716552734375,273.8360595703125,0.9989272952079773,1167.776123046875,271.04034423828125,0.9991210103034973,1199.04541015625,352.5469665527344,0.9955589771270752,1156.966796875,350.35821533203125,0.9961601495742798,1180.672607421875,423.28271484375,0.978721559047699,1140.9368896484375,421.5704040527344,0.9804526567459106
66,True,1214.6802978515625,128.32113647460938,0.9843093156814575,1221.9501953125,121.76316833496094,0.9456499218940735,1208.03857421875,120.13829040527344,0.9714323878288269,1229.8404541015625,125.61288452148438,0.6673696041107178,1193.87451171875,121.45942687988281,0.8649905323982239,1236.36376953125,168.9426727294922,0.9982640147209167,1170.8668212890625,162.36911010742188,0.9991672039031982,1246.26806640625,226.81878662109375,0.981715202331543,1140.3759765625,218.0874481201172,0.9939175844192505,1246.324462890625,277.87274169921875,0.9680444002151489,1135.949951171875,275.98736572265625,0.9846011400222778,1211.2818603515625,276.5162658691406,0.9991028308868408,1168.7001953125,272.97882080078125,0.9993439316749573,1199.9246826171875,352.9190673828125,0.9967915415763855,1158.1279296875,349.5894470214844,0.9975948929786682,1182.6861572265625,423.4897155761719,0.985519289970398,1144.7186279296875,421.08349609375,0.9883129000663757
67,True,1214.6285400390625,128.353759765625,0.9842979311943054,1221.9097900390625,121.79489135742188,0.9446165561676025,1208.0269775390625,120.14229583740234,0.9715501666069031,1229.8173828125,125.62694549560547,0.6623130440711975,1193.8653564453125,121.3759765625,0.8669495582580566,1236.2725830078125,168.9110870361328,0.9982842803001404,1170.7216796875,162.26828002929688,0.9991975426673889,1246.233154296875,226.74591064453125,0.9819633960723877,1140.293701171875,217.89181518554688,0.9942710399627686,1246.630126953125,277.91131591796875,0.9686766266822815,1136.601318359375,275.30279541015625,0.9854243397712708,1211.1998291015625,276.54974365234375,0.9991328120231628,1168.588134765625,273.015869140625,0.9993744492530823,1199.7960205078125,353.076171875,0.9968634843826294,1158.1689453125,349.79052734375,0.9976856708526611,1182.4659423828125,423.34722900390625,0.9856685400009155,1144.8936767578125,421.0926513671875,0.9885669946670532
68,True,1214.611328125,128.34866333007812,0.9842825531959534,1221.8939208984375,121.79283142089844,0.9443284869194031,1208.0184326171875,120.13007354736328,0.9716600179672241,1229.804443359375,125.63500213623047,0.6603955626487732,1193.8455810546875,121.36009216308594,0.8677691221237183,1236.36474609375,168.9478759765625,0.9982715845108032,1170.638916015625,162.29428100585938,0.9992008805274963,1246.55712890625,226.68118286132812,0.9817031025886536,1140.314453125,217.88314819335938,0.994306743144989,1246.571044921875,277.6585693359375,0.9682989120483398,1136.776611328125,275.26922607421875,0.9854689240455627,1211.3544921875,276.85321044921875,0.9991280436515808,1168.627685546875,273.302001953125,0.9993749260902405,1199.7554931640625,353.2830505371094,0.9968442916870117,1158.04931640625,349.97076416015625,0.9976880550384521,1182.447998046875,423.40545654296875,0.985612154006958,1144.947021484375,421.1421203613281,0.9885807633399963
69,True,1213.4332275390625,128.3683319091797,0.9843307137489319,1220.804443359375,121.82599639892578,0.9467898011207581,1207.084228515625,120.20054626464844,0.9697311520576477,1229.55517578125,125.55823516845703,0.6833430528640747,1193.7373046875,121.39176940917969,0.8518771529197693,1236.91455078125,168.83482360839844,0.9983227849006653,1170.989990234375,161.88632202148438,0.9991781115531921,1246.84326171875,227.1265869140625,0.9827074408531189,1140.361328125,217.2715301513672,0.9941009879112244,1246.310546875,278.07537841796875,0.9697661399841309,1136.7764892578125,274.64111328125,0.9852187037467957,1211.104248046875,276.5244445800781,0.9991446733474731,1168.2698974609375,272.6898193359375,0.9993711113929749,1199.66357421875,353.03033447265625,0.996878981590271,1157.8057861328125,349.3515625,0.9976565837860107,1182.526611328125,423.4569396972656,0.9855484366416931,1145.0694580078125,420.7413330078125,0.9883345365524292
70,True,1214.314453125,129.02687072753906,0.9845523834228516,1221.7265625,122.46028137207031,0.946162223815918,1207.9111328125,120.72982788085938,0.9712229371070862,1230.107421875,125.96493530273438,0.6725897789001465,1194.1370849609375,121.50874328613281,0.8612298965454102,1236.8404541015625,168.9510498046875,0.9982953667640686,1170.962646484375,161.85726928710938,0.9991979002952576,1246.7435302734375,227.02691650390625,0.9820250272750854,1140.378173828125,217.23239135742188,0.9942565560340881,1246.2637939453125,278.0828857421875,0.9688360691070557,1136.736572265625,274.79638671875,0.9854559302330017,1211.1275634765625,276.8329772949219,0.9991299510002136,1168.310791015625,273.0180358886719,0.9993721842765808,1199.549560546875,353.25677490234375,0.9968339800834656,1157.725830078125,349.633544921875,0.9976667165756226,1182.5927734375,423.38787841796875,0.9854610562324524,1145.1572265625,420.8271789550781,0.9884131550788879
71,True,1214.2662353515625,128.9535369873047,0.9845065474510193,1221.6141357421875,122.39111328125,0.9458885788917542,1207.80126953125,120.72637939453125,0.9712098836898804,1229.9482421875,125.93428802490234,0.6715274453163147,1194.00048828125,121.65925598144531,0.8616598844528198,1236.8304443359375,168.84091186523438,0.9982962012290955,1171.012451171875,161.8458709716797,0.9992021918296814,1246.8482666015625,226.71365356445312,0.9821009039878845,1140.28759765625,216.78109741210938,0.9943342208862305,1246.476318359375,277.498779296875,0.9690064191818237,1136.4951171875,273.6167907714844,0.9856501221656799,1211.16455078125,276.19952392578125,0.9991377592086792,1168.392333984375,272.4111328125,0.9993795156478882,1199.771240234375,352.6629638671875,0.996862530708313,1157.9552001953125,349.0602722167969,0.9976957440376282,1182.5860595703125,423.2684326171875,0.9855526089668274,1145.137451171875,420.70916748046875,0.9885144829750061
72,True,1214.19970703125,130.41702270507812,0.9847283363342285,1221.828125,123.90432739257812,0.9465493559837341,1208.0643310546875,122.052490234375,0.9710044860839844,1230.6068115234375,126.88412475585938,0.6743521094322205,1194.61181640625,122.09346771240234,0.8579564094543457,1236.8997802734375,168.3053741455078,0.9983646273612976,1171.0919189453125,161.96388244628906,0.9992290735244751,1246.910400390625,226.15457153320312,0.9827949404716492,1140.8856201171875,218.70762634277344,0.9944705963134766,1246.334228515625,277.6070251464844,0.970308244228363,1136.1971435546875,276.57733154296875,0.9860454201698303,1211.5225830078125,277.62353515625,0.9992030262947083,1168.68212890625,274.2530517578125,0.9994235038757324,1200.524658203125,352.9140625,0.9971882700920105,1158.7740478515625,349.96923828125,0.9979268312454224,1182.452392578125,422.4737548828125,0.9872304797172546,1144.642578125,420.8511657714844,0.9898293614387512
73,True,1214.4573974609375,130.42694091796875,0.9845214486122131,1222.10107421875,123.9016342163086,0.9460234045982361,1208.361572265625,121.98762512207031,0.970984160900116,1230.7908935546875,126.66950225830078,0.6705672144889832,1194.825927734375,121.71295166015625,0.8580615520477295,1236.86376953125,168.06143188476562,0.9982905983924866,1171.111328125,161.3617401123047,0.9991976618766785,1246.791259765625,225.82493591308594,0.9817721843719482,1140.8626708984375,217.7240753173828,0.9941784143447876,1246.25,277.5404968261719,0.9686561822891235,1136.054443359375,276.305419921875,0.9853283762931824,1211.287109375,277.65203857421875,0.9991660118103027,1168.4700927734375,274.1370849609375,0.999397873878479,1200.5908203125,352.9219665527344,0.9971252083778381,1158.5250244140625,349.78155517578125,0.9978845715522766,1183.117431640625,422.51397705078125,0.9872375726699829,1144.707763671875,420.6554260253906,0.9898444414138794
74,True,1214.4930419921875,130.4422149658203,0.9844018816947937,1222.1380615234375,123.9071273803711,0.9459494948387146,1208.396240234375,122.0064697265625,0.9708300828933716,1230.786865234375,126.64226531982422,0.6699278950691223,1194.8519287109375,121.71142578125,0.8573861122131348,1236.67333984375,167.980224609375,0.9982531666755676,1171.169677734375,161.49014282226562,0.9991733431816101,1246.411865234375,225.54359436035156,0.9813490509986877,1140.978515625,217.9654083251953,0.9939450621604919,1246.076416015625,277.1527099609375,0.9679173827171326,1135.9810791015625,276.52947998046875,0.9847853183746338,1211.3662109375,278.11236572265625,0.9991366267204285,1168.7003173828125,274.7147216796875,0.999373733997345,1200.583251953125,353.39678955078125,0.9970320463180542,1158.685302734375,350.4046325683594,0.9978026747703552,1183.115234375,422.71771240234375,0.9869237542152405,1144.646728515625,421.021240234375,0.9895479679107666
75,True,1213.913818359375,130.228759765625,0.9840831160545349,1221.4091796875,123.74810028076172,0.945185661315918,1207.7769775390625,121.97950744628906,0.9697499871253967,1230.052490234375,126.77861022949219,0.6718864440917969,1194.3836669921875,122.22246551513672,0.8533691167831421,1236.5810546875,168.14837646484375,0.9982923865318298,1171.0679931640625,162.0061798095703,0.9991785883903503,1246.714111328125,225.6368408203125,0.9823833703994751,1140.89697265625,218.23638916015625,0.994134247303009,1245.825927734375,277.309326171875,0.969556450843811,1135.66552734375,276.18994140625,0.9853213429450989,1211.5948486328125,277.5953674316406,0.9991681575775146,1168.90771484375,274.28656005859375,0.999392032623291,1200.6923828125,353.10723876953125,0.9970762729644775,1158.7130126953125,350.1990051269531,0.9978177547454834,1183.0606689453125,422.99365234375,0.9868082404136658,1144.5362548828125,421.3289794921875,0.9893976449966431
76,True,1213.3499755859375,130.87916564941406,0.9850978851318359,1220.4306640625,124.60084533691406,0.9535842537879944,1207.140380859375,123.02772521972656,0.9713575839996338,1228.485107421875,127.00810241699219,0.7095036506652832,1193.890625,122.85151672363281,0.8553922772407532,1235.7318115234375,167.68597412109375,0.9984532594680786,1170.2705078125,161.9817352294922,0.9989019632339478,1246.4365234375,224.9402618408203,0.9850872755050659,1139.069580078125,216.38308715820312,0.9910218119621277,1247.29345703125,278.30743408203125,0.9713435173034668,1134.06787109375,275.0719909667969,0.9792317152023315,1210.3453369140625,276.3153076171875,0.9989400506019592,1168.0457763671875,273.59259033203125,0.999078631401062,1200.21630859375,352.7972717285156,0.9958541393280029,1157.478515625,350.8144226074219,0.996199905872345,1181.509765625,422.5841064453125,0.980864942073822,1140.817138671875,421.15521240234375,0.9817004799842834
77,True,1211.6966552734375,130.4586639404297,0.9851346611976624,1218.9097900390625,124.18431091308594,0.9564279913902283,1205.65478515625,122.68302154541016,0.9697737693786621,1227.8660888671875,126.75720977783203,0.7320452928543091,1193.1951904296875,122.79265594482422,0.8393734693527222,1235.9483642578125,167.63543701171875,0.9984411597251892,1170.156005859375,162.26614379882812,0.9988112449645996,1246.81982421875,224.617919921875,0.9849067330360413,1138.867919921875,216.7467041015625,0.9897754192352295,1247.5584716796875,277.71673583984375,0.9705924391746521,1133.885498046875,275.4781188964844,0.9767821431159973,1210.5166015625,276.2521057128906,0.9988906979560852,1168.0814208984375,273.5867919921875,0.9990031123161316,1200.296142578125,352.3848876953125,0.9957749247550964,1157.680908203125,350.466064453125,0.9959971904754639,1181.17578125,422.64447021484375,0.9808946251869202,1140.9169921875,421.2627868652344,0.9813060164451599
78,True,1211.8375244140625,130.48890686035156,0.9851480722427368,1218.9913330078125,124.26388549804688,0.9561185836791992,1205.677001953125,122.76437377929688,0.970689594745636,1227.6036376953125,126.89573669433594,0.7256805896759033,1192.8922119140625,122.95126342773438,0.8458042740821838,1235.58349609375,167.56509399414062,0.9983969330787659,1169.7288818359375,162.33541870117188,0.9988012313842773,1246.6414794921875,224.14346313476562,0.9841182231903076,1138.4847412109375,216.76934814453125,0.9895644187927246,1247.4564208984375,277.52313232421875,0.9691376090049744,1133.12255859375,276.2784423828125,0.97613924741745,1210.6163330078125,276.2002868652344,0.9988605976104736,1168.1168212890625,273.6351013183594,0.9989847540855408,1200.6285400390625,352.41717529296875,0.9957393407821655,1157.7635498046875,350.587646484375,0.9959992170333862,1181.4920654296875,422.8561706542969,0.9811391234397888,1140.7744140625,421.5,0.9816531538963318
79,True,1212.539306640625,130.36050415039062,0.9848785996437073,1219.4622802734375,124.09737396240234,0.9535554051399231,1206.226318359375,122.65859985351562,0.971748948097229,1227.3311767578125,126.64874267578125,0.7062718272209167,1192.9183349609375,122.86681365966797,0.8577233552932739,1235.0921630859375,167.4286651611328,0.9983342289924622,1169.367919921875,162.32093811035156,0.9988222718238831,1246.4415283203125,223.84292602539062,0.9832360148429871,1138.063720703125,216.7076416015625,0.9899740219116211,1247.4151611328125,277.1463317871094,0.9677751064300537,1132.882568359375,276.43548583984375,0.9767121076583862,1210.194091796875,275.8181457519531,0.9988364577293396,1167.7969970703125,273.357666015625,0.9989905953407288,1200.611328125,352.1441650390625,0.9956678152084351,1157.5811767578125,350.4020690917969,0.9960450530052185,1181.7239990234375,422.890625,0.9809951186180115,1140.7109375,421.64654541015625,0.9818665385246277
80,True,1212.4246826171875,129.7083282470703,0.9849100708961487,1219.20849609375,123.40592193603516,0.9535727500915527,1206.00634765625,122.07664489746094,0.9714875817298889,1226.842041015625,126.0670394897461,0.7080756425857544,1192.5843505859375,122.59602355957031,0.8576366901397705,1234.83203125,167.13961791992188,0.9984220266342163,1169.27392578125,162.25802612304688,0.998856782913208,1246.3402099609375,223.74786376953125,0.9846985936164856,1138.0689697265625,216.55384826660156,0.9904525279998779,1246.98291015625,277.6502685546875,0.9703518152236938,1132.66015625,276.2215881347656,0.9779216647148132,1210.0556640625,275.3981018066406,0.9989050626754761,1167.73876953125,272.99530029296875,0.9990371465682983,1200.472900390625,352.0448913574219,0.9957925081253052,1157.3460693359375,350.3388977050781,0.9960969090461731,1181.89697265625,422.8861999511719,0.9809139370918274,1140.689453125,421.63250732421875,0.9815812110900879
81,True,1212.9869384765625,129.96644592285156,0.984943151473999,1219.80517578125,123.69212341308594,0.9521338939666748,1206.5054931640625,122.21630859375,0.9729689955711365,1227.03759765625,126.34480285644531,0.6923214793205261,1192.5821533203125,122.47915649414062,0.8679682016372681,1234.664306640625,167.34405517578125,0.9983298182487488,1168.69384765625,162.09494018554688,0.9988687634468079,1246.520751953125,224.01974487304688,0.9831345081329346,1137.7138671875,216.4532470703125,0.9906028509140015,1246.656005859375,278.1283874511719,0.9678102731704712,1132.45947265625,276.51275634765625,0.9779232740402222,1210.2841796875,275.6351623535156,0.9988425374031067,1167.70263671875,273.1678466796875,0.9990158081054688,1200.383056640625,351.94976806640625,0.995627760887146,1157.1453857421875,350.1872863769531,0.996085524559021,1181.8350830078125,422.82916259765625,0.980658769607544,1140.878662109375,421.5632629394531,0.9817894101142883
82,True,1212.6873779296875,129.66946411132812,0.984983503818512,1219.50830078125,123.40470886230469,0.9522910714149475,1206.2060546875,121.95577239990234,0.9728760123252869,1226.7694091796875,126.16703796386719,0.6940207481384277,1192.337890625,122.37413024902344,0.8672901391983032,1234.383056640625,167.16957092285156,0.998349666595459,1168.5487060546875,162.0611572265625,0.9988753199577332,1246.189208984375,223.825439453125,0.9834291934967041,1137.6739501953125,216.45809936523438,0.9906772375106812,1246.3963623046875,278.1732177734375,0.9683324694633484,1132.36767578125,276.50787353515625,0.9781318306922913,1210.01318359375,275.128662109375,0.9988603591918945,1167.5052490234375,272.723876953125,0.999028205871582,1200.26953125,351.656005859375,0.9956887364387512,1157.136962890625,349.97515869140625,0.9961295127868652,1181.89794921875,422.8981018066406,0.9808169007301331,1140.9737548828125,421.72955322265625,0.981903076171875
83,True,1211.9761962890625,129.53546142578125,0.9852854609489441,1218.867431640625,123.28982543945312,0.954099178314209,1205.628173828125,121.81977081298828,0.9722244143486023,1226.66064453125,126.0834732055664,0.7086511850357056,1192.301025390625,122.24372863769531,0.8595243692398071,1234.5909423828125,167.36740112304688,0.9984208345413208,1169.10888671875,161.6239013671875,0.9988958835601807,1246.172119140625,224.56114196777344,0.9843596816062927,1138.041259765625,215.28515625,0.9908576607704163,1246.3056640625,278.3711242675781,0.9699591398239136,1132.2027587890625,274.3822021484375,0.9787513017654419,1209.800048828125,274.9358215332031,0.9989089965820312,1167.562744140625,272.16497802734375,0.9990600943565369,1200.0733642578125,351.49853515625,0.9958276152610779,1157.479248046875,349.3585510253906,0.9962180256843567,1181.7412109375,423.0887145996094,0.981084406375885,1141.429443359375,421.32440185546875,0.9820389151573181
84,True,1210.018310546875,129.25424194335938,0.9852333664894104,1217.119873046875,122.92325592041016,0.9581725597381592,1203.98193359375,121.5721435546875,0.9680658578872681,1226.294677734375,125.91059875488281,0.7491916418075562,1191.912841796875,122.34710693359375,0.8275353312492371,1235.40185546875,167.57423400878906,0.998593270778656,1169.2967529296875,162.27545166015625,0.9988242983818054,1246.422119140625,225.31442260742188,0.9874497652053833,1137.5814208984375,216.90065002441406,0.9900660514831543,1246.975341796875,279.67022705078125,0.9750180840492249,1133.0107421875,276.0873718261719,0.9779437780380249,1209.8126220703125,274.1355895996094,0.998993456363678,1167.2392578125,271.377197265625,0.9990529417991638,1198.463623046875,351.44146728515625,0.9960029721260071,1155.546630859375,349.3622131347656,0.9960047602653503,1180.8695068359375,423.6063537597656,0.9807800650596619,1140.694580078125,421.99749755859375,0.9804627895355225
85,True,1209.581787109375,128.65484619140625,0.9853866100311279,1216.66943359375,122.36139678955078,0.957912027835846,1203.51708984375,121.00616455078125,0.9684749841690063,1225.9434814453125,125.44914245605469,0.7470540404319763,1191.451416015625,121.87796020507812,0.8290907144546509,1235.5205078125,167.80642700195312,0.9986031651496887,1169.0595703125,161.52737426757812,0.9988734126091003,1246.8524169921875,226.30184936523438,0.9875138401985168,1137.361328125,215.162353515625,0.9907634854316711,1246.8343505859375,279.79473876953125,0.975138783454895,1132.7999267578125,273.67071533203125,0.9791821837425232,1209.6260986328125,276.9259033203125,0.9989961981773376,1166.7396240234375,273.5948486328125,0.999075174331665,1197.593017578125,353.93902587890625,0.9957606196403503,1153.9395751953125,351.07501220703125,0.9958540201187134,1181.1712646484375,424.62750244140625,0.9790639281272888,1140.07666015625,421.9704895019531,0.9790417551994324
86,True,1210.0902099609375,128.22702026367188,0.9854260683059692,1217.17236328125,122.01670837402344,0.9570377469062805,1204.0,120.57804107666016,0.9694269895553589,1226.160400390625,125.30330657958984,0.738840639591217,1191.6890869140625,121.50739288330078,0.8371850848197937,1235.29833984375,167.7083740234375,0.9985930323600769,1168.97998046875,161.2301025390625,0.998907208442688,1246.6497802734375,226.0374298095703,0.9871949553489685,1137.280029296875,214.85508728027344,0.9911063313484192,1247.050048828125,279.5036315917969,0.9746048450469971,1132.794189453125,273.779541015625,0.9796793460845947,1209.736328125,276.9853820800781,0.9990012049674988,1166.9400634765625,273.64117431640625,0.9990965127944946,1197.552001953125,353.9469909667969,0.9957807064056396,1154.1343994140625,351.07806396484375,0.9959502220153809,1180.8067626953125,424.43267822265625,0.9792485237121582,1139.891357421875,421.73504638671875,0.9794984459877014
87,True,1209.771240234375,128.06065368652344,0.9849207997322083,1216.854736328125,121.76671600341797,0.9530971050262451,1203.470703125,120.277587890625,0.9701586961746216,1225.4163818359375,125.03619384765625,0.711635410785675,1190.5872802734375,121.06391143798828,0.8489643335342407,1233.6444091796875,167.22669982910156,0.9985002279281616,1168.0430908203125,160.97372436523438,0.9989224672317505,1244.673828125,225.6160888671875,0.9864948987960815,1137.2418212890625,215.36093139648438,0.9917933344841003,1246.3841552734375,278.3472900390625,0.973991870880127,1133.147216796875,273.5162353515625,0.9811257123947144,1209.51708984375,276.5889892578125,0.9989649057388306,1167.0931396484375,273.51806640625,0.9990988969802856,1197.4500732421875,352.9075927734375,0.9956135749816895,1154.5355224609375,350.36260986328125,0.9959592223167419,1180.315673828125,423.32122802734375,0.9784441590309143,1139.5784912109375,420.9802551269531,0.9793148040771484
88,True,1209.33203125,127.24047088623047,0.984541654586792,1216.1971435546875,120.91410827636719,0.9521844387054443,1202.674560546875,119.713623046875,0.9702236652374268,1224.319580078125,124.28839874267578,0.705344557762146,1189.299560546875,121.12332916259766,0.8520873188972473,1232.685302734375,166.277099609375,0.9984511137008667,1166.708740234375,160.81919860839844,0.9988705515861511,1243.0272216796875,222.561767578125,0.9860571622848511,1134.600830078125,213.4949951171875,0.9912791848182678,1245.1055908203125,274.4838562011719,0.9732752442359924,1130.747314453125,271.39361572265625,0.9801579117774963,1207.953125,274.5338134765625,0.9989615678787231,1165.22216796875,271.831787109375,0.9990867376327515,1198.029541015625,351.2930603027344,0.9958017468452454,1154.25439453125,349.0871887207031,0.9960970282554626,1181.093017578125,422.36456298828125,0.9799551367759705,1139.3310546875,420.3179931640625,0.9806146025657654
89,True,1206.504150390625,129.08758544921875,0.9843234419822693,1213.5118408203125,122.59806060791016,0.951795756816864,1199.8780517578125,121.2630844116211,0.9708749651908875,1221.8719482421875,125.49835205078125,0.6980504393577576,1186.430419921875,121.94029998779297,0.8535759449005127,1230.8614501953125,168.1698760986328,0.9982251524925232,1163.8328857421875,161.7385711669922,0.9987685084342957,1241.8583984375,226.52394104003906,0.9825602173805237,1132.453369140625,214.73626708984375,0.9900009632110596,1242.12060546875,277.4720153808594,0.9668418765068054,1128.4564208984375,270.4200744628906,0.9770147800445557,1207.19189453125,277.4579772949219,0.9987622499465942,1163.766845703125,274.3819580078125,0.9989424347877502,1197.33056640625,353.3072204589844,0.9953125715255737,1152.083740234375,350.62310791015625,0.9957793951034546,1182.8564453125,424.284423828125,0.9793974757194519,1139.4761962890625,421.68035888671875,0.9804806113243103
90,True,1203.9613037109375,128.6703643798828,0.9837581515312195,1210.6917724609375,122.15508270263672,0.9493851065635681,1197.14990234375,121.02528381347656,0.9705874919891357,1218.4493408203125,124.83661651611328,0.6839470863342285,1183.2720947265625,121.8511962890625,0.8569296598434448,1227.6614990234375,167.32008361816406,0.9981669187545776,1160.18798828125,161.20791625976562,0.9987015724182129,1238.51416015625,225.36195373535156,0.9823228716850281,1128.060546875,213.5039520263672,0.9894997477531433,1237.433349609375,277.614501953125,0.966370701789856,1123.9482421875,270.54296875,0.9761083722114563,1202.92578125,278.2822570800781,0.9987329840660095,1159.124267578125,275.4423522949219,0.9989039897918701,1196.135498046875,353.4099426269531,0.9952502250671387,1150.2862548828125,350.9525146484375,0.9956766963005066,1182.7611083984375,425.24267578125,0.9794573187828064,1138.969970703125,422.77349853515625,0.9803369641304016
91,True,1199.0107421875,129.01150512695312,0.9843971133232117,1206.53271484375,122.58053588867188,0.9527742862701416,1193.0794677734375,120.97432708740234,0.9677161574363708,1216.4774169921875,125.95543670654297,0.7230271100997925,1180.966552734375,121.91358947753906,0.8265380263328552,1226.0728759765625,169.1993408203125,0.9984020590782166,1158.45068359375,162.37515258789062,0.9990732669830322,1236.0623779296875,226.48696899414062,0.9835221767425537,1127.535400390625,214.60079956054688,0.9926364421844482,1234.4892578125,279.40960693359375,0.97008216381073,1123.007568359375,270.43267822265625,0.9823988080024719,1202.25439453125,281.56134033203125,0.9991764426231384,1158.27978515625,278.1483459472656,0.9993433356285095,1196.04931640625,356.2284851074219,0.9971421360969543,1150.6868896484375,352.9197692871094,0.9976726174354553,1186.050537109375,424.2400817871094,0.9874311685562134,1143.607177734375,421.8258361816406,0.9891777038574219
92,True,1200.487548828125,127.79837036132812,0.982014000415802,1207.09228515625,121.57976531982422,0.9430650472640991,1193.580322265625,120.45421600341797,0.9694916605949402,1214.70361328125,125.42985534667969,0.6536909937858582,1179.569580078125,122.43991088867188,0.8598284125328064,1224.6700439453125,168.8726348876953,0.9978371262550354,1156.1259765625,162.38653564453125,0.9985811710357666,1235.0848388671875,226.32595825195312,0.9784624576568604,1123.39697265625,213.73828125,0.9887568354606628,1234.5079345703125,279.1601867675781,0.95973140001297,1120.960205078125,271.31292724609375,0.9740155935287476,1202.122802734375,281.32159423828125,0.9985665678977966,1157.3486328125,278.5296630859375,0.9988083839416504,1197.2557373046875,356.55023193359375,0.9947815537452698,1148.7802734375,354.10369873046875,0.9954604506492615,1185.9176025390625,426.154541015625,0.9787908792495728,1138.368408203125,423.4013671875,0.9803205728530884
93,True,1196.97802734375,127.5296401977539,0.9823662638664246,1204.4661865234375,121.32978057861328,0.9457718133926392,1191.162109375,119.70135498046875,0.9649003148078918,1214.7088623046875,125.74612426757812,0.6980211138725281,1179.3797607421875,121.60382080078125,0.820868968963623,1224.513916015625,169.87367248535156,0.9980714917182922,1156.9827880859375,162.5327911376953,0.9989688396453857,1234.112548828125,226.86642456054688,0.9793663620948792,1126.893798828125,213.64434814453125,0.9920778870582581,1233.71875,279.70806884765625,0.9636512398719788,1124.6041259765625,268.4042053222656,0.980947732925415,1201.1348876953125,281.1505126953125,0.9990744590759277,1157.101318359375,277.64349365234375,0.999295711517334,1196.779052734375,355.80560302734375,0.9970337152481079,1150.87646484375,352.4403076171875,0.9977241158485413,1186.9678955078125,424.6817321777344,0.9878426790237427,1143.3433837890625,422.1444396972656,0.9899699091911316
94,True,1196.4462890625,129.68405151367188,0.9794312119483948,1203.4508056640625,123.54946899414062,0.9398707747459412,1190.2939453125,122.21690368652344,0.9613900780677795,1213.3621826171875,127.07656860351562,0.6711915135383606,1178.300048828125,123.45960998535156,0.8192892074584961,1224.34375,169.92037963867188,0.9977648258209229,1156.096435546875,162.45809936523438,0.9984283447265625,1235.203369140625,227.4115447998047,0.9780116081237793,1124.7073974609375,213.95498657226562,0.9872686862945557,1235.5771484375,279.27239990234375,0.9588298797607422,1124.3095703125,272.90264892578125,0.9714585542678833,1203.337646484375,281.49658203125,0.9987744688987732,1158.77099609375,278.2101745605469,0.9989528656005859,1198.5341796875,359.47662353515625,0.9961677193641663,1150.1204833984375,356.3464050292969,0.9966014623641968,1187.422607421875,432.21221923828125,0.9853253960609436,1139.5931396484375,428.44500732421875,0.9862337112426758
95,True,1199.0458984375,133.8222198486328,0.9813563823699951,1206.27734375,127.81031799316406,0.9517555832862854,1192.655517578125,126.32581329345703,0.9628568291664124,1215.799560546875,131.37628173828125,0.710700273513794,1179.962158203125,127.53474426269531,0.8000332117080688,1226.88671875,174.06312561035156,0.9975773692131042,1157.7269287109375,166.75108337402344,0.9978727102279663,1236.0987548828125,231.73773193359375,0.9784038066864014,1126.9610595703125,219.4899444580078,0.9815109372138977,1235.5472412109375,282.01397705078125,0.9603233337402344,1125.8919677734375,278.4662780761719,0.9633151292800903,1204.8631591796875,288.24658203125,0.9985911250114441,1159.6519775390625,284.7792663574219,0.9986434578895569,1200.46044921875,362.9102783203125,0.9965726137161255,1151.9754638671875,359.48553466796875,0.9965415596961975,1192.884033203125,435.79541015625,0.987644374370575,1144.2166748046875,431.4716796875,0.9872925281524658
96,True,1211.8306884765625,142.43551635742188,0.9812225699424744,1218.7869873046875,136.15106201171875,0.9300269484519958,1204.6373291015625,133.99884033203125,0.9743752479553223,1223.69970703125,138.63670349121094,0.5483093857765198,1187.1937255859375,132.86935424804688,0.8932347893714905,1229.48486328125,179.7037811279297,0.9966855645179749,1161.1240234375,170.6421661376953,0.9983094930648804,1238.985595703125,236.6824951171875,0.9665573239326477,1136.1630859375,224.39817810058594,0.9885998964309692,1240.424072265625,286.644775390625,0.9466995596885681,1143.43505859375,285.3274841308594,0.9744035601615906,1206.673828125,293.39459228515625,0.9980792999267578,1161.0684814453125,289.3981018066406,0.9985892176628113,1201.957275390625,370.36578369140625,0.9945289492607117,1148.97265625,366.34466552734375,0.9958693385124207,1195.72021484375,443.7509765625,0.979296088218689,1140.2803955078125,439.3779296875,0.9826818108558655
97,True,1214.7607421875,147.87693786621094,0.9830424785614014,1222.91650390625,141.4480743408203,0.9478808641433716,1207.933349609375,139.01919555664062,0.9705780148506165,1231.3035888671875,144.0433349609375,0.6614253520965576,1192.747802734375,137.58743286132812,0.8491961359977722,1236.50341796875,186.59561157226562,0.9972261786460876,1169.123046875,175.38958740234375,0.9981606602668762,1241.601806640625,245.39620971679688,0.9728984832763672,1142.5792236328125,227.85494995117188,0.9855301380157471,1242.853759765625,295.6172180175781,0.9538710117340088,1146.4429931640625,288.59246826171875,0.9694474935531616,1210.399658203125,300.3801574707031,0.9981411695480347,1165.3653564453125,294.90814208984375,0.9984492063522339,1202.8304443359375,376.78717041015625,0.9945175051689148,1151.01953125,371.1268615722656,0.9952282905578613,1193.718994140625,448.0516357421875,0.9786460995674133,1139.0584716796875,441.641357421875,0.9802984595298767
98,True,1225.389892578125,151.1136932373047,0.983173668384552,1233.41650390625,144.16299438476562,0.9360813498497009,1218.3763427734375,141.75839233398438,0.9731778502464294,1241.284423828125,147.59317016601562,0.5948576927185059,1202.7080078125,141.23922729492188,0.8812496066093445,1245.153564453125,192.24945068359375,0.9973458647727966,1179.62939453125,181.02737426757812,0.9989901185035706,1251.87890625,251.75177001953125,0.9664580225944519,1152.7847900390625,234.02586364746094,0.9923598170280457,1248.32763671875,300.99169921875,0.9457469582557678,1153.16552734375,290.08935546875,0.9802405834197998,1220.3349609375,303.6193542480469,0.9985225796699524,1176.6278076171875,298.2134094238281,0.9990389347076416,1209.10498046875,378.81494140625,0.9950064420700073,1161.040771484375,373.2713928222656,0.996704638004303,1193.5557861328125,452.2890930175781,0.9809969663619995,1147.5369873046875,447.26629638671875,0.98603755235672
99,True,1235.2806396484375,153.85400390625,0.9825763702392578,1243.28369140625,147.98460388183594,0.9464216232299805,1228.732666015625,144.8782958984375,0.9714919924736023,1251.5032958984375,151.3189697265625,0.6536716818809509,1213.45556640625,143.35659790039062,0.8579006195068359,1256.63427734375,195.2716064453125,0.997266411781311,1188.4007568359375,181.52670288085938,0.9984470009803772,1261.0419921875,253.24681091308594,0.9690620303153992,1159.067138671875,232.70681762695312,0.9867286086082458,1259.097900390625,299.2971496582031,0.9467363953590393,1158.218017578125,294.0849304199219,0.9695248007774353,1230.40966796875,310.6001281738281,0.9984063506126404,1184.9552001953125,303.77655029296875,0.9987553358078003,1221.6396484375,383.96075439453125,0.9957391023635864,1169.1282958984375,376.84228515625,0.9965388774871826,1197.963134765625,452.50518798828125,0.9850290417671204,1142.287109375,443.99322509765625,0.9869641661643982
100,True,1244.2314453125,156.0607452392578,0.9761868715286255,1251.336181640625,150.18429565429688,0.9029507040977478,1237.3924560546875,146.93246459960938,0.9722400903701782,0.0,0.0,0.4606931209564209,1219.2918701171875,144.6659393310547,0.9007567763328552,1259.8729248046875,197.5489501953125,0.9955768585205078,1191.590576171875,182.51600646972656,0.998581051826477,1264.655517578125,258.35791015625,0.9459357857704163,1162.041259765625,234.1534423828125,0.9910652041435242,1262.2747802734375,309.3529357910156,0.9186195731163025,1161.50830078125,297.1753845214844,0.9766647815704346,1235.052734375,315.9100646972656,0.9980559349060059,1189.40087890625,308.7369384765625,0.9988610744476318,1224.4385986328125,388.1363525390625,0.9949100613594055,1170.8109130859375,380.7624206542969,0.9969543218612671,1199.308837890625,452.8494873046875,0.9836852550506592,1141.7232666015625,444.58795166015625,0.988576352596283
101,True,1248.1624755859375,159.20956420898438,0.9824288487434387,1256.5458984375,153.42367553710938,0.9418436884880066,1241.61474609375,149.71405029296875,0.9700957536697388,1264.796142578125,157.40374755859375,0.634394645690918,1225.7113037109375,148.02734375,0.8539950251579285,1269.456298828125,203.06210327148438,0.9977774024009705,1199.4793701171875,186.98135375976562,0.9988368153572083,1275.819091796875,265.12322998046875,0.9777876138687134,1169.26171875,239.14987182617188,0.9914525747299194,1274.8350830078125,319.3086853027344,0.9622060060501099,1161.7872314453125,303.74713134765625,0.9800018668174744,1241.3448486328125,320.08819580078125,0.998895525932312,1194.3287353515625,312.12939453125,0.999161958694458,1233.5830078125,388.97021484375,0.9966951608657837,1179.416748046875,380.925537109375,0.9973964691162109,1203.650146484375,448.15850830078125,0.987454891204834,1145.412109375,438.54803466796875,0.989382803440094
