frame,joint1_x,joint1_y,joint2_x,joint2_y,joint3_x,joint3_y,joint4_x,joint4_y,joint5_x,joint5_y,joint6_x,joint6_y,joint7_x,joint7_y,joint8_x,joint8_y,joint9_x,joint9_y,joint10_x,joint10_y,joint11_x,joint11_y,joint12_x,joint12_y,joint13_x,joint13_y,joint14_x,joint14_y,joint15_x,joint15_y,joint16_x,joint16_y,joint17_x,joint17_y
0,0.0,0.0,0.0,0.0,0.0,0.0,0.0,0.0,0.0,0.0,0.0,0.0,0.0,0.0,0.0,0.0,0.0,0.0,0.0,0.0,0.0,0.0,0.0,0.0,0.0,0.0,0.0,0.0,0.0,0.0,0.0,0.0,0.0,0.0
1,0.0,0.0,0.0,0.0,0.0,0.0,0.0,0.0,0.0,0.0,0.0,0.0,0.0,0.0,0.0,0.0,0.0,0.0,0.0,0.0,0.0,0.0,0.0,0.0,0.0,0.0,0.0,0.0,0.0,0.0,0.0,0.0,0.0,0.0
2,0.0,0.0,0.0,0.0,0.0,0.0,0.0,0.0,0.0,0.0,0.0,0.0,0.0,0.0,26.176103591918945,60.94468688964844,0.0,0.0,0.0,0.0,0.0,0.0,0.0,0.0,0.0,0.0,0.0,0.0,0.0,0.0,0.0,0.0,0.0,0.0
3,0.0,0.0,0.0,0.0,0.0,0.0,0.0,0.0,0.0,0.0,0.0,0.0,0.0,0.0,27.873863220214844,62.36248016357422,0.0,0.0,0.1780967712402343,74.33808898925781,0.0,0.0,0.0,0.0,0.0,0.0,0.0,0.0,0.0,0.0,0.0,0.0,0.0,0.0
4,0.0,0.0,0.0,0.0,0.0,0.0,0.0,0.0,0.0,0.0,0.0,0.0,0.0,0.0,28.87191772460937,63.24030303955078,0.0,0.0,0.0,76.32281494140625,0.0,0.0,0.0,0.0,0.0,0.0,0.0,0.0,0.0,0.0,0.0,0.0,0.0,0.0
5,0.0,0.0,0.0,0.0,0.0,0.0,0.0,0.0,0.0,0.0,0.0,0.0,0.0,0.0,29.656085968017575,63.89536285400391,0.0,0.0,0.9532260894775392,75.90438842773438,0.0,0.0,0.0,0.0,0.0,0.0,0.0,0.0,0.0,0.0,0.0,0.0,0.0,0.0
6,0.0,0.0,0.0,0.0,0.0,0.0,0.0,0.0,0.0,0.0,0.0,0.0,0.0,0.0,30.731054306030277,63.994571685791016,0.0,0.0,0.2038612365722656,75.70370483398438,0.0,0.0,0.0,0.0,0.0,0.0,0.0,0.0,0.0,0.0,0.0,0.0,0.0,0.0
7,0.0,0.0,0.0,0.0,0.0,0.0,0.0,0.0,0.0,0.0,0.0,0.0,0.0,0.0,32.33234786987305,63.55849838256836,0.0,0.0,0.3893470764160156,74.6976547241211,0.0,0.0,0.0,0.0,0.0,0.0,0.0,0.0,0.0,0.0,0.0,0.0,0.0,0.0
8,0.0,0.0,0.0,0.0,0.0,0.0,0.0,0.0,0.0,0.0,0.0,0.0,0.0,0.0,32.54948043823242,63.67162322998047,0.0,0.0,0.0,73.33015441894531,0.0,0.0,0.0,0.0,0.0,0.0,0.0,0.0,0.0,0.0,0.0,0.0,0.0,0.0
9,0.0,0.0,0.0,0.0,0.0,0.0,0.0,0.0,0.0,0.0,0.0,0.0,0.0,0.0,32.53926086425781,63.786407470703125,0.0,0.0,0.3117942810058594,73.64926147460938,0.0,0.0,0.0,0.0,0.0,0.0,0.0,0.0,0.0,0.0,0.0,0.0,0.0,0.0
10,0.0,0.0,0.0,0.0,0.0,0.0,0.0,0.0,0.0,0.0,0.0,0.0,0.0,0.0,30.911497116088867,63.01079559326172,0.0,0.0,0.6145591735839844,73.42176055908203,0.0,0.0,0.0,0.0,0.0,0.0,0.0,0.0,0.0,0.0,0.0,0.0,0.0,0.0
11,0.0,0.0,0.0,0.0,0.0,0.0,0.0,0.0,0.0,0.0,0.0,0.0,0.0,0.0,29.66335868835449,63.23786163330078,0.0,0.0,1.677410125732422,71.59709167480469,0.0,0.0,0.0,0.0,0.0,0.0,0.0,0.0,0.0,0.0,0.0,0.0,0.0,0.0
12,0.0,0.0,0.0,0.0,0.0,0.0,0.0,0.0,0.0,0.0,0.0,0.0,0.0,0.0,29.54795837402344,63.61695098876953,0.0,0.0,1.3780250549316406,71.73170471191406,0.0,0.0,0.0,0.0,0.0,0.0,0.0,0.0,0.0,0.0,0.0,0.0,0.0,0.0
13,0.0,0.0,0.0,0.0,0.0,0.0,0.0,0.0,0.0,0.0,0.0,0.0,0.0,0.0,27.466524124145508,63.118953704833984,0.0,0.0,1.7286434173583984,71.98143005371094,0.0,0.0,0.0,0.0,0.0,0.0,0.0,0.0,0.0,0.0,0.0,0.0,0.0,0.0
14,0.0,0.0,0.0,0.0,0.0,0.0,0.0,0.0,0.0,0.0,0.0,0.0,0.0,0.0,0.0,0.0,0.0,0.0,0.0,0.0,0.0,0.0,0.0,0.0,0.0,0.0,0.0,0.0,0.0,0.0,0.0,0.0,0.0,0.0
15,0.0,0.0,0.0,0.0,0.0,0.0,0.0,0.0,0.0,0.0,0.0,0.0,0.0,0.0,0.0,0.0,0.0,0.0,0.0,0.0,0.0,0.0,0.0,0.0,0.0,0.0,0.0,0.0,0.0,0.0,0.0,0.0,0.0,0.0
16,0.0,0.0,0.0,0.0,0.0,0.0,0.0,0.0,0.0,0.0,0.0,0.0,0.0,0.0,0.0,0.0,0.0,0.0,0.0,0.0,0.0,0.0,0.0,0.0,0.0,0.0,0.0,0.0,0.0,0.0,0.0,0.0,0.0,0.0
17,0.0,0.0,0.0,0.0,0.0,0.0,0.0,0.0,0.0,0.0,0.0,0.0,0.0,0.0,0.0,0.0,0.0,0.0,0.0,0.0,0.0,0.0,0.0,0.0,0.0,0.0,0.0,0.0,0.0,0.0,0.0,0.0,0.0,0.0
18,0.0,0.0,0.0,0.0,0.0,0.0,0.0,0.0,0.0,0.0,0.0,0.0,0.0,0.0,0.0,0.0,0.0,0.0,0.0,0.0,0.0,0.0,0.0,0.0,0.0,0.0,0.0,0.0,0.0,0.0,0.0,0.0,0.0,0.0
19,0.0,0.0,0.0,0.0,0.0,0.0,0.0,0.0,0.0,0.0,0.0,0.0,0.0,0.0,0.0,0.0,0.0,0.0,0.0,0.0,0.0,0.0,0.0,0.0,0.0,0.0,0.0,0.0,0.0,0.0,0.0,0.0,0.0,0.0
20,0.0,0.0,0.0,0.0,0.0,0.0,0.0,0.0,0.0,0.0,0.0,0.0,0.0,0.0,0.0,0.0,0.0,0.0,0.0,0.0,0.0,0.0,0.0,0.0,0.0,0.0,0.0,0.0,0.0,0.0,0.0,0.0,0.0,0.0
21,0.0,0.0,0.0,0.0,0.0,0.0,0.0,0.0,0.0,0.0,0.0,0.0,0.0,0.0,0.0,0.0,0.0,0.0,0.0,0.0,0.0,0.0,0.0,0.0,0.0,0.0,0.0,0.0,0.0,0.0,0.0,0.0,0.0,0.0
22,0.0,0.0,0.0,0.0,0.0,0.0,0.0,0.0,0.0,0.0,0.0,0.0,0.0,0.0,0.0,0.0,0.0,0.0,0.0,0.0,0.0,0.0,0.0,0.0,0.0,0.0,0.0,0.0,0.0,0.0,0.0,0.0,0.0,0.0
23,0.0,0.0,0.0,0.0,0.0,0.0,0.0,0.0,0.0,0.0,0.0,0.0,0.0,0.0,0.0,0.0,0.0,0.0,0.0,0.0,0.0,0.0,0.0,0.0,0.0,0.0,0.0,0.0,0.0,0.0,0.0,0.0,0.0,0.0
24,0.0,0.0,0.0,0.0,0.0,0.0,0.0,0.0,0.0,0.0,0.0,0.0,0.0,0.0,0.0,0.0,0.0,0.0,0.0,0.0,0.0,0.0,0.0,0.0,0.0,0.0,0.0,0.0,0.0,0.0,0.0,0.0,0.0,0.0
25,0.0,0.0,0.0,0.0,0.0,0.0,0.0,0.0,0.0,0.0,0.0,0.0,0.0,0.0,5.028179168701172,85.94692993164062,0.0,0.0,39.636268615722656,91.60912322998048,0.0,0.0,0.0,0.0,0.0,0.0,0.0,0.0,0.0,0.0,0.0,0.0,0.0,0.0
26,0.0,0.0,0.0,0.0,0.0,0.0,0.0,0.0,0.0,0.0,0.0,0.0,0.0,0.0,4.027929306030273,86.10914611816406,0.0,0.0,40.16735458374024,91.91844177246094,0.0,0.0,0.0,0.0,0.0,0.0,0.0,0.0,0.0,0.0,0.0,0.0,0.0,0.0
27,0.0,0.0,0.0,0.0,0.0,0.0,0.0,0.0,0.0,0.0,0.0,0.0,0.0,0.0,2.4607105255126958,80.34620666503906,0.0,0.0,45.18574142456055,92.11422729492188,55.93997573852539,129.90391540527344,0.0,0.0,0.0,0.0,0.0,0.0,0.0,0.0,0.0,0.0,0.0,0.0
28,0.0,0.0,0.0,0.0,0.0,0.0,0.0,0.0,0.0,0.0,0.0,0.0,0.0,0.0,9.102169036865234,83.02865600585938,0.0,0.0,45.02288055419922,93.41177368164062,65.11691284179688,134.55313110351562,0.0,0.0,0.0,0.0,0.0,0.0,0.0,0.0,0.0,0.0,0.0,0.0
29,0.0,0.0,0.0,0.0,0.0,0.0,0.0,0.0,0.0,0.0,0.0,0.0,0.0,0.0,1.6264495849609375,80.56877899169922,0.0,0.0,46.30525970458984,95.832275390625,71.52523803710938,138.50619506835938,0.0,0.0,0.0,0.0,0.0,0.0,0.0,0.0,0.0,0.0,0.0,0.0
30,0.0,0.0,0.0,0.0,0.0,0.0,0.0,0.0,0.0,0.0,0.0,0.0,0.0,0.0,0.0,0.0,4.237812042236328,93.14458465576172,45.74454879760742,92.83206939697266,75.13801574707031,139.2852783203125,0.0,0.0,0.0,0.0,0.0,0.0,0.0,0.0,0.0,0.0,0.0,0.0
31,0.0,0.0,0.0,0.0,0.0,0.0,0.0,0.0,0.0,0.0,0.0,0.0,0.0,0.0,0.0,0.0,13.438972473144531,99.92228698730467,44.06222534179688,93.22056579589844,79.80271911621094,137.742919921875,0.0,0.0,0.0,0.0,0.0,0.0,0.0,0.0,0.0,0.0,0.0,0.0
32,0.0,0.0,0.0,0.0,0.0,0.0,0.0,0.0,0.0,0.0,0.0,0.0,0.0,0.0,0.0,0.0,8.439018249511719,93.95254516601562,48.09944152832031,95.98141479492188,78.02821350097656,138.58566284179688,0.0,0.0,0.0,0.0,0.0,0.0,0.0,0.0,0.0,0.0,0.0,0.0
33,0.0,0.0,0.0,0.0,0.0,0.0,0.0,0.0,0.0,0.0,0.0,0.0,0.0,0.0,0.0,0.0,9.81185531616211,87.77628326416016,48.397064208984375,94.84884643554688,79.70112609863281,138.05010986328125,0.0,0.0,0.0,0.0,0.0,0.0,0.0,0.0,0.0,0.0,0.0,0.0
34,0.0,0.0,0.0,0.0,0.0,0.0,0.0,0.0,0.0,0.0,0.0,0.0,0.0,0.0,0.0,0.0,11.04607391357422,90.69670104980467,43.54033279418945,94.9404296875,78.73379516601562,138.89862060546875,0.0,0.0,0.0,0.0,0.0,0.0,0.0,0.0,0.0,0.0,0.0,0.0
35,0.0,0.0,0.0,0.0,0.0,0.0,0.0,0.0,0.0,0.0,0.0,0.0,0.0,0.0,0.0,0.0,7.829654693603516,89.55774688720703,45.707637786865234,95.20853424072266,77.00152587890625,137.28335571289062,0.0,0.0,0.0,0.0,0.0,0.0,0.0,0.0,0.0,0.0,0.0,0.0
36,0.0,0.0,0.0,0.0,0.0,0.0,0.0,0.0,0.0,0.0,0.0,0.0,0.0,0.0,0.0,0.0,5.444007873535156,91.5876007080078,47.18476867675781,94.1570281982422,76.01518249511719,134.51063537597656,0.0,0.0,0.0,0.0,0.0,0.0,0.0,0.0,0.0,0.0,0.0,0.0
37,0.0,0.0,0.0,0.0,0.0,0.0,0.0,0.0,0.0,0.0,0.0,0.0,0.0,0.0,0.0,0.0,0.0,0.0,47.08676910400391,94.65420532226562,66.67866516113281,136.02635192871094,0.0,0.0,0.0,0.0,0.0,0.0,0.0,0.0,0.0,0.0,0.0,0.0
38,0.0,0.0,0.0,0.0,0.0,0.0,0.0,0.0,0.0,0.0,0.0,0.0,0.0,0.0,2.10198974609375,79.3090591430664,0.0,0.0,44.87525939941406,90.843994140625,52.64690399169922,134.42623901367188,0.0,0.0,0.0,0.0,0.0,0.0,0.0,0.0,0.0,0.0,0.0,0.0
39,0.0,0.0,0.0,0.0,0.0,0.0,0.0,0.0,0.0,0.0,0.0,0.0,0.0,0.0,2.2065582275390625,79.45587158203125,0.0,0.0,44.77671813964844,90.84278869628906,52.59723663330078,134.35546875,0.0,0.0,0.0,0.0,0.0,0.0,0.0,0.0,0.0,0.0,0.0,0.0
40,0.0,0.0,0.0,0.0,0.0,0.0,0.0,0.0,0.0,0.0,0.0,0.0,0.0,0.0,0.0,0.0,0.0,0.0,48.62005615234375,92.91156005859376,43.879669189453125,132.09912109375,0.0,0.0,0.0,0.0,0.0,0.0,0.0,0.0,0.0,0.0,0.0,0.0
41,0.0,0.0,0.0,0.0,0.0,0.0,0.0,0.0,0.0,0.0,0.0,0.0,0.0,0.0,13.710527420043944,80.5505142211914,0.0,0.0,49.86014938354492,90.84353637695312,28.39565086364746,130.70465087890625,0.0,0.0,0.0,0.0,0.0,0.0,0.0,0.0,0.0,0.0,0.0,0.0
42,0.0,0.0,0.0,0.0,0.0,0.0,0.0,0.0,0.0,0.0,0.0,0.0,0.0,0.0,10.194377899169922,81.28411102294922,0.0,0.0,52.13875579833984,89.3636474609375,22.36161994934082,120.39002990722656,0.0,0.0,0.0,0.0,0.0,0.0,0.0,0.0,0.0,0.0,0.0,0.0
43,0.0,0.0,0.0,0.0,0.0,0.0,0.0,0.0,0.0,0.0,0.0,0.0,0.0,0.0,0.0,0.0,0.0,0.0,49.79280853271485,89.93191528320312,35.65290069580078,109.93899536132812,0.0,0.0,0.0,0.0,0.0,0.0,0.0,0.0,0.0,0.0,0.0,0.0
44,0.0,0.0,0.0,0.0,0.0,0.0,0.0,0.0,0.0,0.0,0.0,0.0,0.0,0.0,0.0,0.0,0.0,0.0,49.74223327636719,89.81800842285156,35.52149200439453,110.01797485351562,0.0,0.0,0.0,0.0,0.0,0.0,0.0,0.0,0.0,0.0,0.0,0.0
45,0.0,0.0,0.0,0.0,0.0,0.0,0.0,0.0,0.0,0.0,0.0,0.0,0.0,0.0,0.0,0.0,0.0,0.0,0.0,0.0,50.7403678894043,93.71310424804688,0.0,0.0,0.0,0.0,0.0,0.0,0.0,0.0,0.0,0.0,0.0,0.0
46,0.0,0.0,0.0,0.0,0.0,0.0,0.0,0.0,0.0,0.0,0.0,0.0,0.0,0.0,0.0,0.0,0.0,0.0,0.0,0.0,0.0,0.0,0.0,0.0,0.0,0.0,0.0,0.0,0.0,0.0,0.0,0.0,0.0,0.0
47,0.0,0.0,0.0,0.0,0.0,0.0,0.0,0.0,0.0,0.0,0.0,0.0,0.0,0.0,0.0,0.0,0.0,0.0,80.37873840332031,77.91481018066406,81.99861145019531,73.78933715820312,13.10902976989746,146.5199737548828,0.0,0.0,0.0,0.0,0.0,0.0,0.0,0.0,0.0,0.0
48,0.0,0.0,0.0,0.0,0.0,0.0,0.0,0.0,0.0,0.0,0.0,0.0,0.0,0.0,0.0,0.0,0.0,0.0,97.38517761230467,67.2296142578125,100.23048400878906,65.21884155273438,12.377693176269531,136.9745635986328,5.5941925048828125,140.77821350097656,0.0,0.0,0.0,0.0,0.0,0.0,0.0,0.0
49,0.0,0.0,0.0,0.0,0.0,0.0,0.0,0.0,0.0,0.0,0.0,0.0,0.0,0.0,0.0,0.0,0.0,0.0,116.77806091308594,65.85936737060547,0.0,0.0,16.543495178222656,142.79116821289062,9.543060302734377,147.12696838378906,0.0,0.0,0.0,0.0,0.0,0.0,0.0,0.0
50,0.0,0.0,0.0,0.0,0.0,0.0,0.0,0.0,0.0,0.0,0.0,0.0,0.0,0.0,0.0,0.0,0.0,0.0,0.0,0.0,0.0,0.0,14.44204330444336,154.93661499023438,7.911067962646484,159.1975555419922,0.0,0.0,0.0,0.0,0.0,0.0,0.0,0.0
51,0.0,0.0,0.0,0.0,0.0,0.0,0.0,0.0,0.0,0.0,0.0,0.0,0.0,0.0,0.0,0.0,48.17274856567383,50.09357452392578,143.1636199951172,65.1873779296875,146.8496856689453,58.58120727539063,13.130126953125,154.2625732421875,10.783828735351562,158.37796020507812,0.0,0.0,0.0,0.0,0.0,0.0,0.0,0.0
52,0.0,0.0,0.0,0.0,0.0,0.0,0.0,0.0,0.0,0.0,0.0,0.0,0.0,0.0,52.195899963378906,47.62140655517578,0.0,0.0,146.34906005859375,63.70552444458008,0.0,0.0,17.438148498535156,156.06048583984375,0.0,0.0,0.0,0.0,0.0,0.0,0.0,0.0,0.0,0.0
53,0.0,0.0,0.0,0.0,0.0,0.0,0.0,0.0,0.0,0.0,0.0,0.0,0.0,0.0,0.0,0.0,58.7872314453125,36.85401916503906,0.0,0.0,160.80735778808594,61.801361083984375,7.8017578125,152.73873901367188,0.0,0.0,0.0,0.0,0.0,0.0,0.0,0.0,0.0,0.0
54,0.0,0.0,0.0,0.0,0.0,0.0,0.0,0.0,0.0,0.0,0.0,0.0,0.0,0.0,0.0,0.0,71.8721923828125,41.9853744506836,0.0,0.0,170.34820556640625,62.02405548095703,6.921073913574219,146.97500610351562,11.737640380859377,150.91494750976562,0.0,0.0,0.0,0.0,0.0,0.0,0.0,0.0
55,0.0,0.0,0.0,0.0,0.0,0.0,0.0,0.0,0.0,0.0,0.0,0.0,0.0,0.0,0.0,0.0,0.0,0.0,0.0,0.0,0.0,0.0,6.4969482421875,144.80897521972656,17.144393920898438,148.54364013671875,0.0,0.0,0.0,0.0,0.0,0.0,0.0,0.0
56,0.0,0.0,0.0,0.0,0.0,0.0,0.0,0.0,0.0,0.0,0.0,0.0,0.0,0.0,0.0,0.0,0.0,0.0,0.0,0.0,0.0,0.0,5.173027038574219,146.23287963867188,0.0,0.0,0.0,0.0,0.0,0.0,0.0,0.0,0.0,0.0
57,0.0,0.0,0.0,0.0,0.0,0.0,0.0,0.0,0.0,0.0,0.0,0.0,0.0,0.0,67.82940673828125,43.25038909912109,0.0,0.0,184.73553466796875,83.81938934326172,0.0,0.0,11.680931091308594,143.4466552734375,0.0,0.0,0.0,0.0,0.0,0.0,0.0,0.0,0.0,0.0
58,0.0,0.0,0.0,0.0,0.0,0.0,0.0,0.0,0.0,0.0,0.0,0.0,0.0,0.0,79.77703857421875,53.98028564453125,0.0,0.0,187.7552490234375,90.2701644897461,0.0,0.0,10.563583374023438,149.3685302734375,16.1529541015625,149.77037048339844,0.0,0.0,0.0,0.0,0.0,0.0,0.0,0.0
59,0.0,0.0,0.0,0.0,0.0,0.0,0.0,0.0,0.0,0.0,22.588462829589844,0.0,0.0,0.0,80.47013854980469,47.43492889404297,0.0,0.0,189.7723388671875,86.53489685058594,0.0,0.0,16.041366577148438,141.41412353515625,21.59485626220703,142.73605346679688,0.0,0.0,0.0,0.0,0.0,0.0,0.0,0.0
60,0.0,0.0,0.0,0.0,0.0,0.0,0.0,0.0,0.0,0.0,28.87413024902344,0.0,0.0,0.0,84.72089385986328,53.66700744628906,0.0,0.0,193.79928588867188,95.25775146484376,0.0,0.0,22.4267578125,142.4545440673828,22.881553649902344,144.72483825683594,0.0,0.0,0.0,0.0,0.0,0.0,0.0,0.0
61,0.0,0.0,0.0,0.0,0.0,0.0,0.0,0.0,0.0,0.0,0.0,0.0,0.0,0.0,86.24373626708984,59.78510284423828,0.0,0.0,192.9347686767578,100.5342254638672,0.0,0.0,20.577468872070312,147.3677978515625,0.0,0.0,0.0,0.0,0.0,0.0,0.0,0.0,0.0,0.0
62,0.0,0.0,0.0,0.0,0.0,0.0,0.0,0.0,0.0,0.0,36.22132873535156,3.018829345703125,0.0,0.0,96.11589050292967,65.78768157958984,0.0,0.0,196.12741088867188,102.16773986816406,0.0,0.0,22.92449951171875,151.11123657226562,18.65252685546875,151.38462829589844,0.0,0.0,0.0,0.0,0.0,0.0,0.0,0.0
63,0.0,0.0,0.0,0.0,0.0,0.0,0.0,0.0,0.0,0.0,36.66203308105469,2.510955810546875,0.0,0.0,96.0956039428711,65.14075469970703,0.0,0.0,196.44705200195312,102.41397857666016,0.0,0.0,23.819091796875,152.14361572265625,0.0,0.0,0.0,0.0,0.0,0.0,0.0,0.0,0.0,0.0
64,0.0,0.0,0.0,0.0,0.0,0.0,0.0,0.0,0.0,0.0,0.0,0.0,0.0,0.0,95.11180114746094,73.39695739746094,0.0,0.0,198.1065368652344,108.25291442871094,0.0,0.0,27.7861328125,163.7568817138672,0.0,0.0,0.0,0.0,0.0,0.0,0.0,0.0,0.0,0.0
65,0.0,0.0,0.0,0.0,0.0,0.0,0.0,0.0,0.0,0.0,0.0,0.0,0.0,0.0,95.57219696044922,74.41966247558594,0.0,0.0,204.80343627929688,108.3132781982422,0.0,0.0,22.53915405273437,164.94973754882812,0.0,0.0,0.0,0.0,0.0,0.0,0.0,0.0,0.0,0.0
66,0.0,0.0,0.0,0.0,0.0,0.0,0.0,0.0,0.0,0.0,0.0,0.0,0.0,0.0,95.93365478515624,73.7562255859375,0.0,0.0,203.94915771484372,109.14828491210938,0.0,0.0,25.629234313964844,169.80520629882812,0.0,0.0,0.0,0.0,0.0,0.0,0.0,0.0,0.0,0.0
67,0.0,0.0,0.0,0.0,0.0,0.0,0.0,0.0,0.0,0.0,42.67710876464844,0.0,0.0,0.0,98.31126403808594,70.89755249023438,0.0,0.0,202.54214477539065,104.50930786132812,0.0,0.0,36.4501953125,165.47726440429688,0.0,0.0,0.0,0.0,0.0,0.0,0.0,0.0,0.0,0.0
68,0.0,0.0,0.0,0.0,0.0,0.0,0.0,0.0,0.0,0.0,38.94349670410156,0.4659423828125,0.0,0.0,96.51461791992188,71.52592468261719,0.0,0.0,204.33631896972656,102.07405853271484,0.0,0.0,32.79454040527344,168.37338256835938,0.0,0.0,0.0,0.0,0.0,0.0,0.0,0.0,0.0,0.0
69,0.0,0.0,0.0,0.0,0.0,0.0,0.0,0.0,0.0,0.0,37.91931915283203,1.7028350830078125,0.0,0.0,96.99940490722656,72.60662078857422,0.0,0.0,207.94046020507807,99.8351593017578,0.0,0.0,33.97796630859375,163.36988830566406,0.0,0.0,0.0,0.0,0.0,0.0,0.0,0.0,0.0,0.0
70,0.0,0.0,0.0,0.0,0.0,0.0,0.0,0.0,0.0,0.0,33.880592346191406,3.3692779541015625,0.0,0.0,89.99844360351562,69.92607116699219,0.0,0.0,198.1636657714844,92.39723205566406,0.0,0.0,30.899459838867188,166.8232421875,0.0,0.0,0.0,0.0,0.0,0.0,0.0,0.0,0.0,0.0
71,0.0,0.0,0.0,0.0,0.0,0.0,0.0,0.0,0.0,0.0,33.10966491699219,3.19793701171875,0.0,0.0,89.49993896484375,69.32942199707031,0.0,0.0,198.42266845703125,92.14349365234376,0.0,0.0,32.412384033203125,166.36636352539062,0.0,0.0,0.0,0.0,0.0,0.0,0.0,0.0,0.0,0.0
72,0.0,0.0,0.0,0.0,0.0,0.0,0.0,0.0,0.0,0.0,29.40596008300781,1.5873565673828125,0.0,0.0,84.05259704589844,58.56083679199219,0.0,0.0,191.7032470703125,77.98213195800781,0.0,0.0,29.08592987060547,151.65989685058594,0.0,0.0,0.0,0.0,0.0,0.0,0.0,0.0,0.0,0.0
73,0.0,0.0,0.0,0.0,0.0,0.0,0.0,0.0,0.0,0.0,27.89350891113281,0.7833938598632812,0.0,0.0,83.07261657714844,51.77851867675781,0.0,0.0,187.4235992431641,69.80543518066406,0.0,0.0,23.325241088867188,142.27774047851562,21.293258666992188,145.9010772705078,0.0,0.0,0.0,0.0,0.0,0.0,0.0,0.0
74,0.0,0.0,0.0,0.0,0.0,0.0,0.0,0.0,0.0,0.0,0.0,0.0,0.0,0.0,0.0,0.0,76.99159240722656,48.05787658691406,102.179443359375,77.95454406738281,188.27651977539065,51.480804443359375,15.912551879882812,150.26512145996094,15.095855712890623,152.64785766601562,0.0,0.0,0.0,0.0,0.0,0.0,0.0,0.0
75,0.0,0.0,0.0,0.0,0.0,0.0,0.0,0.0,0.0,0.0,0.0,0.0,0.0,0.0,19.848663330078125,66.46343994140625,62.791141510009766,40.90620422363281,37.368839263916016,95.8200912475586,169.5186767578125,32.81774139404297,23.986343383789062,147.3732147216797,11.221046447753906,149.3981475830078,0.0,0.0,0.0,0.0,0.0,0.0,0.0,0.0
76,0.0,0.0,0.0,0.0,0.0,0.0,0.0,0.0,0.0,0.0,0.0,0.0,0.0,0.0,0.0,0.0,42.3083381652832,40.15180969238281,45.07626724243164,95.78257751464844,149.9287109375,30.4012451171875,24.0531005859375,145.3812255859375,5.822677612304688,147.99859619140625,0.0,0.0,0.0,0.0,0.0,0.0,0.0,0.0
77,0.0,0.0,0.0,0.0,0.0,0.0,0.0,0.0,0.0,0.0,0.0,0.0,0.0,0.0,0.0,0.0,0.0,0.0,0.0,0.0,0.0,0.0,11.560523986816406,145.7710418701172,9.162803649902344,149.11688232421875,0.0,0.0,0.0,0.0,0.0,0.0,0.0,0.0
78,0.0,0.0,0.0,0.0,0.0,0.0,0.0,0.0,0.0,0.0,0.0,0.0,0.0,0.0,24.271896362304688,64.80126190185547,57.74903106689453,24.397689819335938,36.41121292114258,95.49674987792967,128.5445098876953,14.7906494140625,19.45765686035156,135.40150451660156,14.745330810546877,135.4033203125,0.0,0.0,0.0,0.0,0.0,0.0,0.0,0.0
79,0.0,0.0,0.0,0.0,0.0,0.0,0.0,0.0,0.0,0.0,0.0,0.0,0.0,0.0,0.0,0.0,47.719276428222656,16.0108642578125,50.42589569091797,101.16942596435548,112.49412536621094,14.587020874023438,12.6875,143.59799194335938,6.32867431640625,142.7076416015625,0.0,0.0,0.0,0.0,0.0,0.0,0.0,0.0
80,0.0,0.0,0.0,0.0,0.0,0.0,0.0,0.0,0.0,0.0,0.0,0.0,0.0,0.0,21.128223419189453,68.24008178710938,54.684818267822266,23.00463104248047,54.63189315795898,99.57171630859376,92.6151351928711,32.340850830078125,15.589698791503906,144.35787963867188,6.626705169677734,142.6475372314453,0.0,0.0,0.0,0.0,0.0,0.0,0.0,0.0
81,0.0,0.0,0.0,0.0,0.0,0.0,0.0,0.0,0.0,0.0,0.0,0.0,0.0,0.0,23.409523010253903,70.5894775390625,0.0,0.0,55.34672164916992,100.94237518310548,62.577125549316406,22.372840881347656,16.114688873291016,137.2148895263672,4.498023986816406,135.77969360351562,0.0,0.0,0.0,0.0,0.0,0.0,0.0,0.0
82,0.0,0.0,0.0,0.0,0.0,0.0,0.0,0.0,0.0,0.0,0.0,0.0,0.0,0.0,33.76408386230469,53.176300048828125,0.0,0.0,56.4837646484375,103.38924407958984,0.0,0.0,19.310771942138672,135.83743286132812,10.282910346984863,134.88853454589844,29.76761054992676,218.738525390625,0.0,0.0,0.0,0.0,0.0,0.0
83,0.0,0.0,0.0,0.0,0.0,0.0,0.0,0.0,0.0,0.0,0.0,0.0,0.0,0.0,31.615802764892575,53.41082000732422,0.0,0.0,60.24998474121094,104.95343017578124,0.0,0.0,20.186737060546875,128.11769104003906,0.0,0.0,29.542728424072266,219.17567443847656,0.0,0.0,0.0,0.0,0.0,0.0
84,0.0,0.0,0.0,0.0,0.0,0.0,0.0,0.0,0.0,0.0,27.901874542236328,50.55379486083984,0.0,0.0,31.823686599731445,91.1074676513672,0.0,0.0,65.3839111328125,113.21192932128906,0.0,0.0,22.28986358642578,141.20550537109375,0.0,0.0,27.338661193847656,214.45269775390625,0.0,0.0,0.0,0.0,0.0,0.0
85,0.0,0.0,0.0,0.0,0.0,0.0,0.0,0.0,0.0,0.0,27.615856170654297,51.23773956298828,0.0,0.0,31.821666717529297,91.49783325195312,0.0,0.0,65.45282745361328,113.21882629394533,0.0,0.0,22.26276206970215,141.8720703125,0.0,0.0,27.280101776123047,214.57095336914065,0.0,0.0,0.0,0.0,0.0,0.0
86,0.0,0.0,0.0,0.0,0.0,0.0,0.0,0.0,0.0,0.0,0.0,0.0,0.0,0.0,33.57801055908203,78.67037200927734,0.0,0.0,66.60845947265625,118.96580505371094,0.0,0.0,19.07477378845215,137.52513122558594,13.054119110107422,135.88185119628906,0.0,0.0,0.0,0.0,0.0,0.0,0.0,0.0
87,0.0,0.0,0.0,0.0,0.0,0.0,0.0,0.0,0.0,0.0,0.0,0.0,0.0,0.0,28.7547664642334,79.76880645751953,0.0,0.0,68.16688537597656,122.04299926757812,0.0,0.0,16.226699829101562,137.22515869140625,0.0,0.0,0.0,0.0,0.0,0.0,0.0,0.0,0.0,0.0
88,0.0,0.0,0.0,0.0,0.0,0.0,0.0,0.0,0.0,0.0,0.0,0.0,0.0,0.0,34.5965576171875,92.83219909667967,0.0,0.0,66.77998352050781,126.85702514648438,0.0,0.0,24.53569793701172,155.05752563476562,0.0,0.0,0.0,0.0,0.0,0.0,0.0,0.0,0.0,0.0
89,0.0,0.0,0.0,0.0,0.0,0.0,0.0,0.0,0.0,0.0,0.0,0.0,0.0,0.0,0.0,0.0,0.0,0.0,88.98833465576172,122.55174255371094,0.0,0.0,0.0,0.0,0.0,0.0,0.0,0.0,0.0,0.0,0.0,0.0,0.0,0.0
90,0.0,0.0,0.0,0.0,0.0,0.0,0.0,0.0,0.0,0.0,0.0,0.0,0.0,0.0,0.0,0.0,0.0,0.0,0.0,0.0,0.0,0.0,0.0,0.0,0.0,0.0,0.0,0.0,0.0,0.0,0.0,0.0,0.0,0.0
91,0.0,0.0,0.0,0.0,0.0,0.0,0.0,0.0,0.0,0.0,0.0,0.0,0.0,0.0,0.0,0.0,0.0,0.0,0.0,0.0,0.0,0.0,0.0,0.0,0.0,0.0,0.0,0.0,0.0,0.0,0.0,0.0,0.0,0.0
92,0.0,0.0,0.0,0.0,0.0,0.0,0.0,0.0,0.0,0.0,0.0,0.0,0.0,0.0,0.0,0.0,0.0,0.0,0.0,0.0,0.0,0.0,0.0,0.0,0.0,0.0,0.0,0.0,0.0,0.0,0.0,0.0,0.0,0.0
93,0.0,0.0,0.0,0.0,0.0,0.0,0.0,0.0,0.0,0.0,0.0,0.0,0.0,0.0,0.0,0.0,0.0,0.0,0.0,0.0,0.0,0.0,0.0,0.0,0.0,0.0,0.0,0.0,0.0,0.0,0.0,0.0,0.0,0.0
94,0.0,0.0,0.0,0.0,0.0,0.0,0.0,0.0,0.0,0.0,0.0,0.0,0.0,0.0,0.0,0.0,0.0,0.0,0.0,0.0,0.0,0.0,0.0,0.0,0.0,0.0,0.0,0.0,0.0,0.0,0.0,0.0,0.0,0.0
95,0.0,0.0,0.0,0.0,0.0,0.0,0.0,0.0,0.0,0.0,0.0,0.0,0.0,0.0,0.0,0.0,0.0,0.0,0.0,0.0,0.0,0.0,0.0,0.0,0.0,0.0,0.0,0.0,0.0,0.0,0.0,0.0,0.0,0.0
96,0.0,0.0,0.0,0.0,0.0,0.0,0.0,0.0,0.0,0.0,0.0,0.0,0.0,0.0,0.0,0.0,0.0,0.0,0.0,0.0,0.0,0.0,8.695202827453613,147.1150360107422,0.0,0.0,0.0,0.0,0.0,0.0,0.0,0.0,0.0,0.0
97,0.0,0.0,0.0,0.0,0.0,0.0,0.0,0.0,0.0,0.0,0.0,0.0,0.0,0.0,0.0,0.0,0.0,0.0,0.0,0.0,0.0,0.0,0.0,0.0,0.0,0.0,0.0,0.0,0.0,0.0,0.0,0.0,0.0,0.0
98,0.0,0.0,0.0,0.0,0.0,0.0,0.0,0.0,0.0,0.0,0.0,0.0,0.0,0.0,0.0,0.0,0.0,0.0,0.0,0.0,0.0,0.0,0.0,0.0,0.0,0.0,0.0,0.0,0.0,0.0,0.0,0.0,0.0,0.0
99,0.0,0.0,0.0,0.0,0.0,0.0,0.0,0.0,0.0,0.0,0.0,0.0,0.0,0.0,0.0,0.0,0.0,0.0,0.0,0.0,0.0,0.0,27.11121368408203,130.76828002929688,5.5396728515625,131.09164428710938,0.0,0.0,0.0,0.0,0.0,0.0,0.0,0.0
100,0.0,0.0,0.0,0.0,0.0,0.0,0.0,0.0,0.0,0.0,0.0,0.0,0.0,0.0,0.0,0.0,0.0,0.0,0.0,0.0,0.0,0.0,36.48233795166016,125.40247344970705,5.645519256591797,127.20957946777344,0.0,0.0,0.0,0.0,0.0,0.0,0.0,0.0
101,0.0,0.0,0.0,0.0,0.0,0.0,0.0,0.0,0.0,0.0,0.0,0.0,0.0,0.0,0.0,0.0,0.0,0.0,0.0,0.0,0.0,0.0,22.445144653320312,125.90811920166016,10.513616561889648,127.8816909790039,0.0,0.0,0.0,0.0,0.0,0.0,0.0,0.0
102,0.0,0.0,0.0,0.0,0.0,0.0,0.0,0.0,0.0,0.0,0.0,0.0,0.0,0.0,0.0,0.0,0.0,0.0,0.0,0.0,0.0,0.0,19.647794723510746,130.30776977539062,14.51028060913086,131.00347900390625,0.0,0.0,0.0,0.0,0.0,0.0,0.0,0.0
103,0.0,0.0,0.0,0.0,0.0,0.0,0.0,0.0,0.0,0.0,0.0,0.0,0.0,0.0,44.04072570800781,50.45811462402344,0.0,0.0,61.508445739746094,35.95128631591797,0.0,0.0,23.869335174560547,125.89128112792967,13.354522705078123,130.59930419921875,0.0,0.0,0.0,0.0,0.0,0.0,0.0,0.0
104,0.0,0.0,0.0,0.0,0.0,0.0,0.0,0.0,0.0,0.0,0.0,0.0,0.0,0.0,0.0,0.0,0.0,0.0,61.92575454711914,35.884033203125,0.0,0.0,27.309837341308597,125.96681213378906,17.841506958007812,131.74398803710938,0.0,0.0,0.0,0.0,0.0,0.0,0.0,0.0
105,0.0,0.0,0.0,0.0,0.0,0.0,0.0,0.0,0.0,0.0,0.0,0.0,0.0,0.0,0.0,0.0,0.0,0.0,0.0,0.0,0.0,0.0,0.0,0.0,19.267452239990234,137.28407287597656,0.0,0.0,0.0,0.0,0.0,0.0,0.0,0.0
106,0.0,0.0,0.0,0.0,0.0,0.0,0.0,0.0,0.0,0.0,0.0,0.0,25.01924705505371,23.434494018554688,0.0,0.0,71.97802734375,36.38091659545898,0.0,0.0,96.33489227294922,30.778377532958984,14.03598690032959,132.8709716796875,16.47102165222168,132.18109130859375,0.0,0.0,0.0,0.0,0.0,0.0,0.0,0.0
107,0.0,0.0,0.0,0.0,0.0,0.0,0.0,0.0,0.0,0.0,0.0,0.0,0.0,0.0,0.0,0.0,0.0,0.0,0.0,0.0,0.0,0.0,21.26167297363281,137.16278076171875,17.524084091186523,137.58935546875,0.0,0.0,0.0,0.0,0.0,0.0,0.0,0.0
108,0.0,0.0,0.0,0.0,0.0,0.0,0.0,0.0,0.0,0.0,0.0,0.0,0.0,0.0,0.0,0.0,77.9287109375,36.96908187866211,0.0,0.0,93.06908416748048,34.34794998168945,0.0,0.0,21.153833389282227,133.6554718017578,0.0,0.0,0.0,0.0,0.0,0.0,0.0,0.0
109,0.0,0.0,0.0,0.0,0.0,0.0,0.0,0.0,0.0,0.0,0.0,0.0,0.0,0.0,0.0,0.0,76.5789794921875,35.96508026123047,0.0,0.0,93.32189178466795,34.19554138183594,19.234575271606445,134.74337768554688,20.505842208862305,133.18447875976562,0.0,0.0,0.0,0.0,0.0,0.0,0.0,0.0
110,0.0,0.0,0.0,0.0,0.0,0.0,0.0,0.0,0.0,0.0,0.0,0.0,0.0,0.0,0.0,0.0,77.68677520751953,37.08222198486328,0.0,0.0,99.9593734741211,36.08763122558594,0.0,0.0,19.752222061157227,134.90003967285156,0.0,0.0,0.0,0.0,0.0,0.0,0.0,0.0
111,0.0,0.0,0.0,0.0,0.0,0.0,0.0,0.0,0.0,0.0,0.0,0.0,0.0,0.0,0.0,0.0,88.72239685058594,39.24428176879883,0.0,0.0,103.15338134765624,33.212764739990234,0.0,0.0,18.717262268066406,136.34619140625,0.0,0.0,0.0,0.0,0.0,0.0,0.0,0.0
112,0.0,0.0,0.0,0.0,0.0,0.0,0.0,0.0,0.0,0.0,0.0,0.0,38.18390274047852,21.520893096923828,0.0,0.0,90.91220092773438,40.50323486328125,0.0,0.0,106.4325942993164,35.8189697265625,0.0,0.0,21.385595321655277,135.2574462890625,0.0,0.0,0.0,0.0,0.0,0.0,0.0,0.0
113,0.0,0.0,0.0,0.0,0.0,0.0,0.0,0.0,0.0,0.0,0.0,0.0,39.762237548828125,19.379005432128903,0.0,0.0,92.52989196777344,43.73018646240234,0.0,0.0,0.0,0.0,0.0,0.0,21.845752716064453,128.97894287109375,0.0,0.0,0.0,0.0,0.0,0.0,0.0,0.0
114,0.0,0.0,0.0,0.0,0.0,0.0,0.0,0.0,0.0,0.0,0.0,0.0,36.96908950805664,17.310840606689453,0.0,0.0,92.20123291015624,37.057090759277344,0.0,0.0,103.94525909423828,35.21970748901367,0.0,0.0,22.226036071777344,128.50201416015625,0.0,0.0,0.0,0.0,0.0,0.0,0.0,0.0
115,0.0,0.0,0.0,0.0,0.0,0.0,0.0,0.0,0.0,0.0,0.0,0.0,38.9146728515625,15.286392211914062,0.0,0.0,106.9782257080078,35.985107421875,0.0,0.0,106.17217254638672,37.08629608154297,0.0,0.0,21.40295791625977,130.7318572998047,0.0,0.0,0.0,0.0,0.0,0.0,0.0,0.0
116,0.0,0.0,0.0,0.0,0.0,0.0,0.0,0.0,0.0,0.0,0.0,0.0,0.0,0.0,0.0,0.0,107.93716430664062,31.35034942626953,0.0,0.0,106.33082580566406,29.727615356445312,17.130390167236328,135.09837341308594,18.837888717651367,132.2336883544922,0.0,0.0,0.0,0.0,0.0,0.0,0.0,0.0
117,0.0,0.0,0.0,0.0,0.0,0.0,0.0,0.0,0.0,0.0,0.0,0.0,0.0,0.0,0.0,0.0,111.1729736328125,29.48715209960937,0.0,0.0,0.0,0.0,0.0,0.0,22.608226776123047,133.1636199951172,0.0,0.0,0.0,0.0,0.0,0.0,0.0,0.0
118,0.0,0.0,0.0,0.0,0.0,0.0,0.0,0.0,0.0,0.0,0.0,0.0,0.0,0.0,0.0,0.0,95.81723022460938,26.175949096679688,0.0,0.0,0.0,0.0,15.75698471069336,133.42303466796875,18.720443725585938,131.58029174804688,0.0,0.0,0.0,0.0,0.0,0.0,0.0,0.0
119,0.0,0.0,0.0,0.0,0.0,0.0,0.0,0.0,0.0,0.0,0.0,0.0,0.0,0.0,0.0,0.0,81.80623626708984,24.0216064453125,0.0,0.0,0.0,0.0,15.060661315917969,131.72805786132812,18.43417358398437,130.6552276611328,0.0,0.0,0.0,0.0,0.0,0.0,0.0,0.0
120,0.0,0.0,0.0,0.0,0.0,0.0,0.0,0.0,0.0,0.0,0.0,0.0,0.0,0.0,0.0,0.0,57.64708709716797,15.06633758544922,0.0,0.0,101.06739044189452,21.847496032714844,14.099807739257812,126.64488983154295,16.051883697509766,126.0291748046875,0.0,0.0,0.0,0.0,0.0,0.0,0.0,0.0
121,0.0,0.0,0.0,0.0,0.0,0.0,0.0,0.0,0.0,0.0,0.0,0.0,0.0,0.0,0.0,0.0,58.73454284667969,15.10968017578125,0.0,0.0,100.38755798339844,24.35680389404297,13.487035751342772,128.95330810546875,16.542606353759766,127.83682250976562,0.0,0.0,0.0,0.0,0.0,0.0,0.0,0.0
122,0.0,0.0,0.0,0.0,0.0,0.0,0.0,0.0,0.0,0.0,0.0,0.0,0.0,0.0,0.0,0.0,64.98294067382812,15.922164916992188,0.0,0.0,103.07276153564452,24.009979248046875,14.842121124267578,127.22235107421876,16.739521026611328,126.50146484375,0.0,0.0,0.0,0.0,0.0,0.0,0.0,0.0
123,0.0,0.0,0.0,0.0,0.0,0.0,0.0,0.0,0.0,0.0,0.0,0.0,0.0,0.0,0.0,0.0,71.30353546142578,17.618881225585938,0.0,0.0,0.0,0.0,14.936904907226562,131.74273681640625,17.201587677001953,130.80381774902344,0.0,0.0,0.0,0.0,0.0,0.0,0.0,0.0
124,0.0,0.0,0.0,0.0,0.0,0.0,0.0,0.0,0.0,0.0,0.0,0.0,0.0,0.0,0.0,0.0,66.07909393310547,16.05323028564453,0.0,0.0,0.0,0.0,15.843250274658203,130.01437377929688,17.165748596191406,129.3785400390625,0.0,0.0,0.0,0.0,0.0,0.0,0.0,0.0
125,0.0,0.0,0.0,0.0,0.0,0.0,0.0,0.0,0.0,0.0,0.0,0.0,0.0,0.0,0.0,0.0,75.7728042602539,17.714515686035156,0.0,0.0,0.0,0.0,15.403493881225586,128.5015869140625,17.589096069335938,127.80025482177734,0.0,0.0,0.0,0.0,0.0,0.0,0.0,0.0
126,0.0,0.0,0.0,0.0,0.0,0.0,0.0,0.0,0.0,0.0,0.0,0.0,0.0,0.0,0.0,0.0,75.14271545410156,18.02751922607422,0.0,0.0,111.9000473022461,25.8895263671875,14.084474563598633,133.06336975097656,18.949352264404297,132.0634765625,0.0,0.0,0.0,0.0,0.0,0.0,0.0,0.0
127,0.0,0.0,0.0,0.0,0.0,0.0,0.0,0.0,0.0,0.0,0.0,0.0,0.0,0.0,0.0,0.0,71.44637298583984,17.847740173339844,0.0,0.0,106.3232421875,22.37617492675781,13.1263427734375,133.37313842773438,18.341184616088867,132.30908203125,0.0,0.0,0.0,0.0,0.0,0.0,0.0,0.0
128,0.0,0.0,0.0,0.0,0.0,0.0,0.0,0.0,0.0,0.0,0.0,0.0,0.0,0.0,0.0,0.0,74.91102600097656,18.90784454345703,0.0,0.0,109.14369201660156,24.62928771972656,12.26336669921875,133.19546508789062,19.71407699584961,132.24026489257812,0.0,0.0,0.0,0.0,0.0,0.0,0.0,0.0
129,0.0,0.0,0.0,0.0,0.0,0.0,0.0,0.0,0.0,0.0,0.0,0.0,0.0,0.0,0.0,0.0,76.7339859008789,20.368637084960938,0.0,0.0,113.71463012695312,24.66764068603516,13.735095977783203,134.17514038085938,20.421714782714844,133.56222534179688,0.0,0.0,0.0,0.0,0.0,0.0,0.0,0.0
130,0.0,0.0,0.0,0.0,0.0,0.0,0.0,0.0,0.0,0.0,0.0,0.0,0.0,0.0,0.0,0.0,75.87577056884766,17.79920196533203,0.0,0.0,116.45040130615234,22.328086853027344,15.006288528442385,135.49276733398438,18.768035888671875,135.05484008789062,0.0,0.0,0.0,0.0,0.0,0.0,0.0,0.0
131,0.0,0.0,0.0,0.0,0.0,0.0,0.0,0.0,0.0,0.0,0.0,0.0,0.0,0.0,0.0,0.0,76.48200988769531,15.412994384765623,0.0,0.0,117.34761810302734,20.66820526123047,16.4860897064209,133.52859497070312,18.45699119567871,132.30140686035156,0.0,0.0,0.0,0.0,0.0,0.0,0.0,0.0
132,0.0,0.0,0.0,0.0,0.0,0.0,0.0,0.0,0.0,0.0,0.0,0.0,0.0,0.0,0.0,0.0,73.09274291992188,15.145492553710938,0.0,0.0,115.20333099365234,18.725982666015625,16.231571197509766,133.74880981445312,19.56917381286621,133.180419921875,0.0,0.0,0.0,0.0,0.0,0.0,0.0,0.0
133,0.0,0.0,0.0,0.0,0.0,0.0,0.0,0.0,0.0,0.0,0.0,0.0,0.0,0.0,0.0,0.0,74.44915771484375,16.93848419189453,0.0,0.0,116.72035217285156,20.832740783691406,16.480138778686523,136.05270385742188,20.66584587097168,135.95420837402344,0.0,0.0,0.0,0.0,0.0,0.0,0.0,0.0
134,0.0,0.0,0.0,0.0,0.0,0.0,0.0,0.0,0.0,0.0,0.0,0.0,0.0,0.0,0.0,0.0,75.21087646484375,15.698143005371094,0.0,0.0,117.02506256103516,19.5225830078125,17.42106819152832,136.30471801757812,20.07877349853516,136.13064575195312,0.0,0.0,0.0,0.0,0.0,0.0,0.0,0.0
135,0.0,0.0,0.0,0.0,0.0,0.0,0.0,0.0,0.0,0.0,0.0,0.0,0.0,0.0,0.0,0.0,75.51008605957031,20.18983459472656,0.0,0.0,117.09695434570312,20.630393981933597,14.986656188964844,140.40261840820312,23.26926040649414,140.27981567382812,0.0,0.0,0.0,0.0,0.0,0.0,0.0,0.0
136,0.0,0.0,0.0,0.0,0.0,0.0,0.0,0.0,0.0,0.0,0.0,0.0,0.0,0.0,0.0,0.0,79.63642883300781,17.770980834960938,0.0,0.0,119.61099243164062,20.179611206054688,15.646015167236328,136.38722229003906,22.33989906311035,136.04052734375,0.0,0.0,0.0,0.0,0.0,0.0,0.0,0.0
137,0.0,0.0,0.0,0.0,0.0,0.0,0.0,0.0,0.0,0.0,0.0,0.0,0.0,0.0,0.0,0.0,74.81700134277344,18.82383728027344,0.0,0.0,115.73279571533205,19.36801147460937,15.152748107910156,138.3453826904297,23.1335563659668,138.3133087158203,0.0,0.0,0.0,0.0,0.0,0.0,0.0,0.0
138,0.0,0.0,0.0,0.0,0.0,0.0,0.0,0.0,0.0,0.0,0.0,0.0,0.0,0.0,0.0,0.0,74.99983215332031,17.620315551757812,0.0,0.0,115.21826171875,19.34461975097656,15.071544647216797,137.2657928466797,23.59178352355957,137.35157775878906,0.0,0.0,0.0,0.0,0.0,0.0,0.0,0.0
139,0.0,0.0,0.0,0.0,0.0,0.0,0.0,0.0,0.0,0.0,0.0,0.0,0.0,0.0,0.0,0.0,92.74740600585938,21.924034118652344,0.0,0.0,122.2378387451172,22.70035552978516,13.635387420654297,139.451416015625,24.491130828857425,139.09793090820312,0.0,0.0,0.0,0.0,0.0,0.0,0.0,0.0
140,0.0,0.0,0.0,0.0,0.0,0.0,0.0,0.0,0.0,0.0,0.0,0.0,0.0,0.0,0.0,0.0,78.16915893554688,17.45738983154297,0.0,0.0,117.11082458496094,16.909095764160156,13.245933532714844,136.46597290039062,22.23186683654785,136.36965942382812,0.0,0.0,0.0,0.0,0.0,0.0,0.0,0.0
141,0.0,0.0,0.0,0.0,0.0,0.0,0.0,0.0,0.0,0.0,0.0,0.0,33.53181076049805,28.358379364013672,0.0,0.0,88.2648696899414,24.335601806640625,0.0,0.0,118.46656799316406,21.27631378173828,13.868932723999023,137.81304931640625,24.46431350708008,137.46148681640625,0.0,0.0,0.0,0.0,0.0,0.0,0.0,0.0
142,0.0,0.0,0.0,0.0,0.0,0.0,0.0,0.0,0.0,0.0,0.0,0.0,33.873870849609375,29.006378173828125,0.0,0.0,83.87444305419922,24.54344940185547,0.0,0.0,119.35941314697266,24.159500122070312,13.270160675048828,134.46243286132812,24.335702896118164,134.61984252929688,0.0,0.0,0.0,0.0,0.0,0.0,0.0,0.0
143,0.0,0.0,0.0,0.0,0.0,0.0,0.0,0.0,0.0,0.0,0.0,0.0,33.90704727172852,28.674072265625,0.0,0.0,84.12517547607422,23.59095764160156,0.0,0.0,119.43909454345705,24.505645751953125,13.154165267944336,134.30517578125,24.319459915161133,134.4387969970703,0.0,0.0,0.0,0.0,0.0,0.0,0.0,0.0
144,0.0,0.0,0.0,0.0,0.0,0.0,0.0,0.0,0.0,0.0,0.0,0.0,0.0,0.0,0.0,0.0,80.55625915527344,20.637435913085938,0.0,0.0,116.22438049316406,20.489181518554688,14.757652282714844,133.26368713378906,21.88853454589844,132.911376953125,0.0,0.0,0.0,0.0,0.0,0.0,0.0,0.0
145,0.0,0.0,0.0,0.0,0.0,0.0,0.0,0.0,0.0,0.0,0.0,0.0,0.0,0.0,0.0,0.0,0.0,0.0,0.0,0.0,0.0,0.0,11.99077606201172,123.13020324707033,16.400859832763672,123.10694885253906,0.0,0.0,0.0,0.0,0.0,0.0,0.0,0.0
146,0.0,0.0,0.0,0.0,0.0,0.0,0.0,0.0,0.0,0.0,0.0,0.0,0.0,0.0,0.0,0.0,77.99374389648438,14.7774658203125,0.0,0.0,0.0,0.0,11.61273193359375,128.69573974609375,16.243507385253906,128.18836975097656,0.0,0.0,0.0,0.0,0.0,0.0,0.0,0.0
147,0.0,0.0,0.0,0.0,0.0,0.0,0.0,0.0,0.0,0.0,0.0,0.0,0.0,0.0,0.0,0.0,71.64448547363281,27.61805725097656,0.0,0.0,116.3626937866211,20.573753356933597,15.425460815429688,137.91702270507812,22.85147857666016,137.58316040039062,0.0,0.0,0.0,0.0,0.0,0.0,0.0,0.0
148,0.0,0.0,0.0,0.0,0.0,0.0,0.0,0.0,0.0,0.0,0.0,0.0,0.0,0.0,0.0,0.0,74.0308609008789,21.59632873535156,0.0,0.0,117.38896942138672,17.8538818359375,15.454252243041992,139.2291259765625,23.40349578857422,139.15335083007812,0.0,0.0,0.0,0.0,0.0,0.0,0.0,0.0
149,0.0,0.0,0.0,0.0,0.0,0.0,0.0,0.0,0.0,0.0,0.0,0.0,0.0,0.0,0.0,0.0,71.27742004394531,23.315147399902344,0.0,0.0,116.62120056152344,19.939208984375,14.961669921875,138.38397216796875,23.054519653320312,138.26744079589844,0.0,0.0,0.0,0.0,0.0,0.0,0.0,0.0
150,0.0,0.0,0.0,0.0,0.0,0.0,0.0,0.0,0.0,0.0,0.0,0.0,0.0,0.0,0.0,0.0,74.7056655883789,17.899681091308594,0.0,0.0,118.93975830078124,20.094284057617188,15.513830184936523,138.36795043945312,22.561792373657227,138.56961059570312,0.0,0.0,0.0,0.0,0.0,0.0,0.0,0.0
151,0.0,0.0,0.0,0.0,0.0,0.0,0.0,0.0,0.0,0.0,0.0,0.0,0.0,0.0,0.0,0.0,79.68994140625,18.24964141845703,0.0,0.0,124.2688446044922,21.672447204589844,15.15732192993164,139.15370178222656,21.780052185058597,139.33248901367188,0.0,0.0,0.0,0.0,0.0,0.0,0.0,0.0
152,0.0,0.0,0.0,0.0,0.0,0.0,0.0,0.0,0.0,0.0,0.0,0.0,0.0,0.0,0.0,0.0,76.79039001464844,15.81169891357422,0.0,0.0,124.03260040283205,19.95865631103516,15.127470016479492,138.9273681640625,20.978729248046875,139.0465087890625,0.0,0.0,0.0,0.0,0.0,0.0,0.0,0.0
153,0.0,0.0,0.0,0.0,0.0,0.0,0.0,0.0,0.0,0.0,0.0,0.0,0.0,0.0,0.0,0.0,68.29269409179688,11.769378662109377,0.0,0.0,121.30371856689452,17.784263610839844,16.114505767822266,137.81520080566406,17.5633544921875,138.06471252441406,0.0,0.0,0.0,0.0,0.0,0.0,0.0,0.0
154,0.0,0.0,0.0,0.0,0.0,0.0,0.0,0.0,0.0,0.0,0.0,0.0,0.0,0.0,0.0,0.0,72.23870849609375,13.551895141601562,0.0,0.0,123.07939910888672,16.182296752929688,16.327524185180664,138.86134338378906,18.04741859436035,138.88185119628906,0.0,0.0,0.0,0.0,0.0,0.0,0.0,0.0
155,0.0,0.0,0.0,0.0,0.0,0.0,0.0,0.0,0.0,0.0,0.0,0.0,28.20305633544922,20.998336791992188,0.0,0.0,73.16336822509766,14.739768981933594,0.0,0.0,123.21247100830078,16.563003540039062,14.78575325012207,137.90032958984375,19.81818962097168,137.94134521484375,0.0,0.0,0.0,0.0,0.0,0.0,0.0,0.0
156,0.0,0.0,0.0,0.0,0.0,0.0,0.0,0.0,0.0,0.0,0.0,0.0,25.2853946685791,13.999107360839844,0.0,0.0,67.25770568847656,10.390785217285156,0.0,0.0,124.95459747314452,12.262893676757812,15.444393157958984,137.65354919433594,16.621089935302734,136.31100463867188,0.0,0.0,0.0,0.0,0.0,0.0,0.0,0.0
157,0.0,0.0,0.0,0.0,0.0,0.0,0.0,0.0,0.0,0.0,0.0,0.0,0.0,0.0,0.0,0.0,72.59049987792969,11.730857849121094,0.0,0.0,120.30970764160156,16.557403564453125,12.954948425292969,131.78497314453125,10.40032196044922,131.20860290527344,0.0,0.0,0.0,0.0,0.0,0.0,0.0,0.0
158,0.0,0.0,0.0,0.0,0.0,0.0,0.0,0.0,0.0,0.0,0.0,0.0,0.0,0.0,0.0,0.0,72.13153076171875,12.420852661132812,0.0,0.0,120.12979125976562,16.534637451171875,12.900970458984377,133.1345672607422,10.799060821533203,132.61752319335938,0.0,0.0,0.0,0.0,0.0,0.0,0.0,0.0
159,0.0,0.0,0.0,0.0,0.0,0.0,0.0,0.0,0.0,0.0,0.0,0.0,25.911487579345703,15.483078002929688,0.0,0.0,77.4833984375,13.16278839111328,0.0,0.0,126.92195129394533,8.810997009277344,13.22171401977539,139.54147338867188,16.439495086669922,137.14187622070312,0.0,0.0,0.0,0.0,0.0,0.0,0.0,0.0
160,0.0,0.0,0.0,0.0,0.0,0.0,0.0,0.0,0.0,0.0,0.0,0.0,25.96992874145508,16.65179443359375,0.0,0.0,75.91291809082031,14.099143981933594,0.0,0.0,124.16475677490234,9.000022888183594,13.6163330078125,136.97576904296875,17.12234115600586,135.79867553710938,0.0,0.0,0.0,0.0,0.0,0.0,0.0,0.0
161,0.0,0.0,0.0,0.0,0.0,0.0,0.0,0.0,0.0,0.0,0.0,0.0,25.458738327026367,15.80426788330078,0.0,0.0,75.37254333496094,13.28485870361328,0.0,0.0,123.6264877319336,9.08110809326172,14.293697357177734,136.22315979003906,16.412677764892578,134.8960418701172,0.0,0.0,0.0,0.0,0.0,0.0,0.0,0.0
162,0.0,0.0,0.0,0.0,0.0,0.0,0.0,0.0,0.0,0.0,0.0,0.0,32.10514450073242,14.401687622070312,0.0,0.0,81.6816177368164,13.712127685546877,0.0,0.0,123.5767593383789,7.526771545410156,9.82843017578125,142.44772338867188,17.45236587524414,138.15011596679688,0.0,0.0,0.0,0.0,0.0,0.0,0.0,0.0
163,0.0,0.0,0.0,0.0,0.0,0.0,0.0,0.0,0.0,0.0,0.0,0.0,29.788143157958984,10.979827880859377,0.0,0.0,85.66807556152344,15.548927307128906,0.0,0.0,127.92440032958984,9.758033752441406,13.193492889404297,144.7382049560547,17.82061004638672,141.24525451660156,0.0,0.0,0.0,0.0,0.0,0.0,0.0,0.0
164,0.0,0.0,0.0,0.0,0.0,0.0,0.0,0.0,0.0,0.0,0.0,0.0,32.264007568359375,12.153167724609377,0.0,0.0,87.01433563232422,16.867271423339844,0.0,0.0,126.6303253173828,9.966537475585938,9.529708862304688,148.87767028808594,18.70747756958008,143.81826782226562,0.0,0.0,0.0,0.0,0.0,0.0,0.0,0.0
165,0.0,0.0,0.0,0.0,0.0,0.0,0.0,0.0,0.0,0.0,0.0,0.0,31.43826675415039,18.293418884277344,0.0,0.0,66.09332275390625,51.12317657470703,0.0,0.0,112.41331481933594,74.97128295898438,9.869148254394531,141.23309326171875,18.13955307006836,138.29644775390625,0.0,0.0,0.0,0.0,0.0,0.0,0.0,0.0
166,0.0,0.0,0.0,0.0,0.0,0.0,0.0,0.0,0.0,0.0,0.0,0.0,33.5706787109375,16.301403045654297,0.0,0.0,82.37046813964844,25.73138427734375,0.0,0.0,119.38823699951172,19.98755645751953,12.673355102539062,152.0563201904297,18.0323486328125,147.24742126464844,0.0,0.0,0.0,0.0,0.0,0.0,0.0,0.0
167,0.0,0.0,0.0,0.0,0.0,0.0,0.0,0.0,0.0,0.0,0.0,0.0,30.05856132507324,25.88008117675781,0.0,0.0,55.83243560791016,86.17665100097656,0.0,0.0,96.14453887939452,138.9464874267578,0.0,0.0,20.99203491210937,143.83290100097656,0.0,0.0,0.0,0.0,0.0,0.0,0.0,0.0
168,0.0,0.0,0.0,0.0,0.0,0.0,0.0,0.0,0.0,0.0,0.0,0.0,33.26744079589844,26.94733428955078,0.0,0.0,49.38372802734375,95.36042022705078,0.0,0.0,91.29153442382812,136.466796875,9.199790954589844,141.10479736328125,22.079391479492188,142.54531860351562,0.0,0.0,0.0,0.0,0.0,0.0,0.0,0.0
169,0.0,0.0,0.0,0.0,0.0,0.0,0.0,0.0,0.0,0.0,0.0,0.0,39.24957275390625,40.67628479003906,0.0,0.0,50.686973571777344,100.7007064819336,0.0,0.0,89.56587219238281,134.09945678710938,7.689163208007812,140.762939453125,22.239486694335938,143.48097229003906,0.0,0.0,0.0,0.0,0.0,0.0,0.0,0.0
170,0.0,0.0,0.0,0.0,0.0,0.0,0.0,0.0,0.0,0.0,0.0,0.0,40.14802551269531,45.10562133789063,0.0,0.0,50.20826721191406,101.34992980957033,0.0,0.0,90.19679260253906,134.63211059570312,8.424278259277344,140.66012573242188,22.09654998779297,143.68093872070312,0.0,0.0,0.0,0.0,0.0,0.0,0.0,0.0
171,0.0,0.0,0.0,0.0,0.0,0.0,0.0,0.0,0.0,0.0,0.0,0.0,40.81692886352539,42.84779357910156,0.0,0.0,51.03652191162109,102.85111236572266,0.0,0.0,90.54254150390624,133.75999450683594,6.773681640625,141.8368377685547,21.184467315673828,144.913818359375,0.0,0.0,0.0,0.0,0.0,0.0,0.0,0.0
172,0.0,0.0,0.0,0.0,0.0,0.0,0.0,0.0,0.0,0.0,0.0,0.0,37.528541564941406,31.574752807617188,0.0,0.0,51.22138977050781,101.01751708984376,0.0,0.0,91.2637939453125,134.1814422607422,5.290000915527344,142.76527404785156,20.93419075012207,145.3165283203125,0.0,0.0,0.0,0.0,0.0,0.0,0.0,0.0
173,0.0,0.0,0.0,0.0,0.0,0.0,0.0,0.0,0.0,0.0,0.0,0.0,41.55485916137695,50.4414291381836,0.0,0.0,52.451908111572266,104.92406463623048,0.0,0.0,90.80039978027344,133.58865356445312,4.640094757080078,140.58212280273438,21.527984619140625,143.93215942382812,0.0,0.0,0.0,0.0,0.0,0.0,0.0,0.0
174,0.0,0.0,0.0,0.0,0.0,0.0,0.0,0.0,0.0,0.0,0.0,0.0,37.53254699707031,27.964134216308597,0.0,0.0,49.945274353027344,100.34103393554688,0.0,0.0,90.6819305419922,134.69041442871094,7.465255737304687,141.95668029785156,22.583526611328125,144.57534790039062,0.0,0.0,0.0,0.0,0.0,0.0,0.0,0.0
175,0.0,0.0,0.0,0.0,0.0,0.0,0.0,0.0,0.0,0.0,0.0,0.0,35.4566764831543,14.07000732421875,0.0,0.0,78.91175842285156,20.99927520751953,0.0,0.0,120.3791046142578,12.545806884765623,15.455368041992188,150.71463012695312,19.95249366760254,144.91989135742188,0.0,0.0,0.0,0.0,0.0,0.0,0.0,0.0
176,0.0,0.0,0.0,0.0,0.0,0.0,0.0,0.0,0.0,0.0,0.0,0.0,33.66244125366211,13.83184814453125,0.0,0.0,81.61949157714844,14.232826232910156,0.0,0.0,124.85226440429688,11.9283447265625,20.153181076049805,152.6414031982422,19.729793548583984,148.30917358398438,0.0,0.0,0.0,0.0,0.0,0.0,0.0,0.0
177,0.0,0.0,0.0,0.0,0.0,0.0,0.0,0.0,0.0,0.0,0.0,0.0,0.0,0.0,0.0,0.0,0.0,0.0,0.0,0.0,0.0,0.0,18.365028381347656,146.75460815429688,21.91874313354492,145.73245239257812,0.0,0.0,0.0,0.0,0.0,0.0,0.0,0.0
178,0.0,0.0,0.0,0.0,0.0,0.0,0.0,0.0,0.0,0.0,0.0,0.0,0.0,0.0,0.0,0.0,84.79517364501953,27.59740447998047,0.0,0.0,0.0,0.0,12.54180908203125,146.97750854492188,26.233930587768555,145.92153930664062,0.0,0.0,0.0,0.0,0.0,0.0,0.0,0.0
179,0.0,0.0,0.0,0.0,0.0,0.0,0.0,0.0,0.0,0.0,0.0,0.0,0.0,0.0,0.0,0.0,0.0,0.0,0.0,0.0,0.0,0.0,13.298858642578123,144.599609375,17.459835052490234,141.21243286132812,0.0,0.0,0.0,0.0,0.0,0.0,0.0,0.0
180,0.0,0.0,0.0,0.0,0.0,0.0,0.0,0.0,0.0,0.0,0.0,0.0,0.0,0.0,0.0,0.0,82.62110900878906,23.980484008789062,0.0,0.0,124.61483001708984,25.526199340820312,20.980972290039062,154.1381378173828,16.955638885498047,148.673583984375,0.0,0.0,0.0,0.0,0.0,0.0,0.0,0.0
181,0.0,0.0,0.0,0.0,0.0,0.0,0.0,0.0,0.0,0.0,0.0,0.0,0.0,0.0,0.0,0.0,73.11672973632812,29.09321594238281,0.0,0.0,119.84249114990234,32.02040100097656,0.0,0.0,23.148757934570312,143.02110290527344,0.0,0.0,0.0,0.0,0.0,0.0,0.0,0.0
182,0.0,0.0,0.0,0.0,0.0,0.0,0.0,0.0,0.0,0.0,0.0,0.0,0.0,0.0,0.0,0.0,72.88375854492188,29.41185760498047,0.0,0.0,119.93328094482422,32.3814697265625,0.0,0.0,23.428882598876957,142.4842071533203,0.0,0.0,0.0,0.0,0.0,0.0,0.0,0.0
183,0.0,0.0,0.0,0.0,0.0,0.0,0.0,0.0,0.0,0.0,0.0,0.0,0.0,0.0,0.0,0.0,72.9869384765625,29.269607543945312,0.0,0.0,119.07233428955078,32.09931945800781,0.0,0.0,23.08743095397949,143.07823181152344,0.0,0.0,0.0,0.0,0.0,0.0,0.0,0.0
184,0.0,0.0,0.0,0.0,0.0,0.0,0.0,0.0,0.0,0.0,0.0,0.0,0.0,0.0,0.0,0.0,68.67437744140625,37.69158935546875,0.0,0.0,114.57642364501952,41.68085479736328,0.0,0.0,23.670446395874023,146.74954223632812,0.0,0.0,0.0,0.0,0.0,0.0,0.0,0.0
185,0.0,0.0,0.0,0.0,0.0,0.0,0.0,0.0,0.0,0.0,0.0,0.0,33.59339904785156,31.67025756835937,0.0,0.0,80.4017333984375,61.710147857666016,0.0,0.0,116.28064727783205,43.21083068847656,0.0,0.0,25.01236343383789,151.373046875,0.0,0.0,0.0,0.0,0.0,0.0,0.0,0.0
186,0.0,0.0,0.0,0.0,0.0,0.0,0.0,0.0,0.0,0.0,0.0,0.0,0.0,0.0,0.0,0.0,35.27467346191406,38.73694610595703,86.62776184082031,60.00814056396485,82.51219940185547,47.18273162841797,28.65976905822754,152.19601440429688,17.753684997558594,149.92103576660156,0.0,0.0,0.0,0.0,0.0,0.0,0.0,0.0
187,0.0,0.0,0.0,0.0,0.0,0.0,0.0,0.0,0.0,0.0,0.0,0.0,0.0,0.0,41.82027816772461,62.97489547729492,20.156524658203125,35.69578552246094,71.67979431152344,57.51493835449219,68.55931091308594,45.67210388183594,28.864315032958984,147.8126678466797,19.117172241210938,145.38177490234375,0.0,0.0,0.0,0.0,0.0,0.0,0.0,0.0
188,0.0,0.0,0.0,0.0,0.0,0.0,0.0,0.0,0.0,0.0,0.0,0.0,0.0,0.0,0.0,0.0,20.438884735107425,36.04039001464844,72.05070495605469,57.53277587890625,68.58416748046875,45.47988128662109,28.230518341064453,147.52191162109375,19.79861640930176,145.21270751953125,0.0,0.0,0.0,0.0,0.0,0.0,0.0,0.0
189,0.0,0.0,0.0,0.0,0.0,0.0,0.0,0.0,0.0,0.0,0.0,0.0,0.0,0.0,40.77335357666016,56.92086791992188,0.0,0.0,82.49807739257812,49.412391662597656,76.4067611694336,46.149452209472656,23.530807495117188,145.922119140625,15.357566833496094,144.1075439453125,0.0,0.0,0.0,0.0,0.0,0.0,0.0,0.0
190,0.0,0.0,0.0,0.0,0.0,0.0,0.0,0.0,0.0,0.0,0.0,0.0,0.0,0.0,49.33655548095703,43.95185852050781,27.54805564880371,33.146697998046875,90.90956115722656,48.92344665527344,85.56196594238281,40.48582458496094,28.515159606933597,141.1785888671875,13.820693969726562,142.24859619140625,0.0,0.0,0.0,0.0,0.0,0.0,0.0,0.0
191,0.0,0.0,0.0,0.0,0.0,0.0,0.0,0.0,0.0,0.0,0.0,0.0,0.0,0.0,52.40495300292969,82.09422302246094,44.64449691772461,36.34541320800781,96.14273071289062,125.88370513916016,88.51005554199219,33.515525817871094,24.262943267822266,153.19021606445312,16.23367691040039,151.4847412109375,0.0,0.0,0.0,0.0,0.0,0.0,0.0,0.0
192,0.0,0.0,0.0,0.0,0.0,0.0,0.0,0.0,0.0,0.0,25.578935623168945,22.680538177490234,0.0,0.0,38.05990219116211,75.46407318115234,34.510894775390625,33.32593536376953,92.48483276367188,119.61358642578124,95.08787536621094,33.32851028442383,31.59982681274414,160.833984375,12.65260887145996,160.40487670898438,0.0,0.0,0.0,0.0,0.0,0.0,0.0,0.0
193,0.0,0.0,0.0,0.0,0.0,0.0,0.0,0.0,0.0,0.0,17.85443115234375,25.431198120117188,0.0,0.0,47.395469665527344,77.44505310058594,0.0,0.0,91.61585235595705,121.00839233398438,0.0,0.0,29.375656127929688,180.79446411132807,0.0,0.0,0.0,0.0,0.0,0.0,0.0,0.0,0.0,0.0
194,0.0,0.0,0.0,0.0,0.0,0.0,0.0,0.0,0.0,0.0,0.0,0.0,0.0,0.0,34.846981048583984,79.28191375732422,0.0,0.0,88.253173828125,116.3822021484375,105.45870971679688,43.61592864990234,20.93262481689453,177.05368041992188,7.363632202148437,178.60804748535156,0.0,0.0,0.0,0.0,0.0,0.0,0.0,0.0
195,0.0,0.0,0.0,0.0,0.0,0.0,0.0,0.0,0.0,0.0,0.0,0.0,0.0,0.0,28.317028045654297,71.31968688964844,21.699520111083984,43.37328720092773,85.90169525146484,108.46980285644533,118.7056121826172,52.24043273925781,29.479835510253903,172.65353393554688,3.1309585571289062,175.41488647460938,0.0,0.0,0.0,0.0,0.0,0.0,0.0,0.0
196,0.0,0.0,0.0,0.0,0.0,0.0,0.0,0.0,0.0,0.0,0.0,0.0,0.0,0.0,24.79696655273437,81.89652252197266,31.049678802490234,53.697059631347656,76.51225280761719,110.33577728271484,143.5355224609375,49.79766845703125,25.68457794189453,174.96743774414062,3.003578186035156,180.04754638671875,0.0,0.0,0.0,0.0,0.0,0.0,0.0,0.0
197,0.0,0.0,0.0,0.0,0.0,0.0,0.0,0.0,0.0,0.0,0.0,0.0,0.0,0.0,17.348678588867188,60.03007125854492,54.32793426513672,49.78059387207031,67.87672424316406,104.08781433105467,162.4770965576172,65.74951171875,17.999732971191406,157.52859497070312,12.513961791992188,164.1403350830078,0.0,0.0,0.0,0.0,0.0,0.0,0.0,0.0
198,0.0,0.0,0.0,0.0,0.0,0.0,0.0,0.0,0.0,0.0,0.0,0.0,0.0,0.0,16.02686309814453,60.43698120117188,67.68165588378906,54.10352325439453,73.16098022460938,98.06504821777344,175.323974609375,74.29600524902344,8.705062866210938,155.3674774169922,10.742088317871094,160.8552703857422,0.0,0.0,0.0,0.0,0.0,0.0,0.0,0.0
199,0.0,0.0,0.0,0.0,0.0,0.0,0.0,0.0,0.0,0.0,0.0,0.0,0.0,0.0,66.18050384521484,53.14296722412109,0.0,0.0,185.49359130859372,88.01362609863281,188.09873962402344,84.3179702758789,7.320198059082031,154.63348388671875,8.653167724609375,160.73634338378906,0.0,0.0,0.0,0.0,0.0,0.0,0.0,0.0
200,0.0,0.0,0.0,0.0,0.0,0.0,0.0,0.0,0.0,0.0,0.0,0.0,0.0,0.0,73.12328338623047,58.52391815185547,0.0,0.0,188.39889526367188,89.13652038574219,0.0,0.0,7.32208251953125,166.5426025390625,0.0,0.0,0.0,0.0,0.0,0.0,0.0,0.0,0.0,0.0
201,0.0,0.0,0.0,0.0,0.0,0.0,0.0,0.0,0.0,0.0,0.0,0.0,0.0,0.0,78.41950988769531,59.99180603027344,89.40603637695312,63.787994384765625,193.73577880859372,92.93994903564452,201.58010864257807,93.64242553710938,6.3031158447265625,158.24725341796875,0.0,0.0,0.0,0.0,0.0,0.0,0.0,0.0,0.0,0.0
202,0.0,0.0,0.0,0.0,0.0,0.0,0.0,0.0,0.0,0.0,29.83184051513672,0.0,0.0,0.0,90.39738464355467,62.848854064941406,0.0,0.0,201.6386260986328,96.0969696044922,0.0,0.0,10.91765594482422,160.9827880859375,0.0,0.0,0.0,0.0,0.0,0.0,0.0,0.0,0.0,0.0
203,0.0,0.0,0.0,0.0,0.0,0.0,0.0,0.0,0.0,0.0,0.0,0.0,0.0,0.0,91.552978515625,58.3960189819336,0.0,0.0,195.613525390625,96.8800048828125,198.69949340820312,100.37775421142578,16.7415771484375,165.59217834472656,0.0,0.0,0.0,0.0,0.0,0.0,0.0,0.0,0.0,0.0
204,0.0,0.0,0.0,0.0,0.0,0.0,0.0,0.0,0.0,0.0,0.0,0.0,0.0,0.0,89.62802124023438,61.529052734375,92.97733306884766,60.81025314331055,196.01467895507807,100.26268768310548,201.847900390625,103.82862854003906,13.735389709472656,166.734130859375,0.0,0.0,0.0,0.0,0.0,0.0,0.0,0.0,0.0,0.0
205,0.0,0.0,0.0,0.0,0.0,0.0,0.0,0.0,0.0,0.0,0.0,0.0,0.0,0.0,86.2094497680664,64.66217041015625,0.0,0.0,197.29965209960935,101.68952941894533,0.0,0.0,8.457489013671875,160.95077514648438,9.87384033203125,164.21815490722656,0.0,0.0,0.0,0.0,0.0,0.0,0.0,0.0
206,0.0,0.0,0.0,0.0,0.0,0.0,0.0,0.0,0.0,0.0,0.0,0.0,0.0,0.0,86.06671142578125,64.24832153320312,0.0,0.0,197.0169677734375,101.42057800292967,0.0,0.0,7.3314971923828125,162.0198974609375,8.232040405273438,165.48422241210938,0.0,0.0,0.0,0.0,0.0,0.0,0.0,0.0
207,0.0,0.0,0.0,0.0,0.0,0.0,0.0,0.0,0.0,0.0,32.09748840332031,1.007568359375,0.0,0.0,92.89102172851562,65.73446655273438,0.0,0.0,196.85211181640625,105.66815948486328,0.0,0.0,12.991195678710938,163.78134155273438,4.087570190429688,167.7360076904297,0.0,0.0,0.0,0.0,0.0,0.0,0.0,0.0
208,0.0,0.0,0.0,0.0,0.0,0.0,0.0,0.0,0.0,0.0,0.0,0.0,0.0,0.0,82.6961669921875,63.81343078613281,87.21649932861328,67.6402816772461,192.61822509765625,107.4732666015625,0.0,0.0,7.630378723144531,154.8399200439453,5.260032653808594,159.20301818847656,0.0,0.0,0.0,0.0,0.0,0.0,0.0,0.0
209,0.0,0.0,0.0,0.0,0.0,0.0,0.0,0.0,0.0,0.0,0.0,0.0,0.0,0.0,82.00198364257812,66.21487426757812,0.0,0.0,192.889404296875,109.53688049316406,0.0,0.0,4.852066040039063,154.70851135253906,4.63641357421875,159.08482360839844,0.0,0.0,0.0,0.0,0.0,0.0,0.0,0.0
210,0.0,0.0,0.0,0.0,0.0,0.0,0.0,0.0,0.0,0.0,0.0,0.0,0.0,0.0,0.0,0.0,84.63871765136719,70.98838806152344,0.0,0.0,0.0,0.0,4.758888244628906,150.67030334472656,3.705482482910156,156.1099853515625,0.0,0.0,0.0,0.0,0.0,0.0,0.0,0.0
211,0.0,0.0,0.0,0.0,0.0,0.0,0.0,0.0,0.0,0.0,0.0,0.0,0.0,0.0,0.0,0.0,86.32965087890625,71.31230926513672,0.0,0.0,193.4010467529297,113.87718963623048,2.379501342773437,154.6598358154297,4.578369140625,160.19427490234375,0.0,0.0,0.0,0.0,0.0,0.0,0.0,0.0
212,0.0,0.0,0.0,0.0,0.0,0.0,0.0,0.0,0.0,0.0,16.997711181640625,0.0,0.0,0.0,68.92185974121094,60.82163238525391,0.0,0.0,188.9931640625,102.43853759765624,0.0,0.0,0.0,161.09437561035156,0.019439697265625,166.74159240722656,0.0,0.0,0.0,0.0,0.0,0.0,0.0,0.0
213,0.0,0.0,0.0,0.0,0.0,0.0,0.0,0.0,0.0,0.0,0.0,0.0,0.0,0.0,48.52589416503906,66.63636779785156,0.0,0.0,147.3926544189453,89.49082946777344,0.0,0.0,18.238296508789062,156.56163024902344,0.0,0.0,0.0,0.0,0.0,0.0,0.0,0.0,0.0,0.0
214,0.0,0.0,0.0,0.0,0.0,0.0,0.0,0.0,0.0,0.0,0.0,0.0,0.0,0.0,0.0,0.0,0.0,0.0,0.0,0.0,0.0,0.0,0.0,0.0,0.0,0.0,0.0,0.0,0.0,0.0,0.0,0.0,0.0,0.0
215,0.0,0.0,0.0,0.0,0.0,0.0,0.0,0.0,0.0,0.0,0.0,0.0,0.0,0.0,0.0,0.0,0.0,0.0,0.0,0.0,0.0,0.0,0.0,0.0,0.0,0.0,0.0,0.0,0.0,0.0,0.0,0.0,0.0,0.0
216,0.0,0.0,0.0,0.0,0.0,0.0,0.0,0.0,0.0,0.0,0.0,0.0,0.0,0.0,0.0,0.0,0.0,0.0,0.0,0.0,0.0,0.0,0.0,0.0,0.0,0.0,0.0,0.0,0.0,0.0,0.0,0.0,0.0,0.0
217,0.0,0.0,0.0,0.0,0.0,0.0,0.0,0.0,0.0,0.0,0.0,0.0,0.0,0.0,0.0,0.0,0.0,0.0,0.0,0.0,0.0,0.0,0.0,0.0,0.0,0.0,0.0,0.0,0.0,0.0,0.0,0.0,0.0,0.0
218,0.0,0.0,0.0,0.0,0.0,0.0,0.0,0.0,0.0,0.0,0.0,0.0,0.0,0.0,26.39950942993164,66.82429504394531,0.0,0.0,64.66928100585938,94.00344848632812,0.0,0.0,24.71604347229004,127.4795150756836,13.02519702911377,129.55380249023438,30.206987380981445,210.78305053710935,0.0,0.0,0.0,0.0,0.0,0.0
219,0.0,0.0,0.0,0.0,0.0,0.0,0.0,0.0,0.0,0.0,0.0,0.0,0.0,0.0,29.979782104492188,65.21003723144531,0.0,0.0,63.0168571472168,95.67007446289062,0.0,0.0,27.510896682739254,129.232177734375,11.116069793701172,130.9834442138672,37.11605072021485,209.48294067382807,0.0,0.0,0.0,0.0,0.0,0.0
220,0.0,0.0,0.0,0.0,0.0,0.0,0.0,0.0,0.0,0.0,30.16298484802246,6.568893432617188,0.0,0.0,28.22962951660156,64.81402587890625,0.0,0.0,61.73825454711914,93.79095458984376,0.0,0.0,24.784608840942383,131.83767700195312,10.599235534667969,133.27371215820312,36.53758239746094,215.8769378662109,0.0,0.0,0.0,0.0,0.0,0.0
221,0.0,0.0,0.0,0.0,0.0,0.0,0.0,0.0,0.0,0.0,26.30998992919922,7.658279418945312,0.0,0.0,25.809785842895508,65.78697204589844,0.0,0.0,59.86891555786133,93.24943542480467,0.0,0.0,22.14892196655273,133.77960205078125,7.514768600463867,135.61329650878906,35.16399002075195,216.09735107421875,0.0,0.0,0.0,0.0,0.0,0.0
222,0.0,0.0,0.0,0.0,0.0,0.0,0.0,0.0,0.0,0.0,0.0,0.0,0.0,0.0,22.76337432861328,64.07655334472656,0.0,0.0,55.863990783691406,91.01644897460938,0.0,0.0,18.38849449157715,134.25401306152344,0.0,0.0,32.845069885253906,217.966064453125,0.0,0.0,0.0,0.0,0.0,0.0
223,0.0,0.0,0.0,0.0,0.0,0.0,0.0,0.0,0.0,0.0,0.0,0.0,0.0,0.0,18.185115814208984,65.9345474243164,0.0,0.0,52.40774917602539,91.36361694335938,0.0,0.0,18.937423706054688,133.3842010498047,0.0,0.0,0.0,0.0,0.0,0.0,0.0,0.0,0.0,0.0
224,0.0,0.0,0.0,0.0,0.0,0.0,0.0,0.0,0.0,0.0,22.290754318237305,7.379547119140625,0.0,0.0,16.732830047607422,67.72698211669922,0.0,0.0,49.02819442749024,90.29825592041016,0.0,0.0,18.06605339050293,131.65818786621094,0.0,0.0,0.0,0.0,0.0,0.0,0.0,0.0,0.0,0.0
225,0.0,0.0,0.0,0.0,0.0,0.0,0.0,0.0,0.0,0.0,0.0,0.0,0.0,0.0,12.504481315612791,65.14253234863281,0.0,0.0,45.35761260986328,88.53790283203125,0.0,0.0,16.457489013671875,135.9781494140625,0.0,0.0,0.0,0.0,0.0,0.0,0.0,0.0,0.0,0.0
226,0.0,0.0,0.0,0.0,0.0,0.0,0.0,0.0,0.0,0.0,0.0,0.0,0.0,0.0,15.513801574707031,64.38914489746094,0.0,0.0,44.94986343383789,86.89708709716797,0.0,0.0,16.23133659362793,131.78363037109375,11.4420804977417,133.35748291015625,0.0,0.0,0.0,0.0,0.0,0.0,0.0,0.0
227,0.0,0.0,0.0,0.0,0.0,0.0,0.0,0.0,0.0,0.0,0.0,0.0,0.0,0.0,12.275514602661133,60.60745620727539,0.0,0.0,41.68281555175781,85.35256958007812,0.0,0.0,14.151931762695312,131.17807006835938,0.0,0.0,0.0,0.0,0.0,0.0,0.0,0.0,0.0,0.0
228,0.0,0.0,0.0,0.0,0.0,0.0,0.0,0.0,0.0,0.0,0.0,0.0,0.0,0.0,11.641769409179688,52.0351791381836,0.0,0.0,39.40656661987305,82.47708129882812,0.0,0.0,11.341835021972656,120.91535949707033,0.0,0.0,0.0,0.0,0.0,0.0,0.0,0.0,0.0,0.0
229,0.0,0.0,0.0,0.0,0.0,0.0,0.0,0.0,0.0,0.0,0.0,0.0,0.0,0.0,11.16057586669922,51.96842956542969,0.0,0.0,39.34982299804688,82.41220092773438,0.0,0.0,10.584075927734377,120.59058380126952,0.0,0.0,0.0,0.0,0.0,0.0,0.0,0.0,0.0,0.0
230,0.0,0.0,0.0,0.0,0.0,0.0,0.0,0.0,0.0,0.0,0.0,0.0,0.0,0.0,13.552434921264648,57.80793762207031,0.0,0.0,39.395450592041016,83.4165267944336,0.0,0.0,15.517532348632812,126.72289276123048,10.45772933959961,128.80364990234375,0.0,0.0,0.0,0.0,0.0,0.0,0.0,0.0
231,0.0,0.0,0.0,0.0,0.0,0.0,0.0,0.0,0.0,0.0,0.0,0.0,0.0,0.0,0.0,0.0,0.0,0.0,0.0,0.0,0.0,0.0,13.277119636535645,124.4908447265625,12.544127464294434,124.48878479003906,0.0,0.0,0.0,0.0,0.0,0.0,0.0,0.0
232,0.0,0.0,0.0,0.0,0.0,0.0,0.0,0.0,0.0,0.0,0.0,0.0,0.0,0.0,0.0,0.0,0.0,0.0,0.0,0.0,0.0,0.0,14.221807479858398,123.19771575927734,17.840961456298828,123.17848205566406,0.0,0.0,0.0,0.0,0.0,0.0,0.0,0.0
233,0.0,0.0,0.0,0.0,0.0,0.0,0.0,0.0,0.0,0.0,0.0,0.0,0.0,0.0,0.0,0.0,0.0,0.0,0.0,0.0,0.0,0.0,10.836906433105469,119.20941925048828,13.84957504272461,119.08744049072266,0.0,0.0,0.0,0.0,0.0,0.0,0.0,0.0
234,0.0,0.0,0.0,0.0,0.0,0.0,0.0,0.0,0.0,0.0,0.0,0.0,0.0,0.0,0.0,0.0,0.0,0.0,0.0,0.0,0.0,0.0,13.500032424926758,134.92376708984375,10.577109336853027,134.0802001953125,0.0,0.0,0.0,0.0,0.0,0.0,0.0,0.0
235,0.0,0.0,0.0,0.0,0.0,0.0,0.0,0.0,0.0,0.0,0.0,0.0,19.546640396118164,68.24817657470703,0.0,0.0,54.24247741699219,93.4464874267578,0.0,0.0,59.07853317260742,85.98532104492188,8.233022689819336,134.07565307617188,14.222846031188965,133.3946533203125,0.0,0.0,23.40540313720703,190.28533935546875,0.0,0.0,0.0,0.0
236,0.0,0.0,0.0,0.0,0.0,0.0,0.0,0.0,0.0,0.0,0.0,0.0,0.0,0.0,0.0,0.0,0.0,0.0,0.0,0.0,0.0,0.0,0.0,0.0,0.0,0.0,0.0,0.0,0.0,0.0,0.0,0.0,0.0,0.0
237,0.0,0.0,0.0,0.0,0.0,0.0,0.0,0.0,0.0,0.0,0.0,0.0,0.0,0.0,0.0,0.0,0.0,0.0,0.0,0.0,0.0,0.0,0.0,0.0,0.0,0.0,0.0,0.0,0.0,0.0,0.0,0.0,0.0,0.0
238,0.0,0.0,0.0,0.0,0.0,0.0,0.0,0.0,0.0,0.0,0.0,0.0,0.0,0.0,0.0,0.0,0.0,0.0,0.0,0.0,0.0,0.0,0.0,0.0,0.0,0.0,0.0,0.0,0.0,0.0,0.0,0.0,0.0,0.0
239,0.0,0.0,0.0,0.0,0.0,0.0,0.0,0.0,0.0,0.0,0.0,0.0,0.0,0.0,0.0,0.0,0.0,0.0,0.0,0.0,0.0,0.0,0.0,0.0,0.0,0.0,0.0,0.0,0.0,0.0,0.0,0.0,0.0,0.0
240,0.0,0.0,0.0,0.0,0.0,0.0,0.0,0.0,0.0,0.0,0.0,0.0,0.0,0.0,0.0,0.0,0.0,0.0,0.0,0.0,0.0,0.0,0.0,0.0,0.0,0.0,0.0,0.0,0.0,0.0,0.0,0.0,0.0,0.0
241,0.0,0.0,0.0,0.0,0.0,0.0,0.0,0.0,0.0,0.0,0.0,0.0,0.0,0.0,0.0,0.0,0.0,0.0,0.0,0.0,0.0,0.0,0.0,0.0,0.0,0.0,0.0,0.0,0.0,0.0,0.0,0.0,0.0,0.0
242,0.0,0.0,0.0,0.0,0.0,0.0,0.0,0.0,0.0,0.0,0.0,0.0,0.0,0.0,0.0,0.0,0.0,0.0,0.0,0.0,0.0,0.0,0.0,0.0,0.0,0.0,0.0,0.0,0.0,0.0,0.0,0.0,0.0,0.0
243,0.0,0.0,0.0,0.0,0.0,0.0,0.0,0.0,0.0,0.0,0.0,0.0,0.0,0.0,0.0,0.0,0.0,0.0,0.0,0.0,0.0,0.0,0.0,0.0,0.0,0.0,0.0,0.0,0.0,0.0,0.0,0.0,0.0,0.0
244,0.0,0.0,0.0,0.0,0.0,0.0,0.0,0.0,0.0,0.0,0.0,0.0,0.0,0.0,0.0,0.0,0.0,0.0,0.0,0.0,0.0,0.0,9.864458084106444,131.10824584960938,0.0,0.0,0.0,0.0,0.0,0.0,0.0,0.0,0.0,0.0
245,0.0,0.0,0.0,0.0,0.0,0.0,0.0,0.0,0.0,0.0,0.0,0.0,0.0,0.0,0.0,0.0,0.0,0.0,51.28816986083984,88.14552307128906,0.0,0.0,12.225055694580078,151.31382751464844,0.0,0.0,0.0,0.0,0.0,0.0,0.0,0.0,0.0,0.0
246,0.0,0.0,0.0,0.0,0.0,0.0,0.0,0.0,0.0,0.0,0.0,0.0,0.0,0.0,25.76339340209961,64.06464385986328,0.0,0.0,53.47177505493164,85.05784606933594,0.0,0.0,8.423084259033203,144.35491943359375,0.0,0.0,0.0,0.0,0.0,0.0,0.0,0.0,0.0,0.0
247,0.0,0.0,0.0,0.0,0.0,0.0,0.0,0.0,0.0,0.0,0.0,0.0,0.0,0.0,23.76974105834961,70.79027557373047,0.0,0.0,50.75517654418945,88.00251770019531,0.0,0.0,10.434181213378906,138.45079040527344,6.270610809326172,139.43739318847656,0.0,0.0,0.0,0.0,0.0,0.0,0.0,0.0
248,0.0,0.0,0.0,0.0,0.0,0.0,0.0,0.0,0.0,0.0,0.0,0.0,0.0,0.0,27.46382141113281,77.69866943359375,0.0,0.0,56.70465850830078,90.63433074951172,0.0,0.0,12.14116668701172,142.27700805664062,4.370937347412109,142.60919189453125,0.0,0.0,0.0,0.0,0.0,0.0,0.0,0.0
249,0.0,0.0,0.0,0.0,0.0,0.0,0.0,0.0,0.0,0.0,0.0,0.0,0.0,0.0,27.412059783935547,75.42498779296875,0.0,0.0,56.60795974731445,90.35604095458984,0.0,0.0,12.184249877929688,141.71368408203125,4.780910491943359,142.0908203125,0.0,0.0,0.0,0.0,0.0,0.0,0.0,0.0
250,0.0,0.0,0.0,0.0,0.0,0.0,0.0,0.0,0.0,0.0,0.0,0.0,0.0,0.0,0.0,0.0,0.0,0.0,56.20222473144531,85.08154296875,0.0,0.0,13.701141357421877,146.83993530273438,0.0,0.0,0.0,0.0,0.0,0.0,0.0,0.0,0.0,0.0
251,0.0,0.0,0.0,0.0,0.0,0.0,0.0,0.0,0.0,0.0,0.0,0.0,0.0,0.0,28.022708892822266,62.468360900878906,0.0,0.0,56.87272262573242,77.59867858886719,0.0,0.0,12.544872283935549,139.88125610351562,6.714447021484375,140.5433807373047,0.0,0.0,0.0,0.0,0.0,0.0,0.0,0.0
252,0.0,0.0,0.0,0.0,0.0,0.0,0.0,0.0,0.0,0.0,0.0,0.0,0.0,0.0,31.382244110107425,64.59366607666016,0.0,0.0,56.55770111083984,82.7667007446289,0.0,0.0,14.29201889038086,132.84056091308594,3.2148971557617188,133.61123657226562,0.0,0.0,0.0,0.0,0.0,0.0,0.0,0.0
253,0.0,0.0,0.0,0.0,0.0,0.0,0.0,0.0,0.0,0.0,0.0,0.0,0.0,0.0,31.80501747131348,82.56218719482422,0.0,0.0,56.859893798828125,91.15221405029295,0.0,0.0,17.956554412841797,139.608642578125,4.597965240478516,139.1196746826172,0.0,0.0,0.0,0.0,0.0,0.0,0.0,0.0
254,0.0,0.0,0.0,0.0,0.0,0.0,0.0,0.0,0.0,0.0,0.0,0.0,0.0,0.0,32.130523681640625,79.5933837890625,0.0,0.0,58.05479431152344,90.56008911132812,0.0,0.0,15.215529441833496,138.155517578125,4.52491569519043,137.67706298828125,0.0,0.0,0.0,0.0,0.0,0.0,0.0,0.0
255,0.0,0.0,0.0,0.0,0.0,0.0,0.0,0.0,0.0,0.0,0.0,0.0,0.0,0.0,0.0,0.0,0.0,0.0,0.0,0.0,0.0,0.0,14.604378700256348,144.56130981445312,6.307111740112305,145.28118896484375,0.0,0.0,0.0,0.0,0.0,0.0,0.0,0.0
256,0.0,0.0,0.0,0.0,0.0,0.0,0.0,0.0,0.0,0.0,0.0,0.0,0.0,0.0,0.0,0.0,0.0,0.0,0.0,0.0,0.0,0.0,0.0,0.0,10.789669036865234,138.45477294921875,0.0,0.0,0.0,0.0,0.0,0.0,0.0,0.0
257,0.0,0.0,0.0,0.0,0.0,0.0,0.0,0.0,0.0,0.0,0.0,0.0,0.0,0.0,0.0,0.0,0.0,0.0,0.0,0.0,0.0,0.0,0.0,0.0,0.0,0.0,0.0,0.0,0.0,0.0,0.0,0.0,0.0,0.0
258,0.0,0.0,0.0,0.0,0.0,0.0,0.0,0.0,0.0,0.0,0.0,0.0,0.0,0.0,0.0,0.0,0.0,0.0,0.0,0.0,0.0,0.0,0.0,0.0,0.0,0.0,0.0,0.0,0.0,0.0,0.0,0.0,0.0,0.0
259,0.0,0.0,0.0,0.0,0.0,0.0,0.0,0.0,0.0,0.0,0.0,0.0,0.0,0.0,0.0,0.0,0.0,0.0,0.0,0.0,0.0,0.0,10.331878662109377,136.78955078125,7.567431449890137,138.15682983398438,0.0,0.0,0.0,0.0,0.0,0.0,0.0,0.0
260,0.0,0.0,0.0,0.0,0.0,0.0,0.0,0.0,0.0,0.0,0.0,0.0,0.0,0.0,0.0,0.0,0.0,0.0,0.0,0.0,0.0,0.0,10.496938705444336,135.0268096923828,9.248865127563477,135.58682250976562,0.0,0.0,0.0,0.0,0.0,0.0,0.0,0.0
261,0.0,0.0,0.0,0.0,0.0,0.0,0.0,0.0,0.0,0.0,0.0,0.0,0.0,0.0,0.0,0.0,0.0,0.0,0.0,0.0,0.0,0.0,11.808521270751951,132.95211791992188,10.527040481567385,133.27651977539062,0.0,0.0,0.0,0.0,0.0,0.0,0.0,0.0
262,0.0,0.0,0.0,0.0,0.0,0.0,0.0,0.0,0.0,0.0,0.0,0.0,0.0,0.0,0.0,0.0,0.0,0.0,0.0,0.0,0.0,0.0,12.679683685302734,124.15025329589844,12.786508560180664,124.09879302978516,0.0,0.0,0.0,0.0,0.0,0.0,0.0,0.0
263,0.0,0.0,0.0,0.0,0.0,0.0,0.0,0.0,0.0,0.0,0.0,0.0,0.0,0.0,0.0,0.0,0.0,0.0,0.0,0.0,0.0,0.0,11.227542877197266,129.66964721679688,0.0,0.0,0.0,0.0,0.0,0.0,0.0,0.0,0.0,0.0
264,0.0,0.0,0.0,0.0,0.0,0.0,0.0,0.0,0.0,0.0,0.0,0.0,0.0,0.0,22.27073860168457,75.41886901855469,0.0,0.0,63.26036834716797,97.03600311279295,0.0,0.0,10.639389038085938,134.4525146484375,9.350168228149414,133.33621215820312,0.0,0.0,0.0,0.0,0.0,0.0,0.0,0.0
265,0.0,0.0,0.0,0.0,0.0,0.0,0.0,0.0,0.0,0.0,0.0,0.0,0.0,0.0,22.482364654541016,73.80287170410156,0.0,0.0,63.36835479736328,96.9833526611328,0.0,0.0,10.643905639648438,133.61965942382812,9.56472396850586,132.5975341796875,0.0,0.0,0.0,0.0,0.0,0.0,0.0,0.0
266,0.0,0.0,0.0,0.0,0.0,0.0,0.0,0.0,0.0,0.0,0.0,0.0,0.0,0.0,15.611198425292969,70.9697036743164,0.0,0.0,62.33466339111328,89.99235534667969,56.74517059326172,60.24904251098633,17.67847442626953,143.12196350097656,4.668670654296875,145.72195434570312,0.0,0.0,0.0,0.0,0.0,0.0,0.0,0.0
267,0.0,0.0,0.0,0.0,0.0,0.0,0.0,0.0,0.0,0.0,0.0,0.0,0.0,0.0,14.943208694458008,72.18984985351562,0.0,0.0,80.10560607910156,94.2405242919922,72.0882568359375,65.77886962890625,15.320564270019531,150.68209838867188,0.0,0.0,0.0,0.0,0.0,0.0,0.0,0.0,0.0,0.0
268,0.0,0.0,0.0,0.0,0.0,0.0,0.0,0.0,0.0,0.0,0.0,0.0,0.0,0.0,16.553281784057617,72.25688171386719,0.0,0.0,80.33413696289062,94.11782836914062,70.76536560058594,65.15248107910156,15.34146499633789,149.20077514648438,0.0,0.0,0.0,0.0,0.0,0.0,0.0,0.0,0.0,0.0
269,0.0,0.0,0.0,0.0,0.0,0.0,0.0,0.0,0.0,0.0,0.0,0.0,0.0,0.0,18.11732482910156,69.80069732666016,3.7580337524414062,61.96269226074219,76.63605499267578,98.35491180419922,81.99313354492188,56.28049850463867,19.77975845336914,145.99020385742188,6.047447204589844,149.13278198242188,0.0,0.0,0.0,0.0,0.0,0.0,0.0,0.0
270,0.0,0.0,0.0,0.0,0.0,0.0,0.0,0.0,0.0,0.0,0.0,0.0,0.0,0.0,22.123634338378903,73.28715515136719,2.635507583618164,59.65618896484375,81.78038024902344,98.32691955566406,83.90774536132812,55.27398300170898,19.16412353515625,142.35874938964844,3.089813232421875,145.49380493164062,0.0,0.0,0.0,0.0,0.0,0.0,0.0,0.0
271,0.0,0.0,0.0,0.0,0.0,0.0,0.0,0.0,0.0,0.0,0.0,0.0,0.0,0.0,25.22872734069824,71.6724853515625,9.66282844543457,63.196807861328125,82.77537536621094,98.78157043457033,86.48086547851562,62.49612045288086,18.322059631347656,141.43301391601562,3.520088195800781,145.71023559570312,0.0,0.0,0.0,0.0,0.0,0.0,0.0,0.0
272,0.0,0.0,0.0,0.0,0.0,0.0,0.0,0.0,0.0,0.0,0.0,0.0,0.0,0.0,0.0,0.0,11.420207977294922,62.01423645019531,78.87454223632812,97.5320816040039,87.70489501953125,62.11734008789063,19.26581573486328,145.72030639648438,10.119728088378906,149.7860565185547,0.0,0.0,0.0,0.0,0.0,0.0,0.0,0.0
273,0.0,0.0,0.0,0.0,0.0,0.0,0.0,0.0,0.0,0.0,0.0,0.0,0.0,0.0,0.0,0.0,16.196977615356445,65.55537414550781,79.4200210571289,97.1977996826172,92.96011352539062,66.6500244140625,16.526805877685547,148.70840454101562,6.916723251342773,152.32980346679688,0.0,0.0,0.0,0.0,0.0,0.0,0.0,0.0
274,0.0,0.0,0.0,0.0,0.0,0.0,0.0,0.0,0.0,0.0,0.0,0.0,0.0,0.0,24.02639389038086,81.50489807128906,19.40116500854492,68.015380859375,77.3605728149414,97.9850616455078,93.29051208496094,62.27912139892578,17.680274963378906,140.9879150390625,4.264328002929688,144.63357543945312,0.0,0.0,0.0,0.0,0.0,0.0,0.0,0.0
275,0.0,0.0,0.0,0.0,0.0,0.0,0.0,0.0,0.0,0.0,0.0,0.0,0.0,0.0,0.0,0.0,21.015949249267575,70.04708862304688,74.35565948486328,99.13409423828124,93.2063446044922,60.23289489746094,17.556541442871094,144.038818359375,4.662631988525391,147.29783630371094,0.0,0.0,0.0,0.0,0.0,0.0,0.0,0.0
276,0.0,0.0,0.0,0.0,0.0,0.0,0.0,0.0,0.0,0.0,0.0,0.0,0.0,0.0,18.05498504638672,75.95885467529297,9.861368179321287,62.19324493408203,72.6397476196289,98.24826049804688,94.17559814453124,59.309452056884766,21.52085876464844,150.2974853515625,4.2037506103515625,154.1381378173828,0.0,0.0,0.0,0.0,0.0,0.0,0.0,0.0
277,0.0,0.0,0.0,0.0,0.0,0.0,0.0,0.0,0.0,0.0,0.0,0.0,0.0,0.0,0.0,0.0,11.971649169921877,64.5305404663086,70.39197540283203,97.84437561035156,94.3498764038086,58.90320587158203,20.42673110961914,148.81825256347656,2.9181785583496094,152.91763305664062,0.0,0.0,0.0,0.0,0.0,0.0,0.0,0.0
278,0.0,0.0,0.0,0.0,0.0,0.0,0.0,0.0,0.0,0.0,0.0,0.0,0.0,0.0,27.874141693115234,95.20114135742188,27.8592472076416,69.91944122314453,68.86835479736328,99.68643188476562,89.56916809082031,57.53453826904297,18.80794334411621,144.92051696777344,4.461578369140625,145.60853576660156,0.0,0.0,0.0,0.0,0.0,0.0,0.0,0.0
279,0.0,0.0,0.0,0.0,0.0,0.0,0.0,0.0,0.0,0.0,0.0,0.0,0.0,0.0,0.0,0.0,9.07767105102539,67.47007751464844,84.37503051757812,82.59873962402344,84.85076141357422,68.69877624511719,19.297687530517575,150.39141845703125,6.8377685546875,155.0446014404297,0.0,0.0,0.0,0.0,0.0,0.0,0.0,0.0
280,0.0,0.0,0.0,0.0,0.0,0.0,0.0,0.0,0.0,0.0,0.0,0.0,0.0,0.0,0.0,0.0,5.078121185302734,72.492919921875,87.64213562011719,76.54997253417969,85.97137451171875,72.78765106201172,19.0277099609375,150.935546875,7.083087921142578,155.4237060546875,0.0,0.0,0.0,0.0,0.0,0.0,0.0,0.0
281,0.0,0.0,0.0,0.0,0.0,0.0,0.0,0.0,0.0,0.0,0.0,0.0,0.0,0.0,0.0,0.0,0.0,0.0,84.50935363769531,84.6700210571289,0.0,0.0,0.0,0.0,0.0,0.0,0.0,0.0,0.0,0.0,0.0,0.0,0.0,0.0
282,0.0,0.0,0.0,0.0,0.0,0.0,0.0,0.0,0.0,0.0,0.0,0.0,0.0,0.0,0.0,0.0,0.0,0.0,0.0,0.0,0.0,0.0,0.0,0.0,0.0,0.0,0.0,0.0,0.0,0.0,0.0,0.0,0.0,0.0
283,0.0,0.0,0.0,0.0,0.0,0.0,0.0,0.0,0.0,0.0,0.0,0.0,0.0,0.0,0.0,0.0,0.0,84.18006134033203,0.0,0.0,69.67268371582031,96.34074401855467,0.0,0.0,10.089330673217772,167.51144409179688,0.0,0.0,0.0,0.0,0.0,0.0,0.0,0.0
284,0.0,0.0,0.0,0.0,0.0,0.0,0.0,0.0,0.0,0.0,0.0,0.0,0.0,0.0,0.0,0.0,0.0,85.96841430664062,0.0,0.0,63.91606521606445,104.28060913085938,0.0,0.0,0.0,0.0,0.0,0.0,0.0,0.0,0.0,0.0,0.0,0.0
285,0.0,0.0,0.0,0.0,0.0,0.0,0.0,0.0,0.0,0.0,0.0,0.0,0.0,0.0,0.0,0.0,0.0,89.30247497558594,0.0,0.0,58.68257141113281,111.58219146728516,0.0,0.0,0.0,0.0,0.0,0.0,0.0,0.0,0.0,0.0,0.0,0.0
286,0.0,0.0,0.0,0.0,0.0,0.0,0.0,0.0,0.0,0.0,0.0,0.0,0.0,0.0,0.0,0.0,0.0,0.0,66.49513244628906,92.06047821044922,55.54869842529297,115.08526611328124,0.0,0.0,0.0,0.0,0.0,0.0,0.0,0.0,0.0,0.0,0.0,0.0
287,0.0,0.0,0.0,0.0,0.0,0.0,0.0,0.0,0.0,0.0,0.0,0.0,0.0,0.0,12.90988540649414,85.41197967529297,0.0,104.50160217285156,67.90180206298828,97.90511322021484,60.09635162353516,120.53803253173828,0.0,0.0,0.0,0.0,0.0,0.0,0.0,0.0,0.0,0.0,0.0,0.0
288,0.0,0.0,0.0,0.0,0.0,0.0,0.0,0.0,0.0,0.0,0.0,0.0,0.0,0.0,0.0,0.0,0.0,0.0,57.58248901367188,104.05842590332033,49.660675048828125,126.99530029296876,0.0,0.0,0.0,0.0,0.0,0.0,0.0,0.0,0.0,0.0,0.0,0.0
289,0.0,0.0,0.0,0.0,0.0,0.0,0.0,0.0,0.0,0.0,0.0,0.0,0.0,0.0,0.0,0.0,0.0,0.0,58.20611572265625,102.06922912597656,50.57744216918945,129.77279663085938,0.0,0.0,0.0,0.0,0.0,0.0,0.0,0.0,0.0,0.0,0.0,0.0
290,0.0,0.0,0.0,0.0,0.0,0.0,0.0,0.0,0.0,0.0,0.0,0.0,0.0,0.0,0.0,0.0,0.0,0.0,61.76057052612305,97.5892333984375,48.77217483520508,134.8917694091797,0.0,0.0,0.0,0.0,0.0,0.0,0.0,0.0,0.0,0.0,0.0,0.0
291,0.0,0.0,0.0,0.0,0.0,0.0,0.0,0.0,0.0,0.0,0.0,0.0,0.0,0.0,9.546005249023438,78.04093933105469,0.0,94.11817932128906,57.369850158691406,93.18199920654295,48.07085037231445,136.288330078125,0.0,0.0,0.0,0.0,0.0,0.0,0.0,0.0,0.0,0.0,0.0,0.0
292,0.0,0.0,0.0,0.0,0.0,0.0,0.0,0.0,0.0,0.0,0.0,0.0,0.0,0.0,0.0,0.0,0.0,0.0,59.77775192260742,96.26087951660156,50.96612930297852,140.08230590820312,0.0,0.0,0.0,0.0,0.0,0.0,0.0,0.0,0.0,0.0,0.0,0.0
293,0.0,0.0,0.0,0.0,0.0,0.0,0.0,0.0,0.0,0.0,0.0,0.0,0.0,0.0,0.0,0.0,0.0,95.00300598144533,58.97353744506836,95.02252197265624,50.61430358886719,139.95523071289062,0.0,0.0,0.0,0.0,0.0,0.0,0.0,0.0,0.0,0.0,0.0,0.0
294,0.0,0.0,0.0,0.0,0.0,0.0,0.0,0.0,0.0,0.0,0.0,0.0,0.0,0.0,0.0,0.0,0.0,0.0,56.14221954345703,93.8269500732422,46.73535919189453,140.28070068359375,0.0,0.0,0.0,0.0,0.0,0.0,0.0,0.0,0.0,0.0,0.0,0.0
295,0.0,0.0,0.0,0.0,0.0,0.0,0.0,0.0,0.0,0.0,0.0,0.0,0.0,0.0,10.127805709838867,80.03532409667969,0.0,0.0,56.3089714050293,92.4184112548828,42.68020248413086,136.595947265625,0.0,0.0,0.0,0.0,0.0,0.0,0.0,0.0,0.0,0.0,0.0,0.0
296,0.0,0.0,0.0,0.0,0.0,0.0,0.0,0.0,0.0,0.0,0.0,0.0,0.0,0.0,6.414279937744141,76.16920471191406,0.0,0.0,54.57280731201172,94.62458038330078,38.29197692871094,132.5814208984375,0.0,0.0,0.0,0.0,0.0,0.0,0.0,0.0,0.0,0.0,0.0,0.0
297,0.0,0.0,0.0,0.0,0.0,0.0,0.0,0.0,0.0,0.0,0.0,0.0,0.0,0.0,6.366764068603516,83.01516723632812,0.0,0.0,54.282501220703125,95.3860855102539,33.55404281616211,129.25384521484375,0.0,0.0,0.0,0.0,0.0,0.0,0.0,0.0,0.0,0.0,0.0,0.0
298,0.0,0.0,0.0,0.0,0.0,0.0,0.0,0.0,0.0,0.0,0.0,0.0,0.0,0.0,0.0,0.0,0.0,0.0,53.27470397949219,96.63612365722656,20.58163070678711,128.24932861328125,0.0,0.0,0.0,0.0,0.0,0.0,0.0,0.0,0.0,0.0,0.0,0.0
299,0.0,0.0,0.0,0.0,0.0,0.0,0.0,0.0,0.0,0.0,0.0,0.0,0.0,0.0,5.748798370361328,83.40199279785156,0.0,0.0,52.23077774047852,94.23503875732422,0.0,0.0,0.0,0.0,0.0,0.0,0.0,0.0,0.0,0.0,0.0,0.0,0.0,0.0
300,0.0,0.0,0.0,0.0,0.0,0.0,0.0,0.0,0.0,0.0,0.0,0.0,0.0,0.0,0.0,0.0,0.0,0.0,47.48276901245117,94.12181091308594,6.010710716247559,123.83401489257812,0.0,0.0,0.0,0.0,0.0,0.0,0.0,0.0,0.0,0.0,0.0,0.0
301,0.0,0.0,0.0,0.0,0.0,0.0,0.0,0.0,0.0,0.0,0.0,0.0,0.0,0.0,7.164651870727539,75.82302856445312,0.0,0.0,48.23136901855469,94.86035919189452,0.0,0.0,0.0,0.0,0.0,0.0,0.0,0.0,0.0,0.0,0.0,0.0,0.0,0.0
302,0.0,0.0,0.0,0.0,0.0,0.0,0.0,0.0,0.0,0.0,0.0,0.0,0.0,0.0,0.0,0.0,0.0,0.0,0.0,0.0,0.0,0.0,0.0,0.0,0.0,0.0,0.0,0.0,0.0,0.0,0.0,0.0,0.0,0.0
303,0.0,0.0,0.0,0.0,0.0,0.0,0.0,0.0,0.0,0.0,0.0,0.0,0.0,0.0,2.81801986694336,79.44783782958984,0.0,0.0,35.05451965332031,94.93797302246094,0.0,0.0,0.0,0.0,0.0,0.0,0.0,0.0,0.0,0.0,0.0,0.0,0.0,0.0
304,0.0,0.0,0.0,0.0,0.0,0.0,0.0,0.0,0.0,0.0,0.0,0.0,0.0,0.0,0.0,0.0,0.0,0.0,37.35371398925781,94.6790542602539,0.0,0.0,0.0,0.0,0.0,0.0,0.0,0.0,0.0,0.0,0.0,0.0,0.0,0.0
305,0.0,0.0,0.0,0.0,0.0,0.0,0.0,0.0,0.0,0.0,0.0,0.0,0.0,0.0,0.0,0.0,0.0,0.0,36.54486846923828,96.7920150756836,0.0,0.0,0.0,0.0,0.0,0.0,0.0,0.0,0.0,0.0,0.0,0.0,0.0,0.0
306,0.0,0.0,0.0,0.0,0.0,0.0,0.0,0.0,0.0,0.0,0.0,0.0,0.0,0.0,0.0,0.0,0.0,0.0,32.475440979003906,101.47603607177734,0.0,0.0,0.0,0.0,0.0,0.0,0.0,0.0,0.0,0.0,0.0,0.0,0.0,0.0
307,0.0,0.0,0.0,0.0,0.0,0.0,0.0,0.0,0.0,0.0,0.0,0.0,0.0,0.0,0.0,0.0,0.0,0.0,28.19346046447754,99.99375915527344,0.0,0.0,0.0,0.0,0.0,0.0,0.0,0.0,0.0,0.0,0.0,0.0,0.0,0.0
308,0.0,0.0,0.0,0.0,0.0,0.0,0.0,0.0,0.0,0.0,0.0,0.0,0.0,0.0,0.0,0.0,0.0,0.0,23.30256080627441,100.29732513427734,0.0,0.0,0.0,0.0,0.0,0.0,0.0,0.0,0.0,0.0,0.0,0.0,0.0,0.0
309,0.0,0.0,0.0,0.0,0.0,0.0,0.0,0.0,0.0,0.0,0.0,0.0,0.0,0.0,0.0,0.0,0.0,0.0,23.327407836914062,100.3139877319336,0.0,0.0,0.0,0.0,0.0,0.0,0.0,0.0,0.0,0.0,0.0,0.0,0.0,0.0
310,0.0,0.0,0.0,0.0,0.0,0.0,0.0,0.0,0.0,0.0,0.0,0.0,0.0,0.0,0.0,0.0,0.0,0.0,23.86441421508789,99.97592163085938,0.0,0.0,0.0,0.0,0.0,0.0,0.0,0.0,0.0,0.0,0.0,0.0,0.0,0.0
311,0.0,0.0,0.0,0.0,0.0,0.0,0.0,0.0,0.0,0.0,0.0,0.0,0.0,0.0,0.0,0.0,0.0,0.0,0.0,0.0,0.0,0.0,0.0,0.0,0.0,0.0,0.0,0.0,0.0,0.0,0.0,0.0,0.0,0.0
312,0.0,0.0,0.0,0.0,0.0,0.0,0.0,0.0,0.0,0.0,0.0,0.0,0.0,0.0,0.0,0.0,0.0,0.0,0.0,0.0,0.0,0.0,0.0,0.0,0.0,0.0,0.0,0.0,0.0,0.0,0.0,0.0,0.0,0.0
313,0.0,0.0,0.0,0.0,0.0,0.0,0.0,0.0,0.0,0.0,0.0,0.0,0.0,0.0,0.0,0.0,0.0,0.0,0.0,0.0,0.0,0.0,0.0,0.0,0.0,0.0,0.0,0.0,0.0,0.0,0.0,0.0,0.0,0.0
314,0.0,0.0,0.0,0.0,0.0,0.0,0.0,0.0,0.0,0.0,0.0,0.0,0.0,0.0,0.0,0.0,0.0,0.0,0.0,0.0,0.0,0.0,0.0,0.0,0.0,0.0,0.0,0.0,0.0,0.0,0.0,0.0,0.0,0.0
315,0.0,0.0,0.0,0.0,0.0,0.0,0.0,0.0,0.0,0.0,0.0,0.0,0.0,0.0,0.0,0.0,0.0,0.0,0.0,0.0,0.0,0.0,0.0,0.0,0.0,0.0,0.0,0.0,0.0,0.0,0.0,0.0,0.0,0.0
316,0.0,0.0,0.0,0.0,0.0,0.0,0.0,0.0,0.0,0.0,0.0,0.0,0.0,0.0,0.0,0.0,0.0,0.0,0.0,0.0,0.0,0.0,0.0,0.0,0.0,0.0,0.0,0.0,0.0,0.0,0.0,0.0,0.0,0.0
317,0.0,0.0,0.0,0.0,0.0,0.0,0.0,0.0,0.0,0.0,0.0,0.0,0.0,0.0,0.0,0.0,0.0,0.0,0.0,0.0,0.0,0.0,0.0,0.0,0.0,0.0,0.0,0.0,0.0,0.0,0.0,0.0,0.0,0.0
318,0.0,0.0,0.0,0.0,0.0,0.0,0.0,0.0,0.0,0.0,0.0,0.0,0.0,0.0,0.0,0.0,0.0,0.0,0.0,0.0,0.0,0.0,0.0,0.0,0.0,0.0,0.0,0.0,0.0,0.0,0.0,0.0,0.0,0.0
319,0.0,0.0,0.0,0.0,0.0,0.0,0.0,0.0,0.0,0.0,0.0,0.0,0.0,0.0,0.0,0.0,0.0,0.0,0.0,0.0,0.0,0.0,0.0,0.0,0.0,0.0,0.0,0.0,0.0,0.0,0.0,0.0,0.0,0.0
320,0.0,0.0,0.0,0.0,0.0,0.0,0.0,0.0,0.0,0.0,0.0,0.0,0.0,0.0,0.0,0.0,0.0,0.0,0.0,0.0,0.0,0.0,0.0,0.0,0.0,0.0,0.0,0.0,0.0,0.0,0.0,0.0,0.0,0.0
321,0.0,0.0,0.0,0.0,0.0,0.0,0.0,0.0,0.0,0.0,0.0,0.0,0.0,0.0,0.0,0.0,0.0,0.0,0.0,0.0,0.0,0.0,0.0,0.0,0.0,0.0,0.0,0.0,0.0,0.0,0.0,0.0,0.0,0.0
322,0.0,0.0,0.0,0.0,0.0,0.0,0.0,0.0,0.0,0.0,0.0,0.0,0.0,0.0,0.0,0.0,0.0,0.0,0.0,0.0,0.0,0.0,0.0,0.0,0.0,0.0,0.0,0.0,0.0,0.0,0.0,0.0,0.0,0.0
323,0.0,0.0,0.0,0.0,0.0,0.0,0.0,0.0,0.0,0.0,0.0,0.0,0.0,0.0,0.0,0.0,0.0,0.0,0.0,0.0,0.0,0.0,0.0,0.0,0.0,0.0,0.0,0.0,0.0,0.0,0.0,0.0,0.0,0.0
324,0.0,0.0,0.0,0.0,0.0,0.0,0.0,0.0,0.0,0.0,0.0,0.0,0.0,0.0,0.0,0.0,0.0,0.0,0.0,0.0,0.0,0.0,0.0,0.0,0.0,0.0,0.0,0.0,0.0,0.0,0.0,0.0,0.0,0.0
325,0.0,0.0,0.0,0.0,0.0,0.0,0.0,0.0,0.0,0.0,0.0,0.0,0.0,0.0,0.0,0.0,0.0,0.0,0.0,0.0,0.0,0.0,0.0,0.0,0.0,0.0,0.0,0.0,0.0,0.0,0.0,0.0,0.0,0.0
326,0.0,0.0,0.0,0.0,0.0,0.0,0.0,0.0,0.0,0.0,0.0,0.0,0.0,0.0,0.0,0.0,0.0,0.0,0.0,0.0,0.0,0.0,0.0,0.0,0.0,0.0,0.0,0.0,0.0,0.0,0.0,0.0,0.0,0.0
327,0.0,0.0,0.0,0.0,0.0,0.0,0.0,0.0,0.0,0.0,0.0,0.0,0.0,0.0,0.0,0.0,0.0,0.0,0.0,0.0,0.0,0.0,0.0,0.0,0.0,0.0,0.0,0.0,0.0,0.0,0.0,0.0,0.0,0.0
328,0.0,0.0,0.0,0.0,0.0,0.0,0.0,0.0,0.0,0.0,0.0,0.0,0.0,0.0,0.0,0.0,0.0,0.0,0.0,0.0,0.0,0.0,0.0,0.0,0.0,0.0,0.0,0.0,0.0,0.0,0.0,0.0,0.0,0.0
329,0.0,0.0,0.0,0.0,0.0,0.0,0.0,0.0,0.0,0.0,0.0,0.0,0.0,0.0,0.0,0.0,0.0,0.0,0.0,0.0,0.0,0.0,0.0,0.0,0.0,0.0,0.0,0.0,0.0,0.0,0.0,0.0,0.0,0.0
330,0.0,0.0,0.0,0.0,0.0,0.0,0.0,0.0,0.0,0.0,0.0,0.0,0.0,0.0,0.0,0.0,0.0,0.0,0.0,0.0,0.0,0.0,0.0,0.0,0.0,0.0,0.0,0.0,0.0,0.0,0.0,0.0,0.0,0.0
331,0.0,0.0,0.0,0.0,0.0,0.0,0.0,0.0,0.0,0.0,0.0,0.0,0.0,0.0,0.0,0.0,0.0,0.0,0.0,0.0,0.0,0.0,0.0,0.0,0.0,0.0,0.0,0.0,0.0,0.0,0.0,0.0,0.0,0.0
332,0.0,0.0,0.0,0.0,0.0,0.0,0.0,0.0,0.0,0.0,0.0,0.0,0.0,0.0,0.0,0.0,0.0,0.0,0.0,0.0,0.0,0.0,0.0,0.0,0.0,0.0,0.0,0.0,0.0,0.0,0.0,0.0,0.0,0.0
333,0.0,0.0,0.0,0.0,0.0,0.0,0.0,0.0,0.0,0.0,0.0,0.0,0.0,0.0,0.0,0.0,0.0,0.0,0.0,0.0,0.0,0.0,0.0,0.0,0.0,0.0,0.0,0.0,0.0,0.0,0.0,0.0,0.0,0.0
334,0.0,0.0,0.0,0.0,0.0,0.0,0.0,0.0,0.0,0.0,0.0,0.0,0.0,0.0,0.0,0.0,0.0,0.0,0.0,0.0,0.0,0.0,0.0,0.0,0.0,0.0,0.0,0.0,0.0,0.0,0.0,0.0,0.0,0.0
335,0.0,0.0,0.0,0.0,0.0,0.0,0.0,0.0,0.0,0.0,0.0,0.0,0.0,0.0,0.0,0.0,0.0,0.0,0.0,0.0,0.0,0.0,0.0,0.0,0.0,0.0,0.0,0.0,0.0,0.0,0.0,0.0,0.0,0.0
336,0.0,0.0,0.0,0.0,0.0,0.0,0.0,0.0,0.0,0.0,0.0,0.0,0.0,0.0,0.0,0.0,0.0,0.0,0.0,0.0,0.0,0.0,0.0,0.0,0.0,0.0,0.0,0.0,0.0,0.0,0.0,0.0,0.0,0.0
337,0.0,0.0,0.0,0.0,0.0,0.0,0.0,0.0,0.0,0.0,0.0,0.0,0.0,0.0,0.0,0.0,0.0,0.0,0.0,0.0,0.0,0.0,0.0,0.0,0.0,0.0,0.0,0.0,0.0,0.0,0.0,0.0,0.0,0.0
338,0.0,0.0,0.0,0.0,0.0,0.0,0.0,0.0,0.0,0.0,0.0,0.0,0.0,0.0,0.0,0.0,0.0,0.0,0.0,0.0,0.0,0.0,0.0,0.0,0.0,0.0,0.0,0.0,0.0,0.0,0.0,0.0,0.0,0.0
339,0.0,0.0,0.0,0.0,0.0,0.0,0.0,0.0,0.0,0.0,0.0,0.0,0.0,0.0,0.0,0.0,0.0,0.0,0.0,0.0,0.0,0.0,0.0,0.0,0.0,0.0,0.0,0.0,0.0,0.0,0.0,0.0,0.0,0.0
340,0.0,0.0,0.0,0.0,0.0,0.0,0.0,0.0,0.0,0.0,0.0,0.0,0.0,0.0,0.0,0.0,0.0,0.0,0.0,0.0,0.0,0.0,0.0,0.0,0.0,0.0,0.0,0.0,0.0,0.0,0.0,0.0,0.0,0.0
341,0.0,0.0,0.0,0.0,0.0,0.0,0.0,0.0,0.0,0.0,0.0,0.0,0.0,0.0,0.0,0.0,0.0,0.0,0.0,0.0,0.0,0.0,0.0,0.0,0.0,0.0,0.0,0.0,0.0,0.0,0.0,0.0,0.0,0.0
342,0.0,0.0,0.0,0.0,0.0,0.0,0.0,0.0,0.0,0.0,0.0,0.0,0.0,0.0,0.0,0.0,0.0,0.0,0.0,0.0,0.0,0.0,0.0,0.0,0.0,0.0,0.0,0.0,0.0,0.0,0.0,0.0,0.0,0.0
343,0.0,0.0,0.0,0.0,0.0,0.0,0.0,0.0,0.0,0.0,0.0,0.0,0.0,0.0,0.0,0.0,0.0,0.0,0.0,0.0,0.0,0.0,0.0,0.0,0.0,0.0,0.0,0.0,0.0,0.0,0.0,0.0,0.0,0.0
344,0.0,0.0,0.0,0.0,0.0,0.0,0.0,0.0,0.0,0.0,0.0,0.0,0.0,0.0,0.0,0.0,0.0,0.0,0.0,0.0,0.0,0.0,0.0,0.0,0.0,0.0,0.0,0.0,0.0,0.0,0.0,0.0,0.0,0.0
345,0.0,0.0,0.0,0.0,0.0,0.0,0.0,0.0,0.0,0.0,0.0,0.0,0.0,0.0,0.0,0.0,0.0,0.0,0.0,0.0,0.0,0.0,0.0,0.0,0.0,0.0,0.0,0.0,0.0,0.0,0.0,0.0,0.0,0.0
346,0.0,0.0,0.0,0.0,0.0,0.0,0.0,0.0,0.0,0.0,0.0,0.0,0.0,0.0,0.0,0.0,0.0,0.0,0.0,0.0,0.0,0.0,0.0,0.0,0.0,0.0,0.0,0.0,0.0,0.0,0.0,0.0,0.0,0.0
347,0.0,0.0,0.0,0.0,0.0,0.0,0.0,0.0,0.0,0.0,0.0,0.0,0.0,0.0,0.0,0.0,0.0,0.0,0.0,0.0,0.0,0.0,0.0,0.0,0.0,0.0,0.0,0.0,0.0,0.0,0.0,0.0,0.0,0.0
348,0.0,0.0,0.0,0.0,0.0,0.0,0.0,0.0,0.0,0.0,0.0,0.0,0.0,0.0,0.0,0.0,0.0,0.0,0.0,0.0,0.0,0.0,0.0,0.0,0.0,0.0,0.0,0.0,0.0,0.0,0.0,0.0,0.0,0.0
349,0.0,0.0,0.0,0.0,0.0,0.0,0.0,0.0,0.0,0.0,0.0,0.0,0.0,0.0,0.0,0.0,0.0,0.0,0.0,0.0,0.0,0.0,0.0,0.0,0.0,0.0,0.0,0.0,0.0,0.0,0.0,0.0,0.0,0.0
350,0.0,0.0,0.0,0.0,0.0,0.0,0.0,0.0,0.0,0.0,0.0,0.0,0.0,0.0,0.0,0.0,0.0,0.0,0.0,0.0,0.0,0.0,0.0,0.0,0.0,0.0,0.0,0.0,0.0,0.0,0.0,0.0,0.0,0.0
351,0.0,0.0,0.0,0.0,0.0,0.0,0.0,0.0,0.0,0.0,0.0,0.0,0.0,0.0,0.0,0.0,0.0,0.0,0.0,0.0,0.0,0.0,0.0,0.0,0.0,0.0,0.0,0.0,0.0,0.0,0.0,0.0,0.0,0.0
352,0.0,0.0,0.0,0.0,0.0,0.0,0.0,0.0,0.0,0.0,0.0,0.0,0.0,0.0,0.0,0.0,0.0,0.0,0.0,0.0,0.0,0.0,0.0,0.0,0.0,0.0,0.0,0.0,0.0,0.0,0.0,0.0,0.0,0.0
353,0.0,0.0,0.0,0.0,0.0,0.0,0.0,0.0,0.0,0.0,0.0,0.0,0.0,0.0,0.0,0.0,0.0,0.0,0.0,0.0,0.0,0.0,0.0,0.0,0.0,0.0,0.0,0.0,0.0,0.0,0.0,0.0,0.0,0.0
354,0.0,0.0,0.0,0.0,0.0,0.0,0.0,0.0,0.0,0.0,0.0,0.0,0.0,0.0,0.0,0.0,0.0,0.0,0.0,0.0,0.0,0.0,0.0,0.0,0.0,0.0,0.0,0.0,0.0,0.0,0.0,0.0,0.0,0.0
355,0.0,0.0,0.0,0.0,0.0,0.0,0.0,0.0,0.0,0.0,0.0,0.0,0.0,0.0,0.0,0.0,0.0,0.0,0.0,0.0,0.0,0.0,0.0,0.0,0.0,0.0,0.0,0.0,0.0,0.0,0.0,0.0,0.0,0.0
356,0.0,0.0,0.0,0.0,0.0,0.0,0.0,0.0,0.0,0.0,0.0,0.0,0.0,0.0,0.0,0.0,0.0,0.0,0.0,0.0,0.0,0.0,0.0,0.0,0.0,0.0,0.0,0.0,0.0,0.0,0.0,0.0,0.0,0.0
357,0.0,0.0,0.0,0.0,0.0,0.0,0.0,0.0,0.0,0.0,0.0,0.0,0.0,0.0,0.0,0.0,0.0,0.0,0.0,0.0,0.0,0.0,0.0,0.0,0.0,0.0,0.0,0.0,0.0,0.0,0.0,0.0,0.0,0.0
358,0.0,0.0,0.0,0.0,0.0,0.0,0.0,0.0,0.0,0.0,0.0,0.0,0.0,0.0,0.0,0.0,0.0,0.0,0.0,0.0,0.0,0.0,0.0,0.0,0.0,0.0,0.0,0.0,0.0,0.0,0.0,0.0,0.0,0.0
359,0.0,0.0,0.0,0.0,0.0,0.0,0.0,0.0,0.0,0.0,0.0,0.0,0.0,0.0,0.0,0.0,0.0,0.0,0.0,0.0,0.0,0.0,0.0,0.0,0.0,0.0,0.0,0.0,0.0,0.0,0.0,0.0,0.0,0.0
360,0.0,0.0,0.0,0.0,0.0,0.0,0.0,0.0,0.0,0.0,0.0,0.0,0.0,0.0,0.0,0.0,0.0,0.0,0.0,0.0,0.0,0.0,0.0,0.0,0.0,0.0,0.0,0.0,0.0,0.0,0.0,0.0,0.0,0.0
361,0.0,0.0,0.0,0.0,0.0,0.0,0.0,0.0,0.0,0.0,0.0,0.0,0.0,0.0,0.0,0.0,0.0,0.0,0.0,0.0,0.0,0.0,0.0,0.0,0.0,0.0,0.0,0.0,0.0,0.0,0.0,0.0,0.0,0.0
362,0.0,0.0,0.0,0.0,0.0,0.0,0.0,0.0,0.0,0.0,0.0,0.0,0.0,0.0,0.0,0.0,0.0,0.0,0.0,0.0,0.0,0.0,0.0,0.0,0.0,0.0,0.0,0.0,0.0,0.0,0.0,0.0,0.0,0.0
363,0.0,0.0,0.0,0.0,0.0,0.0,0.0,0.0,0.0,0.0,0.0,0.0,0.0,0.0,0.0,0.0,0.0,0.0,0.0,0.0,0.0,0.0,0.0,0.0,0.0,0.0,0.0,0.0,0.0,0.0,0.0,0.0,0.0,0.0
364,0.0,0.0,0.0,0.0,0.0,0.0,0.0,0.0,0.0,0.0,0.0,0.0,0.0,0.0,0.0,0.0,0.0,0.0,0.0,0.0,0.0,0.0,0.0,0.0,0.0,0.0,0.0,0.0,0.0,0.0,0.0,0.0,0.0,0.0
365,0.0,0.0,0.0,0.0,0.0,0.0,0.0,0.0,0.0,0.0,0.0,0.0,0.0,0.0,0.0,0.0,0.0,0.0,0.0,0.0,0.0,0.0,0.0,0.0,0.0,0.0,0.0,0.0,0.0,0.0,0.0,0.0,0.0,0.0
366,0.0,0.0,0.0,0.0,0.0,0.0,0.0,0.0,0.0,0.0,0.0,0.0,0.0,0.0,0.0,0.0,0.0,0.0,0.0,0.0,0.0,0.0,0.0,0.0,0.0,0.0,0.0,0.0,0.0,0.0,0.0,0.0,0.0,0.0
367,0.0,0.0,0.0,0.0,0.0,0.0,0.0,0.0,0.0,0.0,0.0,0.0,0.0,0.0,0.0,0.0,0.0,0.0,0.0,0.0,0.0,0.0,0.0,0.0,0.0,0.0,0.0,0.0,0.0,0.0,0.0,0.0,0.0,0.0
368,0.0,0.0,0.0,0.0,0.0,0.0,0.0,0.0,0.0,0.0,0.0,0.0,0.0,0.0,0.0,0.0,0.0,0.0,0.0,0.0,0.0,0.0,0.0,0.0,0.0,0.0,0.0,0.0,0.0,0.0,0.0,0.0,0.0,0.0
369,0.0,0.0,0.0,0.0,0.0,0.0,0.0,0.0,0.0,0.0,0.0,0.0,0.0,0.0,0.0,0.0,0.0,0.0,0.0,0.0,0.0,0.0,0.0,0.0,0.0,0.0,0.0,0.0,0.0,0.0,0.0,0.0,0.0,0.0
370,0.0,0.0,0.0,0.0,0.0,0.0,0.0,0.0,0.0,0.0,0.0,0.0,0.0,0.0,0.0,0.0,0.0,0.0,0.0,0.0,0.0,0.0,0.0,0.0,0.0,0.0,0.0,0.0,0.0,0.0,0.0,0.0,0.0,0.0
371,0.0,0.0,0.0,0.0,0.0,0.0,0.0,0.0,0.0,0.0,0.0,0.0,0.0,0.0,0.0,0.0,0.0,0.0,0.0,0.0,0.0,0.0,0.0,0.0,0.0,0.0,0.0,0.0,0.0,0.0,0.0,0.0,0.0,0.0
372,0.0,0.0,0.0,0.0,0.0,0.0,0.0,0.0,0.0,0.0,0.0,0.0,0.0,0.0,0.0,0.0,0.0,0.0,0.0,0.0,0.0,0.0,0.0,0.0,0.0,0.0,0.0,0.0,0.0,0.0,0.0,0.0,0.0,0.0
373,0.0,0.0,0.0,0.0,0.0,0.0,0.0,0.0,0.0,0.0,0.0,0.0,0.0,0.0,0.0,0.0,0.0,0.0,0.0,0.0,0.0,0.0,0.0,0.0,0.0,0.0,0.0,0.0,0.0,0.0,0.0,0.0,0.0,0.0
374,0.0,0.0,0.0,0.0,0.0,0.0,0.0,0.0,0.0,0.0,0.0,0.0,0.0,0.0,0.0,0.0,0.0,0.0,0.0,0.0,0.0,0.0,0.0,0.0,0.0,0.0,0.0,0.0,0.0,0.0,0.0,0.0,0.0,0.0
375,0.0,0.0,0.0,0.0,0.0,0.0,0.0,0.0,0.0,0.0,0.0,0.0,0.0,0.0,0.0,0.0,0.0,0.0,0.0,0.0,0.0,0.0,0.0,0.0,0.0,0.0,0.0,0.0,0.0,0.0,0.0,0.0,0.0,0.0
376,0.0,0.0,0.0,0.0,0.0,0.0,0.0,0.0,0.0,0.0,0.0,0.0,0.0,0.0,0.0,0.0,0.0,0.0,0.0,0.0,0.0,0.0,0.0,0.0,0.0,0.0,0.0,0.0,0.0,0.0,0.0,0.0,0.0,0.0
377,0.0,0.0,0.0,0.0,0.0,0.0,0.0,0.0,0.0,0.0,0.0,0.0,0.0,0.0,0.0,0.0,0.0,0.0,0.0,0.0,0.0,0.0,0.0,0.0,0.0,0.0,0.0,0.0,0.0,0.0,0.0,0.0,0.0,0.0
378,0.0,0.0,0.0,0.0,0.0,0.0,0.0,0.0,0.0,0.0,0.0,0.0,0.0,0.0,0.0,0.0,0.0,0.0,0.0,0.0,0.0,0.0,0.0,0.0,0.0,0.0,0.0,0.0,0.0,0.0,0.0,0.0,0.0,0.0
379,0.0,0.0,0.0,0.0,0.0,0.0,0.0,0.0,0.0,0.0,0.0,0.0,0.0,0.0,0.0,0.0,0.0,0.0,0.0,0.0,0.0,0.0,0.0,0.0,0.0,0.0,0.0,0.0,0.0,0.0,0.0,0.0,0.0,0.0
380,0.0,0.0,0.0,0.0,0.0,0.0,0.0,0.0,0.0,0.0,0.0,0.0,0.0,0.0,0.0,0.0,0.0,0.0,0.0,0.0,0.0,0.0,0.0,0.0,0.0,0.0,0.0,0.0,0.0,0.0,0.0,0.0,0.0,0.0
381,0.0,0.0,0.0,0.0,0.0,0.0,0.0,0.0,0.0,0.0,0.0,0.0,0.0,0.0,0.0,0.0,0.0,0.0,0.0,0.0,0.0,0.0,0.0,0.0,0.0,0.0,0.0,0.0,0.0,0.0,0.0,0.0,0.0,0.0
382,0.0,0.0,0.0,0.0,0.0,0.0,0.0,0.0,0.0,0.0,0.0,0.0,0.0,0.0,0.0,0.0,0.0,0.0,0.0,0.0,0.0,0.0,0.0,0.0,0.0,0.0,0.0,0.0,0.0,0.0,0.0,0.0,0.0,0.0
383,0.0,0.0,0.0,0.0,0.0,0.0,0.0,0.0,0.0,0.0,0.0,0.0,0.0,0.0,0.0,0.0,0.0,0.0,0.0,0.0,0.0,0.0,0.0,0.0,0.0,0.0,0.0,0.0,0.0,0.0,0.0,0.0,0.0,0.0
384,0.0,0.0,0.0,0.0,0.0,0.0,0.0,0.0,0.0,0.0,0.0,0.0,0.0,0.0,0.0,0.0,0.0,0.0,0.0,0.0,0.0,0.0,0.0,0.0,0.0,0.0,0.0,0.0,0.0,0.0,0.0,0.0,0.0,0.0
385,0.0,0.0,0.0,0.0,0.0,0.0,0.0,0.0,0.0,0.0,0.0,0.0,0.0,0.0,0.0,0.0,0.0,0.0,0.0,0.0,0.0,0.0,0.0,0.0,0.0,0.0,0.0,0.0,0.0,0.0,0.0,0.0,0.0,0.0
386,0.0,0.0,0.0,0.0,0.0,0.0,0.0,0.0,0.0,0.0,0.0,0.0,0.0,0.0,0.0,0.0,0.0,0.0,0.0,0.0,0.0,0.0,0.0,0.0,0.0,0.0,0.0,0.0,0.0,0.0,0.0,0.0,0.0,0.0
387,0.0,0.0,0.0,0.0,0.0,0.0,0.0,0.0,0.0,0.0,0.0,0.0,0.0,0.0,0.0,0.0,0.0,0.0,0.0,0.0,0.0,0.0,0.0,0.0,0.0,0.0,0.0,0.0,0.0,0.0,0.0,0.0,0.0,0.0
388,0.0,0.0,0.0,0.0,0.0,0.0,0.0,0.0,0.0,0.0,0.0,0.0,0.0,0.0,0.0,0.0,0.0,0.0,0.0,0.0,0.0,0.0,0.0,0.0,0.0,0.0,0.0,0.0,0.0,0.0,0.0,0.0,0.0,0.0
389,0.0,0.0,0.0,0.0,0.0,0.0,0.0,0.0,0.0,0.0,0.0,0.0,0.0,0.0,0.0,0.0,0.0,0.0,0.0,0.0,0.0,0.0,0.0,0.0,0.0,0.0,0.0,0.0,0.0,0.0,0.0,0.0,0.0,0.0
390,0.0,0.0,0.0,0.0,0.0,0.0,0.0,0.0,0.0,0.0,0.0,0.0,0.0,0.0,0.0,0.0,0.0,0.0,0.0,0.0,0.0,0.0,0.0,0.0,0.0,0.0,0.0,0.0,0.0,0.0,0.0,0.0,0.0,0.0
391,0.0,0.0,0.0,0.0,0.0,0.0,0.0,0.0,0.0,0.0,0.0,0.0,0.0,0.0,0.0,0.0,0.0,0.0,0.0,0.0,0.0,0.0,0.0,0.0,0.0,0.0,0.0,0.0,0.0,0.0,0.0,0.0,0.0,0.0
392,0.0,0.0,0.0,0.0,0.0,0.0,0.0,0.0,0.0,0.0,0.0,0.0,0.0,0.0,0.0,0.0,0.0,0.0,0.0,0.0,0.0,0.0,0.0,0.0,0.0,0.0,0.0,0.0,0.0,0.0,0.0,0.0,0.0,0.0
393,0.0,0.0,0.0,0.0,0.0,0.0,0.0,0.0,0.0,0.0,0.0,0.0,0.0,0.0,0.0,0.0,0.0,0.0,0.0,0.0,0.0,0.0,0.0,0.0,0.0,0.0,0.0,0.0,0.0,0.0,0.0,0.0,0.0,0.0
394,0.0,0.0,0.0,0.0,0.0,0.0,0.0,0.0,0.0,0.0,0.0,0.0,0.0,0.0,0.0,0.0,0.0,0.0,0.0,0.0,0.0,0.0,0.0,0.0,0.0,0.0,0.0,0.0,0.0,0.0,0.0,0.0,0.0,0.0
395,0.0,0.0,0.0,0.0,0.0,0.0,0.0,0.0,0.0,0.0,0.0,0.0,0.0,0.0,0.0,0.0,0.0,0.0,0.0,0.0,0.0,0.0,0.0,0.0,0.0,0.0,0.0,0.0,0.0,0.0,0.0,0.0,0.0,0.0
396,0.0,0.0,0.0,0.0,0.0,0.0,0.0,0.0,0.0,0.0,0.0,0.0,0.0,0.0,0.0,0.0,0.0,0.0,0.0,0.0,0.0,0.0,0.0,0.0,0.0,0.0,0.0,0.0,0.0,0.0,0.0,0.0,0.0,0.0
397,0.0,0.0,0.0,0.0,0.0,0.0,0.0,0.0,0.0,0.0,0.0,0.0,0.0,0.0,0.0,0.0,0.0,0.0,0.0,0.0,0.0,0.0,0.0,0.0,0.0,0.0,0.0,0.0,0.0,0.0,0.0,0.0,0.0,0.0
