frame,joint1_x,joint1_y,joint2_x,joint2_y,joint3_x,joint3_y,joint4_x,joint4_y,joint5_x,joint5_y,joint6_x,joint6_y,joint7_x,joint7_y,joint8_x,joint8_y,joint9_x,joint9_y,joint10_x,joint10_y,joint11_x,joint11_y,joint12_x,joint12_y,joint13_x,joint13_y,joint14_x,joint14_y,joint15_x,joint15_y,joint16_x,joint16_y,joint17_x,joint17_y
0,1285.847412109375,202.7517242431641,1295.302734375,194.9833831787109,1277.85791015625,192.4186248779297,1303.836669921875,197.9010772705078,1258.4840087890625,191.47183227539065,1308.6300048828125,246.97152709960935,1225.14990234375,237.84608459472656,1319.178955078125,319.0354919433594,1175.44384765625,301.13555908203125,1308.1961669921875,382.8804321289063,1159.3946533203125,361.1985473632813,1266.6514892578125,390.934814453125,1214.1563720703125,386.25531005859375,1244.27099609375,468.5741271972656,1213.19287109375,465.40283203125,1204.2874755859375,540.124755859375,1195.41845703125,540.1375732421875
1,1286.3228759765625,204.7573699951172,1295.562744140625,197.4085235595703,1279.2833251953125,194.2678985595703,1303.3138427734375,199.75717163085935,1260.6104736328125,191.8140106201172,1306.0927734375,246.861083984375,1225.7117919921875,236.61273193359372,1318.5576171875,316.1381225585937,1179.0062255859375,299.02178955078125,1312.6136474609375,381.4457702636719,1160.45849609375,364.4705200195313,1267.014892578125,386.9403991699219,1215.7274169921875,382.463623046875,1254.72265625,469.99066162109375,1216.7919921875,466.98443603515625,1218.915283203125,543.7559814453125,1194.922607421875,543.3646240234375
2,1288.7794189453125,208.36566162109372,1297.7030029296875,200.9534912109375,1281.22705078125,197.8735198974609,1304.7794189453125,202.7252197265625,1261.7181396484375,194.88153076171875,1310.53076171875,249.9774169921875,1226.22119140625,241.3770446777344,1322.0465087890625,321.3974609375,1179.076904296875,307.666015625,1315.4365234375,386.108154296875,1164.621337890625,372.5488586425781,1273.8585205078125,390.6727294921875,1220.306884765625,387.2998352050781,1259.3675537109375,473.6419677734375,1216.7978515625,472.1254577636719,1225.3385009765625,544.5026245117188,1195.041015625,545.3309936523438
3,1294.224609375,212.55450439453125,1304.45263671875,205.23468017578125,1286.5811767578125,200.7945098876953,1311.678955078125,208.0279083251953,1265.852783203125,196.7517242431641,1314.999755859375,257.630126953125,1230.3359375,243.5562744140625,1324.2213134765625,330.8681945800781,1190.75048828125,311.0924072265625,1319.164794921875,394.4839477539063,1178.50390625,383.1722412109375,1281.480712890625,401.1085510253906,1225.614013671875,394.9946594238281,1271.9539794921875,488.3289794921875,1213.7333984375,482.965087890625,1251.556884765625,570.3641967773438,1194.1591796875,565.3822021484375
4,1298.72802734375,219.40151977539065,1309.322509765625,211.78175354003903,1291.18505859375,206.976318359375,1316.8475341796875,213.33045959472656,1269.739990234375,201.02316284179688,1319.455322265625,262.4229431152344,1233.165771484375,247.0194091796875,1327.6883544921875,338.9081420898437,1197.14013671875,318.5843200683594,1321.4356689453125,402.8934326171875,1188.495361328125,394.274169921875,1284.3565673828125,411.2349243164063,1226.561767578125,404.30950927734375,1274.7392578125,507.35540771484375,1211.52783203125,500.9925537109375,1257.0302734375,589.3525390625,1191.7510986328125,583.2823486328125
5,1313.634765625,230.73077392578125,1321.832275390625,223.3844146728516,1305.4444580078125,219.60791015625,0.0,0.0,1280.1558837890625,212.8163909912109,1334.74755859375,275.6826171875,1250.3804931640625,262.20086669921875,1332.9510498046875,350.6763610839844,1204.8780517578125,343.0767517089844,1327.8013916015625,414.66748046875,1207.0711669921875,416.1935119628906,1281.528076171875,426.61273193359375,1226.1798095703125,414.0103454589844,1275.261474609375,532.3740844726562,1210.555419921875,500.15045166015625,1258.8353271484375,621.4996948242188,1197.794921875,575.27099609375
6,1324.312744140625,242.87168884277344,1333.3905029296875,235.7895355224609,1316.8275146484375,231.3603057861328,0.0,0.0,1293.5421142578125,223.8311004638672,1344.76513671875,286.68231201171875,1260.59912109375,271.7840576171875,1344.7099609375,359.7814636230469,1216.29150390625,348.6656799316406,1338.7618408203125,423.1463012695313,1218.864013671875,424.3654174804688,1292.9637451171875,432.9425048828125,1238.82177734375,420.6706237792969,1279.562744140625,534.796875,1224.343505859375,507.6036987304688,1249.084716796875,620.7830810546875,1204.3536376953125,586.3965454101562
7,1346.18212890625,254.8032989501953,1355.4761962890625,247.5748443603516,1338.7900390625,241.67974853515625,1359.7506103515625,247.6876373291016,1314.0274658203125,233.27288818359372,1368.233642578125,303.9414367675781,1280.55322265625,284.16656494140625,1357.8812255859375,379.4873046875,1230.935791015625,366.029296875,1354.51171875,445.0171508789063,1228.2847900390625,444.1330261230469,1311.636474609375,451.0139465332031,1254.0843505859375,433.8884582519531,1299.2713623046875,553.5464477539062,1231.28369140625,511.4373779296875,1253.61865234375,634.9652099609375,1204.4990234375,576.361083984375
8,1364.108154296875,265.01031494140625,1372.9736328125,257.65203857421875,1357.211181640625,252.23312377929688,1375.7611083984375,257.47711181640625,1331.988525390625,243.35296630859372,1382.1646728515625,313.9874267578125,1292.7962646484375,293.2147827148437,1384.442626953125,393.6360168457031,1241.120361328125,369.8904418945313,1380.5068359375,465.5474853515625,1229.85400390625,451.1906127929688,1320.7144775390625,463.403076171875,1264.09716796875,447.4549560546875,1304.2978515625,569.8298950195312,1247.2908935546875,536.9390869140625,1250.64453125,644.2630615234375,1217.08349609375,603.9110107421875
9,1370.5301513671875,270.62615966796875,1380.0347900390625,263.336181640625,1363.8463134765625,257.32879638671875,1382.405029296875,263.89581298828125,1338.0799560546875,247.80015563964844,1386.3304443359375,320.66424560546875,1296.462890625,297.3245849609375,1394.446044921875,401.4490356445313,1244.982421875,371.04302978515625,1397.251708984375,473.943359375,1230.43359375,448.15228271484375,1324.1507568359375,467.8673400878906,1267.5894775390625,451.547607421875,1308.4749755859375,576.6677856445312,1252.9476318359375,545.9925537109375,1251.811279296875,649.6077880859375,1218.9990234375,615.0563354492188
10,1377.076904296875,278.1757202148437,1388.2012939453125,270.6349792480469,1369.572998046875,266.4875793457031,0.0,0.0,1345.0126953125,256.2938232421875,1393.2061767578125,326.2287902832031,1301.924072265625,306.5989685058594,1411.2901611328125,413.558349609375,1256.810791015625,376.2536315917969,1412.932373046875,479.7052001953125,1229.849365234375,455.4326171875,1335.292236328125,474.9890441894531,1280.2386474609375,465.1329345703125,1310.579833984375,569.1453247070312,1266.393310546875,564.713623046875,1251.174072265625,651.9837036132812,1233.4415283203125,665.9735107421875
11,1388.1748046875,291.1311950683594,1399.03125,283.6354675292969,1381.287109375,279.17626953125,0.0,0.0,1355.71142578125,268.4476318359375,1402.729248046875,339.9735107421875,1304.7249755859375,317.6927185058594,1419.792724609375,433.7998352050781,1253.047607421875,390.2112426757813,1423.209228515625,506.3899841308594,1227.6385498046875,468.5309143066406,1333.7431640625,494.7545776367188,1277.307373046875,482.66009521484375,1292.3680419921875,602.8878173828125,1266.357666015625,595.89892578125,1236.978515625,703.5562744140625,1259.7939453125,713.2111206054688
12,1389.040771484375,297.3710327148437,1402.02880859375,290.43194580078125,1381.224365234375,285.7449645996094,0.0,0.0,1358.0574951171875,277.6786193847656,1410.306396484375,350.9272155761719,1310.0213623046875,328.8669738769531,1424.93994140625,443.3696594238281,1252.5703125,398.17523193359375,1426.7030029296875,516.909423828125,1225.554443359375,479.999267578125,1339.0572509765625,504.7710571289063,1280.053955078125,493.7609252929688,1308.443359375,611.6026611328125,1272.02734375,605.4747314453125,1271.190185546875,710.9232177734375,1262.398681640625,721.0741577148438
13,1397.9141845703125,319.3588562011719,1410.483154296875,311.6093444824219,1389.9517822265625,307.4858093261719,0.0,0.0,1364.532958984375,295.912841796875,1415.9998779296875,363.376220703125,1312.50439453125,344.11187744140625,1432.30859375,455.5779418945313,1256.3756103515625,414.1841125488281,1432.878173828125,521.4360961914062,1226.0234375,491.3980102539063,1346.2235107421875,518.3194580078125,1284.9796142578125,509.6263732910156,1318.3427734375,626.9739379882812,1275.638427734375,627.6799926757812,1281.3939208984375,730.5298461914062,1269.059814453125,752.3182983398438
14,1400.860107421875,325.68896484375,1414.541748046875,316.7870178222656,1392.661865234375,313.4489440917969,0.0,0.0,1370.0308837890625,302.96221923828125,1420.308349609375,372.1932678222656,1314.6121826171875,355.4696960449219,1433.223876953125,468.3228149414063,1262.0281982421875,426.7645568847656,1429.8995361328125,534.374267578125,1228.8858642578125,509.10693359375,1357.4586181640625,522.7604370117188,1292.175048828125,518.463623046875,1343.1658935546875,627.60009765625,1280.545166015625,643.71875,1307.0357666015625,719.9002685546875,1265.9666748046875,768.9124145507812
15,1407.946044921875,334.03662109375,1421.11279296875,325.22003173828125,1400.3677978515625,321.8231506347656,0.0,0.0,1377.962646484375,310.45660400390625,1425.3006591796875,379.8854370117188,1320.7940673828125,364.4235534667969,1434.4385986328125,477.705322265625,1269.9971923828125,438.8162841796875,1427.885986328125,548.970947265625,1228.7430419921875,526.9519653320312,1363.0908203125,538.5,1296.8651123046875,534.9439697265625,1355.37255859375,639.0103759765625,1282.0355224609375,657.1976928710938,1318.5877685546875,715.5718994140625,1265.05908203125,768.0703125
16,1410.726806640625,345.458740234375,1426.503173828125,335.7073974609375,1403.867431640625,330.19561767578125,1439.43359375,335.95086669921875,1382.1256103515625,319.70428466796875,1434.498046875,396.8436584472656,1326.11572265625,374.831787109375,1436.440185546875,492.4692993164063,1275.920166015625,453.8381958007813,1424.8883056640625,571.4024047851562,1236.7254638671875,549.91064453125,1367.14208984375,558.9168701171875,1297.7230224609375,549.7073974609375,1358.42138671875,660.939697265625,1285.05859375,664.0162353515625,1291.263427734375,731.9610595703125,1264.0653076171875,762.5454711914062
17,1426.283447265625,360.71826171875,1440.954833984375,350.3202514648437,1417.7283935546875,343.8745422363281,1448.8489990234375,348.25360107421875,1388.3448486328125,331.02227783203125,1444.4703369140625,408.7401123046875,1336.986572265625,385.1708984375,1442.3931884765625,502.83013916015625,1283.18359375,472.00775146484375,1431.2996826171875,581.4384765625,1259.8671875,574.13916015625,1374.6600341796875,577.4486083984375,1304.31298828125,564.3385009765625,1367.588134765625,690.2144775390625,1284.626708984375,674.6854248046875,1309.328125,779.5009765625,1260.577880859375,776.64697265625
18,1448.83984375,380.1767578125,1460.0670166015625,370.2164611816406,1439.62451171875,365.4976501464844,0.0,0.0,1404.88818359375,347.2836303710937,1465.00146484375,423.57904052734375,1361.3763427734375,401.0621337890625,1454.80810546875,523.0332641601562,1294.235107421875,501.5236206054688,1444.258544921875,607.887451171875,1280.9786376953125,600.5340576171875,1379.041748046875,604.4451904296875,1312.1826171875,585.0916748046875,1368.3065185546875,737.4825439453125,1292.0693359375,694.7353515625,1324.033935546875,846.8001708984375,1268.33544921875,791.745849609375
19,1454.4564208984375,392.7021484375,1467.7423095703125,382.9689331054688,1445.129638671875,376.5032958984375,0.0,0.0,1412.089599609375,358.1365966796875,1475.449951171875,441.0286254882813,1374.200927734375,411.9878540039063,1456.023193359375,540.5396118164062,1303.4462890625,513.5088500976562,1444.48388671875,622.4317016601562,1288.488525390625,613.5516967773438,1383.1143798828125,618.1768798828125,1316.3702392578125,593.518310546875,1373.8753662109375,750.0533447265625,1293.2076416015625,692.917236328125,1331.8868408203125,866.5955810546875,1263.78564453125,789.939453125
20,1472.20703125,418.1988525390625,1485.0767822265625,407.4053649902344,1463.011474609375,403.48529052734375,0.0,0.0,1434.3634033203125,388.9454956054688,1478.21728515625,466.2144165039063,1379.215087890625,446.7440185546875,1473.7401123046875,572.1752319335938,1323.2186279296875,533.349609375,1444.778564453125,640.4376220703125,1309.223388671875,633.84765625,1393.7335205078125,639.9454345703125,1337.107421875,629.6551513671875,1347.9736328125,746.2432250976562,1331.56103515625,747.0029296875,1279.8558349609375,815.487548828125,1313.9453125,845.9769287109375
21,1492.81689453125,439.6884765625,1508.9736328125,429.59326171875,1485.1319580078125,423.4772644042969,0.0,0.0,1458.853271484375,405.326171875,1491.4150390625,486.1839294433594,1393.0875244140625,467.8095703125,1492.337646484375,587.7933349609375,1338.10107421875,558.1813354492188,1467.140625,660.1542358398438,1306.63720703125,676.9044799804688,1407.70166015625,655.050048828125,1354.0428466796875,649.1712646484375,1366.336669921875,754.9359130859375,1366.4595947265625,774.0800170898438,1276.022705078125,802.92431640625,1339.0140380859375,870.7988891601562
22,1522.2396240234375,456.1429443359375,1535.82080078125,445.0831604003906,1511.66552734375,439.6485595703125,0.0,0.0,1472.742919921875,424.2528991699219,1518.716552734375,507.9628601074219,1412.789306640625,483.8491821289063,1509.607177734375,607.671875,1341.1942138671875,582.5869140625,1484.38427734375,683.4479370117188,1326.3685302734375,701.3292236328125,1422.2392578125,679.9135131835938,1357.533935546875,664.6126708984375,1394.3695068359375,782.8118896484375,1363.1807861328125,764.0086669921875,1303.2440185546875,836.3426513671875,1317.4173583984375,835.4071655273438
23,1531.61474609375,476.5477294921875,1548.67431640625,465.50885009765625,1521.48291015625,458.8896484375,0.0,0.0,1488.9029541015625,443.3813781738281,1548.4705810546875,531.9981079101562,1429.468994140625,500.1983642578125,1541.890869140625,638.289794921875,1352.4476318359375,591.3255615234375,1516.517578125,716.7861328125,1325.4342041015625,693.9475708007812,1436.8314208984375,703.419921875,1362.219970703125,682.9027099609375,1402.68017578125,814.9271240234375,1355.356689453125,789.4249877929688,1319.512939453125,877.1273803710938,1317.4344482421875,866.5130615234375
24,1535.362548828125,488.2204284667969,1553.30908203125,476.832275390625,1526.2242431640625,469.2358703613281,0.0,0.0,1495.759765625,451.92474365234375,1551.0714111328125,542.5195922851562,1432.6136474609375,511.27545166015625,1548.7210693359375,650.8944702148438,1354.58154296875,605.6988525390625,1532.56103515625,730.93994140625,1320.60888671875,706.0706787109375,1446.17919921875,722.223876953125,1370.7249755859375,703.1959228515625,1405.3150634765625,834.9655151367188,1350.8941650390625,817.5552978515625,1317.05322265625,893.637451171875,1301.834228515625,897.936767578125
25,1549.367919921875,513.7853393554688,1566.708251953125,502.99310302734375,1541.189697265625,495.00439453125,0.0,0.0,1508.5943603515625,473.57806396484375,1563.6177978515625,561.2392578125,1441.809814453125,527.919677734375,1565.75927734375,672.3856201171875,1355.194580078125,621.2364501953125,1551.31591796875,744.7811279296875,1309.204345703125,724.0828857421875,1462.173095703125,742.6663818359375,1379.96142578125,723.3094482421875,1466.91748046875,876.7424926757812,1351.830078125,855.5118408203125,1423.5849609375,967.1079711914062,1303.1082763671875,967.7583618164062
26,1558.3427734375,525.7391967773438,1577.6715087890625,516.47119140625,1551.257568359375,505.433837890625,0.0,0.0,1517.533935546875,483.9983520507813,1574.3388671875,580.298583984375,1450.8682861328125,538.9210815429688,1569.091552734375,693.05029296875,1357.7646484375,632.5220947265625,1554.76171875,769.1510009765625,1310.5059814453125,727.5144653320312,1463.0740966796875,769.2562866210938,1375.691650390625,744.1693725585938,1488.56982421875,925.3804931640624,1343.645263671875,886.2955322265625,1484.8128662109375,1058.4093017578125,1307.1097412109375,1029.1536865234375
27,1559.306396484375,572.6032104492188,1579.2132568359375,560.7044677734375,1551.339111328125,554.3034057617188,0.0,0.0,1521.1478271484375,534.3907470703125,1582.393310546875,613.0997924804688,1457.006103515625,576.81494140625,1577.0789794921875,724.5079956054688,1364.341064453125,653.7257690429688,1554.209716796875,809.7125244140625,1312.243408203125,738.842041015625,1470.080078125,783.5994873046875,1382.836181640625,763.3134765625,1489.78662109375,939.0664672851562,1353.970703125,919.1495361328124,0.0,0.0,1321.2115478515625,1059.384765625
28,1565.4993896484375,589.4102783203125,1585.87255859375,577.2951049804688,1555.7047119140625,570.1378173828125,0.0,0.0,1521.843505859375,548.5109252929688,1585.0865478515625,624.8277587890625,1454.020263671875,594.1624755859375,1575.666015625,734.7626953125,1362.5751953125,679.8098754882812,1551.7891845703125,817.7076416015625,1306.0396728515625,769.060302734375,1472.3470458984375,820.6864013671875,1378.15185546875,804.2752685546875,1512.8255615234375,974.4180908203124,1346.5855712890625,960.5709228515624,0.0,0.0,1309.146728515625,1080.0
29,1571.7967529296875,611.8963012695312,1591.4658203125,599.8291625976562,1562.505615234375,592.6055908203125,0.0,0.0,1527.3983154296875,569.801513671875,1591.4344482421875,644.9854125976562,1454.85986328125,615.224609375,1577.3367919921875,758.3411865234375,1365.193359375,706.9637451171875,1542.704833984375,838.4093017578125,1307.755615234375,797.52392578125,1475.900146484375,860.5647583007812,1375.3807373046875,843.490478515625,1516.4539794921875,1009.3223876953124,1335.07861328125,993.9403076171876,0.0,0.0,0.0,0.0
30,1572.2548828125,635.582275390625,1594.883544921875,623.231201171875,1565.59619140625,612.05810546875,0.0,0.0,1533.6268310546875,581.2598876953125,1597.6593017578125,676.2988891601562,1454.2398681640625,641.5865478515625,1571.6011962890625,807.8848876953125,1358.85107421875,755.8291625976562,1516.679443359375,900.9310302734376,1301.0882568359375,866.2855224609375,1480.989501953125,909.6026000976562,1373.670654296875,888.83447265625,1516.6378173828125,1054.269775390625,1322.109130859375,1029.8729248046875,0.0,0.0,0.0,0.0
31,1588.6171875,659.852294921875,1603.4827880859375,648.970703125,1581.220703125,641.5286254882812,0.0,0.0,1544.990234375,616.4701538085938,1606.620849609375,685.4223022460938,1455.650146484375,662.0191650390625,1579.744384765625,809.6510009765625,1371.7733154296875,779.239990234375,1539.9423828125,902.3724975585938,1327.4713134765625,914.232421875,1493.6405029296875,932.6790161132812,1381.331787109375,918.3092651367188,0.0,0.0,1336.56591796875,1056.9473876953125,0.0,0.0,0.0,0.0
32,1577.0419921875,685.7974243164062,1595.87646484375,673.4863891601562,1570.287109375,665.887451171875,0.0,0.0,1543.2703857421875,632.4959716796875,1616.203369140625,701.2915649414062,1459.40380859375,676.8192138671875,1584.8470458984375,832.827392578125,1364.218017578125,803.2344360351562,1532.13427734375,935.230712890625,1312.123046875,945.0152587890624,1491.0450439453125,953.390869140625,1381.5096435546875,936.2215576171876,0.0,0.0,0.0,0.0,0.0,0.0,0.0,0.0
33,1570.8486328125,713.6844482421875,1592.986083984375,703.6346435546875,1564.542724609375,692.9776000976562,0.0,0.0,1541.625244140625,664.3796997070312,1615.31689453125,736.658935546875,1445.706787109375,715.9016723632812,1590.26220703125,866.270263671875,1352.136962890625,857.9356689453125,1546.49853515625,948.4007568359376,1320.983154296875,986.7731323242188,1503.5164794921875,1002.50244140625,1385.529541015625,991.9332275390624,0.0,0.0,0.0,0.0,0.0,0.0,0.0,0.0
34,1570.9873046875,747.6663208007812,1596.43896484375,735.65771484375,1563.314208984375,723.9949951171875,1624.233154296875,716.857421875,1539.36865234375,687.560302734375,1622.238525390625,764.6134033203125,1444.7215576171875,735.9144287109375,1590.700927734375,895.4765625,1345.68701171875,875.361328125,1548.5980224609375,966.9285278320312,1317.64892578125,1007.8345947265624,1500.7392578125,1023.6483764648438,1378.881591796875,1009.221435546875,0.0,0.0,0.0,0.0,0.0,0.0,0.0,0.0
35,1573.422607421875,809.91015625,1600.3291015625,795.38232421875,1568.56298828125,783.5531005859375,1635.7056884765625,777.174072265625,1548.951416015625,747.0921020507812,1638.767578125,836.02978515625,1447.9815673828125,799.3086547851562,1597.5889892578125,969.68115234375,1333.22998046875,926.5302734375,1533.8948974609375,1044.187255859375,1297.5230712890625,1035.3951416015625,1490.41748046875,1058.0548095703125,1358.8206787109375,1036.2822265625,0.0,0.0,0.0,0.0,0.0,0.0,0.0,0.0
36,1581.5885009765625,823.59765625,1605.80224609375,809.9412231445312,1577.6766357421875,797.9288330078125,0.0,0.0,1556.42236328125,760.3379516601562,1638.6544189453125,854.7705688476562,1448.8160400390625,804.4458618164062,1588.7332763671875,1003.2882080078124,1331.7371826171875,923.5830688476562,1527.877685546875,1074.46337890625,1283.3603515625,1040.6910400390625,0.0,0.0,1352.24169921875,1046.880126953125,0.0,0.0,0.0,0.0,0.0,0.0,0.0,0.0
37,1597.0755615234375,867.69384765625,1624.27392578125,855.9520263671875,1590.74365234375,842.5936279296875,0.0,0.0,1562.783203125,796.4562377929688,1647.8916015625,874.4082641601562,1463.5611572265625,823.3221435546875,1608.6046142578125,1011.9337158203124,1338.03125,933.8043212890624,1549.6181640625,1079.075439453125,1262.33642578125,1026.8895263671875,0.0,0.0,1360.3236083984375,1045.0877685546875,0.0,0.0,0.0,0.0,0.0,0.0,0.0,0.0
38,1591.82568359375,905.4439086914062,1617.1376953125,892.68505859375,1585.821044921875,881.3270874023438,0.0,0.0,1561.7861328125,835.638427734375,1649.809326171875,917.207763671875,1457.233154296875,861.372802734375,0.0,0.0,1313.517578125,953.6592407226562,0.0,0.0,1238.9947509765625,1024.1435546875,0.0,0.0,0.0,0.0,0.0,0.0,0.0,0.0,0.0,0.0,0.0,0.0
39,0.0,0.0,0.0,0.0,0.0,0.0,0.0,0.0,0.0,0.0,1450.1060791015625,912.7772216796876,1565.4942626953125,953.6591796875,1252.4249267578125,971.7376098632812,0.0,0.0,0.0,0.0,0.0,0.0,0.0,0.0,0.0,0.0,0.0,0.0,0.0,0.0,0.0,0.0,0.0,0.0
40,0.0,0.0,0.0,0.0,0.0,0.0,0.0,0.0,0.0,0.0,1435.4423828125,919.8656005859376,1630.48876953125,993.8856811523438,1279.7374267578125,956.5740966796876,0.0,0.0,0.0,0.0,0.0,0.0,0.0,0.0,0.0,0.0,0.0,0.0,0.0,0.0,0.0,0.0,0.0,0.0
41,1514.3094482421875,1022.27734375,1542.5343017578125,1014.053466796875,1506.513916015625,999.5311889648438,0.0,0.0,0.0,0.0,0.0,0.0,1397.017333984375,934.6052856445312,0.0,0.0,1274.7073974609375,990.5209350585938,0.0,0.0,1227.392578125,1052.6494140625,0.0,0.0,0.0,0.0,0.0,0.0,0.0,0.0,0.0,0.0,0.0,0.0
42,0.0,0.0,0.0,0.0,0.0,0.0,0.0,0.0,0.0,0.0,1343.513916015625,983.9229736328124,0.0,0.0,0.0,0.0,0.0,0.0,0.0,0.0,0.0,0.0,0.0,0.0,0.0,0.0,0.0,0.0,0.0,0.0,0.0,0.0,0.0,0.0
43,0.0,0.0,0.0,0.0,0.0,0.0,1332.7681884765625,1041.791748046875,1519.4317626953125,1062.900146484375,1258.4342041015625,1040.250244140625,0.0,0.0,0.0,0.0,0.0,0.0,0.0,0.0,0.0,0.0,0.0,0.0,0.0,0.0,0.0,0.0,0.0,0.0,0.0,0.0,0.0,0.0
44,0.0,0.0,0.0,0.0,0.0,0.0,0.0,0.0,0.0,0.0,0.0,0.0,0.0,0.0,0.0,0.0,0.0,0.0,0.0,0.0,0.0,0.0,0.0,0.0,0.0,0.0,0.0,0.0,0.0,0.0,0.0,0.0,0.0,0.0
45,0.0,0.0,0.0,0.0,0.0,0.0,0.0,0.0,0.0,0.0,0.0,0.0,0.0,0.0,0.0,0.0,0.0,0.0,0.0,0.0,0.0,0.0,0.0,0.0,0.0,0.0,0.0,0.0,0.0,0.0,0.0,0.0,0.0,0.0
46,0.0,0.0,0.0,0.0,1322.0101318359375,1070.109130859375,0.0,0.0,0.0,0.0,0.0,0.0,0.0,0.0,0.0,0.0,0.0,0.0,0.0,0.0,0.0,0.0,0.0,0.0,0.0,0.0,0.0,0.0,0.0,0.0,0.0,0.0,0.0,0.0
47,0.0,0.0,0.0,0.0,0.0,0.0,0.0,0.0,0.0,0.0,0.0,0.0,0.0,0.0,0.0,0.0,0.0,0.0,0.0,0.0,0.0,0.0,0.0,0.0,0.0,0.0,0.0,0.0,0.0,0.0,0.0,0.0,0.0,0.0
48,0.0,0.0,0.0,0.0,0.0,0.0,0.0,0.0,0.0,0.0,0.0,0.0,0.0,0.0,0.0,0.0,0.0,0.0,0.0,0.0,0.0,0.0,0.0,0.0,0.0,0.0,0.0,0.0,0.0,0.0,0.0,0.0,0.0,0.0
49,0.0,0.0,0.0,0.0,0.0,0.0,0.0,0.0,0.0,0.0,0.0,0.0,0.0,0.0,0.0,0.0,0.0,0.0,0.0,0.0,0.0,0.0,0.0,0.0,0.0,0.0,0.0,0.0,0.0,0.0,0.0,0.0,0.0,0.0
50,0.0,0.0,0.0,0.0,0.0,0.0,0.0,0.0,0.0,0.0,0.0,0.0,0.0,0.0,0.0,0.0,0.0,0.0,0.0,0.0,0.0,0.0,0.0,0.0,0.0,0.0,0.0,0.0,0.0,0.0,0.0,0.0,0.0,0.0
51,0.0,0.0,0.0,0.0,0.0,0.0,0.0,0.0,0.0,0.0,0.0,0.0,0.0,0.0,0.0,0.0,0.0,0.0,0.0,0.0,0.0,0.0,0.0,0.0,0.0,0.0,0.0,0.0,0.0,0.0,0.0,0.0,0.0,0.0
52,0.0,0.0,0.0,0.0,0.0,0.0,0.0,0.0,0.0,0.0,0.0,0.0,0.0,0.0,0.0,0.0,0.0,0.0,0.0,0.0,0.0,0.0,0.0,0.0,0.0,0.0,0.0,0.0,0.0,0.0,0.0,0.0,0.0,0.0
53,0.0,0.0,0.0,0.0,0.0,0.0,0.0,0.0,0.0,0.0,0.0,0.0,0.0,0.0,0.0,0.0,0.0,0.0,0.0,0.0,0.0,0.0,0.0,0.0,0.0,0.0,0.0,0.0,0.0,0.0,0.0,0.0,0.0,0.0
54,0.0,0.0,0.0,0.0,0.0,0.0,0.0,0.0,0.0,0.0,0.0,0.0,0.0,0.0,0.0,0.0,0.0,0.0,0.0,0.0,0.0,0.0,0.0,0.0,0.0,0.0,0.0,0.0,0.0,0.0,0.0,0.0,0.0,0.0
55,0.0,0.0,0.0,0.0,0.0,0.0,0.0,0.0,0.0,0.0,0.0,0.0,0.0,0.0,0.0,0.0,0.0,0.0,0.0,0.0,0.0,0.0,0.0,0.0,0.0,0.0,0.0,0.0,0.0,0.0,0.0,0.0,0.0,0.0
56,0.0,0.0,477.9753112792969,1068.1943359375,0.0,0.0,537.80615234375,1067.572998046875,0.0,0.0,0.0,0.0,0.0,0.0,0.0,0.0,0.0,0.0,0.0,0.0,0.0,0.0,0.0,0.0,0.0,0.0,0.0,0.0,0.0,0.0,0.0,0.0,0.0,0.0
57,0.0,0.0,0.0,0.0,0.0,0.0,0.0,0.0,524.9888916015625,1052.580078125,0.0,0.0,0.0,0.0,0.0,0.0,0.0,0.0,0.0,0.0,0.0,0.0,0.0,0.0,0.0,0.0,0.0,0.0,0.0,0.0,0.0,0.0,0.0,0.0
58,0.0,0.0,0.0,0.0,0.0,0.0,358.47442626953125,1006.3277587890624,483.8658142089844,950.7782592773438,0.0,0.0,627.2684936523438,1022.0989379882812,0.0,0.0,0.0,0.0,0.0,0.0,0.0,0.0,0.0,0.0,0.0,0.0,0.0,0.0,0.0,0.0,0.0,0.0,0.0,0.0
59,0.0,0.0,0.0,0.0,0.0,0.0,330.8517150878906,956.3858642578124,440.0358581542969,898.7704467773438,367.0851440429688,1076.03173828125,583.9279174804688,998.7442626953124,0.0,0.0,0.0,0.0,0.0,0.0,0.0,0.0,0.0,0.0,0.0,0.0,0.0,0.0,0.0,0.0,0.0,0.0,0.0,0.0
60,0.0,0.0,0.0,0.0,0.0,0.0,294.48681640625,918.0723266601562,428.60687255859375,853.364501953125,334.1300048828125,1053.556396484375,571.0185546875,955.6723022460938,0.0,0.0,0.0,0.0,0.0,0.0,0.0,0.0,0.0,0.0,0.0,0.0,0.0,0.0,0.0,0.0,0.0,0.0,0.0,0.0
61,0.0,0.0,0.0,0.0,0.0,0.0,277.6336975097656,886.6001586914062,409.5248107910156,826.3811645507812,307.635986328125,1047.322021484375,545.785888671875,926.4503173828124,0.0,0.0,0.0,0.0,0.0,0.0,0.0,0.0,0.0,0.0,0.0,0.0,0.0,0.0,0.0,0.0,0.0,0.0,0.0,0.0
62,0.0,0.0,0.0,0.0,0.0,0.0,263.46075439453125,851.2432250976562,388.1312255859375,805.1585083007812,280.1444702148437,1010.8635864257812,531.04345703125,914.3363037109376,0.0,0.0,0.0,0.0,0.0,0.0,0.0,0.0,0.0,0.0,0.0,0.0,0.0,0.0,0.0,0.0,0.0,0.0,0.0,0.0
63,0.0,0.0,0.0,0.0,0.0,0.0,247.74880981445312,812.676513671875,352.9173278808594,776.3682861328125,244.80990600585935,971.1740112304688,483.28369140625,896.6744384765625,0.0,0.0,0.0,0.0,0.0,0.0,0.0,0.0,0.0,0.0,0.0,0.0,0.0,0.0,0.0,0.0,0.0,0.0,0.0,0.0
64,0.0,0.0,0.0,0.0,0.0,0.0,237.70355224609372,784.666748046875,340.0193786621094,744.6989135742188,239.6860198974609,935.017822265625,463.63519287109375,860.4962768554688,0.0,0.0,563.4651489257812,955.9820556640624,0.0,0.0,0.0,0.0,0.0,0.0,0.0,0.0,0.0,0.0,0.0,0.0,0.0,0.0,0.0,0.0
65,0.0,0.0,0.0,0.0,0.0,0.0,218.24884033203125,754.035400390625,318.1260681152344,710.3231201171875,220.4991149902344,897.9365234375,438.4373474121094,824.3966064453125,0.0,0.0,545.8804321289062,936.977294921875,0.0,0.0,0.0,0.0,0.0,0.0,0.0,0.0,0.0,0.0,0.0,0.0,0.0,0.0,0.0,0.0
66,0.0,0.0,0.0,0.0,0.0,0.0,200.7027282714844,707.9554443359375,301.4662475585937,672.861083984375,208.3246154785156,850.303955078125,414.4245300292969,792.224609375,271.2607727050781,1027.86376953125,541.867919921875,934.090087890625,0.0,0.0,542.282470703125,936.0667724609376,0.0,0.0,527.0986328125,1050.56982421875,0.0,0.0,0.0,0.0,0.0,0.0,0.0,0.0
67,0.0,0.0,0.0,0.0,0.0,0.0,0.0,0.0,291.578369140625,645.3029174804688,201.37875366210935,817.8729858398438,390.1100463867188,760.1229858398438,263.2735595703125,992.6043701171876,527.9822998046875,904.501220703125,0.0,0.0,560.65625,938.302978515625,395.638427734375,1064.8184814453125,527.3929443359375,1041.2047119140625,0.0,0.0,0.0,0.0,0.0,0.0,0.0,0.0
68,0.0,0.0,0.0,0.0,0.0,0.0,0.0,0.0,293.0773010253906,614.3636474609375,200.10667419433597,779.0234375,377.3744201660156,735.5813598632812,242.63287353515625,938.988525390625,500.7261962890625,878.516845703125,0.0,0.0,565.5404052734375,927.91943359375,361.2639770507813,1023.2364501953124,480.2525024414063,1005.0299072265624,0.0,0.0,0.0,0.0,0.0,0.0,0.0,0.0
69,0.0,0.0,0.0,0.0,0.0,0.0,0.0,0.0,302.6647644042969,596.8047485351562,208.19549560546875,745.4083251953125,368.2536315917969,707.0834350585938,245.4566345214844,888.3741455078125,477.7784729003906,834.1902465820312,0.0,0.0,563.575439453125,918.6817016601562,345.731201171875,982.6351318359376,456.2277221679688,970.2669067382812,0.0,0.0,0.0,0.0,0.0,0.0,0.0,0.0
70,0.0,0.0,0.0,0.0,0.0,0.0,0.0,0.0,311.0204772949219,575.84375,220.58169555664065,712.2777099609375,371.75823974609375,683.8310546875,258.66729736328125,851.0009765625,466.9424743652344,812.4638671875,0.0,0.0,554.4825439453125,908.909912109375,341.24078369140625,958.551513671875,438.9052734375,946.65478515625,0.0,0.0,0.0,0.0,0.0,0.0,0.0,0.0
71,0.0,0.0,0.0,0.0,0.0,0.0,0.0,0.0,327.10650634765625,549.4068603515625,236.07223510742188,690.5150146484375,379.17822265625,661.066162109375,272.9794006347656,840.4323120117188,473.6611633300781,795.3418579101562,344.423828125,894.6766357421875,551.4012451171875,899.7039794921875,351.0878295898437,943.4248046875,441.6715698242188,931.9535522460938,0.0,0.0,0.0,0.0,0.0,0.0,0.0,0.0
72,0.0,0.0,0.0,0.0,0.0,0.0,0.0,0.0,352.4577941894531,527.928466796875,253.0330810546875,655.5188598632812,401.456298828125,635.6966552734375,0.0,0.0,493.4779052734375,771.3433837890625,0.0,0.0,561.844482421875,883.6484375,360.2520751953125,924.1785888671876,451.017578125,917.7520751953124,0.0,0.0,449.7618713378906,1044.137939453125,0.0,0.0,0.0,0.0
73,0.0,0.0,0.0,0.0,0.0,0.0,0.0,0.0,373.6460266113281,493.2078857421875,270.96173095703125,618.7470703125,421.6495056152344,599.2470092773438,294.3553161621094,759.842041015625,504.96588134765625,736.02001953125,0.0,0.0,565.194091796875,842.7431640625,363.8716430664063,884.4940795898438,457.0272216796875,876.9903564453125,0.0,0.0,467.653076171875,1008.7893676757812,0.0,0.0,0.0,0.0
74,0.0,0.0,0.0,0.0,0.0,0.0,0.0,0.0,380.1787109375,476.6569519042969,284.2726745605469,599.2794189453125,435.10009765625,580.1595458984375,290.14190673828125,735.6168823242188,519.4693603515625,713.068115234375,361.73919677734375,809.852294921875,579.4066162109375,808.4913940429688,371.9101257324219,855.353515625,465.8861389160156,844.251708984375,433.99212646484375,1011.2515869140624,481.2616882324219,953.8956298828124,0.0,0.0,0.0,0.0
75,0.0,0.0,0.0,0.0,0.0,0.0,0.0,0.0,397.9772644042969,457.6263427734375,296.7444763183594,574.4779052734375,444.9430541992188,556.212646484375,302.0521850585937,716.88818359375,526.54345703125,673.77978515625,0.0,0.0,581.8668823242188,756.898681640625,377.1408386230469,792.9882202148438,473.9845275878906,787.444580078125,447.4170227050781,879.679931640625,514.38671875,846.484130859375,469.5589599609375,1007.17041015625,513.580322265625,966.7457275390624
76,0.0,0.0,0.0,0.0,0.0,0.0,0.0,0.0,405.927001953125,439.9578247070313,310.18682861328125,547.9354248046875,445.6526489257813,532.40771484375,310.31475830078125,675.6234130859375,528.6134033203125,632.7510986328125,351.66864013671875,737.9262084960938,582.9515991210938,704.6982421875,391.1393737792969,750.6915283203125,478.7258911132813,748.4013671875,457.6364135742188,854.140380859375,522.9200439453125,838.55712890625,483.54541015625,977.8859252929688,524.4320678710938,967.2980346679688
77,0.0,0.0,0.0,0.0,0.0,0.0,0.0,0.0,425.5172424316406,413.8229370117188,333.4189453125,523.4165649414062,461.8539733886719,508.89593505859375,331.2902526855469,652.7880249023438,538.9988403320312,605.1422119140625,359.798095703125,719.6666259765625,583.425048828125,656.1116333007812,412.94677734375,726.617919921875,492.9267578125,727.1786499023438,487.4737243652344,840.635986328125,521.7161865234375,832.75830078125,527.8270263671875,965.546142578125,517.9170532226562,958.198486328125
78,0.0,0.0,0.0,0.0,0.0,0.0,0.0,0.0,438.8952941894531,401.7294616699219,341.95526123046875,510.7585144042969,474.82421875,493.28997802734375,344.50115966796875,635.5980224609375,553.1775512695312,585.2830810546875,376.4962463378906,714.1903076171875,587.4049072265625,635.8167724609375,418.43756103515625,713.4036254882812,502.4405517578125,711.419921875,481.8549499511719,826.39404296875,525.5635986328125,821.159423828125,521.6624755859375,956.5687255859376,524.3922729492188,955.0653076171876
79,0.0,0.0,0.0,0.0,0.0,0.0,0.0,0.0,445.8871765136719,384.7853393554688,357.7176208496094,489.5943603515625,481.6478576660156,475.2241821289063,359.38006591796875,623.4921264648438,559.8407592773438,577.6744384765625,386.7118835449219,700.08349609375,587.361083984375,628.1761474609375,436.5063171386719,696.38330078125,513.9243774414062,696.803955078125,500.2065124511719,818.0997314453125,535.4738159179688,817.4219970703125,527.4078979492188,948.8234252929688,526.177734375,953.103515625
80,0.0,0.0,0.0,0.0,0.0,0.0,0.0,0.0,454.15765380859375,364.18505859375,368.2205200195313,467.058349609375,483.887939453125,451.322021484375,372.2727661132813,597.5341796875,555.320556640625,550.0079956054688,395.5120849609375,672.8057861328125,594.6740112304688,621.70849609375,442.8247375488281,667.3837890625,515.715087890625,669.203369140625,508.73291015625,786.3048706054688,551.6023559570312,791.39697265625,524.9473876953125,912.3681640625,530.5426025390625,932.6423950195312
81,0.0,0.0,0.0,0.0,0.0,0.0,0.0,0.0,460.6121520996094,346.77911376953125,372.9431762695313,440.8407897949219,490.161865234375,430.1321411132813,371.0137939453125,563.15283203125,561.0328979492188,531.1287231445312,396.8370666503906,637.89990234375,605.84228515625,619.918701171875,439.0813598632813,636.4396362304688,513.9281005859375,639.668212890625,503.2091674804688,740.6878662109375,555.4423828125,745.1383666992188,526.2813110351562,857.108642578125,543.14697265625,876.3763427734375
82,0.0,0.0,0.0,0.0,0.0,0.0,0.0,0.0,470.2176818847656,333.6836242675781,381.8713989257813,423.5665283203125,498.7638549804688,411.2049865722656,387.6960754394531,545.279541015625,562.9761962890625,513.556396484375,422.109130859375,614.2855224609375,610.8551025390625,596.6311645507812,449.6492919921875,615.9313354492188,526.2869873046875,616.3565063476562,504.7222595214844,720.877197265625,562.3690185546875,713.3568115234375,536.9432983398438,829.0540771484375,567.766357421875,827.904296875
83,0.0,0.0,0.0,0.0,0.0,0.0,0.0,0.0,480.65771484375,318.2932434082031,399.57952880859375,411.6319580078125,510.43408203125,405.15814208984375,402.9224243164063,523.7869873046875,568.3133544921875,511.4152221679688,452.5580749511719,581.3618774414062,616.487060546875,593.0393676757812,449.107421875,602.47802734375,524.2623291015625,603.7806396484375,493.4881591796875,701.27978515625,561.230224609375,686.1738891601562,544.9825439453125,825.6602783203125,590.0115966796875,804.1821899414062
84,0.0,0.0,0.0,0.0,0.0,0.0,0.0,0.0,491.08538818359375,308.2313537597656,414.7000732421875,403.6134033203125,523.255859375,393.978271484375,413.9537353515625,512.0971069335938,578.4642333984375,497.18896484375,459.5021362304688,573.6780395507812,619.0643310546875,580.6397094726562,458.9287109375,600.1177978515625,532.896484375,597.2681884765625,495.0005493164063,700.5758056640625,567.6004638671875,674.1668090820312,542.8900146484375,821.98681640625,601.945556640625,781.9276123046875
85,0.0,0.0,0.0,0.0,0.0,0.0,0.0,0.0,505.344482421875,295.8783569335937,434.6998291015625,392.7437438964844,546.0224609375,377.061767578125,423.20501708984375,497.2418212890625,588.8513793945312,488.6527404785156,0.0,0.0,625.9714965820312,568.4158935546875,466.1893615722656,591.60986328125,545.6995849609375,577.8367309570312,491.0860290527344,703.599853515625,578.1402587890625,641.5889892578125,510.79876708984375,820.2518920898438,617.7550659179688,725.5977783203125
86,0.0,0.0,0.0,0.0,0.0,0.0,0.0,0.0,527.1805419921875,284.6724853515625,451.775390625,379.835693359375,567.32421875,368.8046875,0.0,0.0,600.8175048828125,482.8591003417969,0.0,0.0,636.5482177734375,564.7593383789062,476.8493041992188,585.2899780273438,558.3181762695312,573.1461181640625,510.8097839355469,693.3649291992188,589.999755859375,633.082275390625,530.5783081054688,806.2711181640625,611.884765625,710.3753662109375
87,0.0,0.0,0.0,0.0,0.0,0.0,0.0,0.0,545.2968139648438,271.7376708984375,480.175048828125,360.214111328125,579.6732177734375,352.7992858886719,456.8081665039063,460.42620849609375,614.0555419921875,467.265380859375,501.3013000488281,531.5321044921875,655.0479125976562,541.4414672851562,500.8240966796875,554.2025146484375,569.1786499023438,543.8612060546875,530.6851806640625,662.9195556640625,598.9277954101562,609.57080078125,554.2977294921875,792.2138671875,618.2071533203125,703.4273071289062
88,0.0,0.0,0.0,0.0,0.0,0.0,0.0,0.0,569.0076293945312,258.3384704589844,486.9627075195313,336.03857421875,591.971435546875,334.2465209960937,472.1033020019531,433.4228210449219,636.68798828125,433.0988159179688,493.92816162109375,500.45318603515625,668.0476684570312,512.7237548828125,520.1493530273438,510.7120971679688,591.4337158203125,511.1363525390625,546.9595947265625,623.4375610351562,613.2478637695312,610.4488525390625,559.462158203125,742.7301635742188,612.3738403320312,721.2369384765625
89,0.0,0.0,0.0,0.0,0.0,0.0,0.0,0.0,584.7450561523438,246.8744201660156,504.3362426757813,317.9709777832031,606.4454956054688,317.58990478515625,490.2947387695313,412.4885559082031,659.798095703125,407.00921630859375,504.2424926757813,482.215576171875,694.15576171875,484.2583923339844,543.83837890625,486.764404296875,611.3013916015625,490.1837768554688,567.8717041015625,592.94873046875,629.3162841796875,592.6864624023438,570.97119140625,702.805419921875,613.511962890625,702.0997314453125
90,0.0,0.0,0.0,0.0,0.0,0.0,0.0,0.0,592.1527709960938,238.45074462890625,514.8392333984375,312.9325561523437,615.1401977539062,309.8927307128906,502.3318481445313,408.41510009765625,670.1009521484375,399.9549865722656,510.5701904296875,477.0826416015625,698.5989990234375,470.8904418945313,551.9432373046875,478.6148681640625,617.40478515625,480.25726318359375,577.9588623046875,579.647216796875,631.4403076171875,581.5137939453125,576.8092651367188,686.83447265625,611.8902587890625,693.6683349609375
91,0.0,0.0,0.0,0.0,0.0,0.0,0.0,0.0,605.183349609375,230.2581024169922,525.9136962890625,305.56256103515625,629.9654541015625,298.489990234375,513.729248046875,403.9801940917969,681.3067016601562,379.4526977539063,519.1630859375,476.6522216796875,704.28173828125,434.5881958007813,565.38037109375,468.7358093261719,630.4680786132812,468.9380493164063,601.0917358398438,570.9646606445312,634.6619262695312,571.6173095703125,616.0125732421875,678.70849609375,612.1008911132812,681.603515625
92,0.0,0.0,0.0,0.0,0.0,0.0,0.0,0.0,617.4166259765625,225.166748046875,539.3130493164062,297.6650390625,640.8978881835938,293.7291259765625,524.12109375,390.5338439941406,685.185546875,376.8866271972656,529.4010620117188,460.2865905761719,705.1492919921875,424.8760986328125,572.2957153320312,463.52056884765625,635.5323486328125,463.8904418945313,613.92529296875,573.051025390625,644.3994140625,569.375244140625,623.3273315429688,684.2369995117188,614.9285888671875,675.8544921875
93,0.0,0.0,0.0,0.0,0.0,0.0,0.0,0.0,627.6913452148438,218.8334197998047,548.9874267578125,292.25982666015625,649.999755859375,285.2533569335937,534.929931640625,385.7963562011719,693.9006958007812,362.8558349609375,542.846923828125,453.7586669921875,704.9742431640625,413.41644287109375,582.3110961914062,457.83197021484375,645.6113891601562,456.5581970214844,619.7265625,570.6798706054688,646.9122314453125,564.595458984375,624.9893188476562,684.9922485351562,620.4610595703125,675.5347900390625
94,0.0,0.0,0.0,0.0,0.0,0.0,0.0,0.0,634.8343505859375,213.5400238037109,560.7064819335938,282.970703125,656.7066650390625,280.5710754394531,549.7964477539062,378.4012756347656,700.0003051757812,365.4692993164063,555.1862182617188,442.7037963867188,710.4332275390625,414.61822509765625,595.1219482421875,449.3685607910156,655.0985107421875,450.1893310546875,631.664306640625,563.0933837890625,655.8304443359375,560.8309326171875,633.648681640625,675.590087890625,622.9857788085938,670.5904541015625
95,0.0,0.0,0.0,0.0,0.0,0.0,0.0,0.0,642.8355712890625,204.671630859375,565.4834594726562,272.2967834472656,667.4105224609375,271.2709655761719,555.3532104492188,366.0665588378906,708.7802734375,356.17071533203125,559.4171142578125,431.9558715820313,716.928955078125,412.0265808105469,599.8690795898438,437.5631103515625,663.976318359375,439.5616149902344,639.0074462890625,544.5274658203125,666.939208984375,546.6605224609375,645.4216918945312,641.341064453125,633.2972412109375,643.9638671875
96,0.0,0.0,0.0,0.0,0.0,0.0,0.0,0.0,655.6495971679688,187.80047607421875,579.8342895507812,255.49415588378903,680.5354614257812,250.29098510742188,564.313720703125,347.841796875,715.1260375976562,331.6180419921875,578.94384765625,419.8195495605469,736.8023681640625,399.2048950195313,612.7322387695312,418.1969604492188,677.4965209960938,418.3062744140625,645.8713989257812,505.912353515625,684.87841796875,500.97454833984375,660.5318603515625,602.2801513671875,663.4405517578125,594.627685546875
97,0.0,0.0,0.0,0.0,0.0,0.0,0.0,0.0,664.6314697265625,182.94631958007807,592.1002197265625,249.098388671875,689.580322265625,243.14862060546875,573.2191772460938,335.8165283203125,720.831787109375,331.01983642578125,583.6264038085938,395.0355224609375,744.5890502929688,390.06396484375,620.8023681640625,405.3293151855469,685.8896484375,401.7493286132813,642.3252563476562,503.4179992675781,700.5550537109375,484.77288818359375,661.6448974609375,606.3582763671875,701.0010375976562,576.8736572265625
98,0.0,0.0,0.0,0.0,0.0,0.0,0.0,0.0,674.4885864257812,177.12442016601562,606.19970703125,245.1082763671875,700.0438232421875,239.09991455078125,573.70654296875,324.1221923828125,727.109619140625,328.6266174316406,587.3450317382812,378.7299499511719,750.757080078125,386.8024291992188,626.7672729492188,401.1122131347656,690.63671875,395.72369384765625,645.0408935546875,498.944091796875,709.3739624023438,471.1392211914063,666.9125366210938,603.909423828125,729.8753662109375,556.3060913085938
99,0.0,0.0,0.0,0.0,0.0,0.0,0.0,0.0,683.8873901367188,171.97659301757812,622.3031616210938,240.6905517578125,713.24267578125,233.25323486328125,594.94970703125,320.9305725097656,739.10791015625,323.4324951171875,601.6439208984375,385.8225402832031,760.8780517578125,378.8308715820313,636.00341796875,403.201171875,699.189208984375,393.3071594238281,645.8009643554688,498.48736572265625,716.9052734375,455.3138122558594,663.3645629882812,601.6517333984375,742.6783447265625,527.04150390625
100,0.0,0.0,0.0,0.0,0.0,0.0,0.0,0.0,704.1266479492188,173.5154571533203,638.15283203125,237.53390502929688,722.6642456054688,228.43798828125,617.0994262695312,323.34771728515625,755.5694580078125,305.9844970703125,641.5228881835938,373.7532348632813,777.8671875,373.0511169433594,654.4744262695312,386.234130859375,714.0335693359375,383.2127685546875,651.1593627929688,478.5771789550781,728.019775390625,471.8812255859375,667.5364990234375,563.6953125,749.3245849609375,555.864501953125
101,0.0,0.0,0.0,0.0,0.0,0.0,0.0,0.0,720.9676513671875,162.26669311523438,653.7340087890625,228.3094940185547,744.82666015625,224.16883850097656,635.0800170898438,307.3358154296875,767.3634033203125,310.75909423828125,652.9763793945312,363.2115783691406,783.3444213867188,368.89251708984375,666.890869140625,382.4363708496094,731.978759765625,375.4963989257813,671.0064697265625,477.6588745117188,741.0880126953125,444.328857421875,668.6151733398438,582.706787109375,748.3809204101562,525.4617309570312
