frame,person_detected,nose_x,nose_y,nose_conf,left_eye_x,left_eye_y,left_eye_conf,right_eye_x,right_eye_y,right_eye_conf,left_ear_x,left_ear_y,left_ear_conf,right_ear_x,right_ear_y,right_ear_conf,left_shoulder_x,left_shoulder_y,left_shoulder_conf,right_shoulder_x,right_shoulder_y,right_shoulder_conf,left_elbow_x,left_elbow_y,left_elbow_conf,right_elbow_x,right_elbow_y,right_elbow_conf,left_wrist_x,left_wrist_y,left_wrist_conf,right_wrist_x,right_wrist_y,right_wrist_conf,left_hip_x,left_hip_y,left_hip_conf,right_hip_x,right_hip_y,right_hip_conf,left_knee_x,left_knee_y,left_knee_conf,right_knee_x,right_knee_y,right_knee_conf,left_ankle_x,left_ankle_y,left_ankle_conf,right_ankle_x,right_ankle_y,right_ankle_conf
0,True,0.0,0.0,0.12739749252796173,0.0,0.0,0.06914370507001877,0.0,0.0,0.02829675003886223,1070.376220703125,314.68768310546875,0.7466666102409363,0.0,0.0,0.39681562781333923,1039.254638671875,392.3384704589844,0.9951454997062683,1156.6668701171875,395.5251159667969,0.9893934726715088,1011.4151611328125,484.6903381347656,0.9890711307525635,1179.202880859375,491.2951354980469,0.9581554532051086,1009.5518188476562,552.5505981445312,0.960798442363739,1173.32421875,554.7579345703125,0.899989128112793,1052.639892578125,568.193603515625,0.9996192455291748,1129.546875,572.5943603515625,0.9992843270301819,1066.9178466796875,667.9838256835938,0.9991791844367981,1110.319580078125,689.3241577148438,0.998496413230896,1081.546142578125,770.2796630859375,0.9948751330375671,1088.5169677734375,802.738037109375,0.9925569295883179
1,True,0.0,0.0,0.15261752903461456,0.0,0.0,0.09281493723392487,0.0,0.0,0.03223709389567375,1068.4344482421875,309.0314025878906,0.7933518290519714,0.0,0.0,0.38202428817749023,1037.892333984375,386.37158203125,0.995245635509491,1155.8988037109375,390.1845703125,0.9890011548995972,1010.4642944335938,476.7637939453125,0.988013744354248,1178.247314453125,486.6654968261719,0.9502388834953308,1008.48876953125,542.0698852539062,0.9567825198173523,1170.9893798828125,548.77734375,0.8830294013023376,1050.63623046875,563.07373046875,0.999569833278656,1128.63916015625,567.986572265625,0.9991785883903503,1064.23583984375,661.3225708007812,0.9991472959518433,1111.487548828125,684.8840942382812,0.9984171390533447,1080.298828125,764.7251586914062,0.9949561953544617,1093.3780517578125,800.7030029296875,0.9926514029502869
2,True,0.0,0.0,0.1802094280719757,0.0,0.0,0.12524300813674927,0.0,0.0,0.0380498543381691,1065.154052734375,304.4640808105469,0.8280614614486694,0.0,0.0,0.3653862774372101,1035.255126953125,376.7258605957031,0.9949778914451599,1151.64306640625,383.18865966796875,0.9871349930763245,1004.5164794921875,462.0125427246094,0.9850584268569946,1169.8095703125,480.466552734375,0.9294400215148926,1006.7216186523438,525.5692749023438,0.9446215629577637,1162.3531494140625,537.6014404296875,0.839805006980896,1044.1656494140625,549.1022338867188,0.9994532465934753,1122.614013671875,554.3978271484375,0.9989179372787476,1055.9384765625,642.2283325195312,0.9991078972816467,1112.1197509765625,663.3047485351562,0.9982750415802002,1067.5396728515625,741.7567749023438,0.9956064820289612,1099.5093994140625,770.1901245117188,0.9934495091438293
3,True,0.0,0.0,0.18347901105880737,0.0,0.0,0.11729966849088669,0.0,0.0,0.044409409165382385,1060.0902099609375,296.95050048828125,0.7887717485427856,0.0,0.0,0.400790810585022,1036.8787841796875,368.8044738769531,0.9937657117843628,1147.18896484375,369.5941162109375,0.9857136011123657,1002.1239624023438,451.1656799316406,0.981502890586853,1162.2509765625,465.21661376953125,0.9314520955085754,1007.1505737304688,509.7080383300781,0.9374617338180542,1158.136962890625,519.82421875,0.8495135307312012,1043.1234130859375,533.7350463867188,0.9990416169166565,1118.312744140625,533.4108276367188,0.9982499480247498,1050.4620361328125,632.195556640625,0.9981696605682373,1109.61181640625,634.2472534179688,0.9967460632324219,1059.400390625,734.5777587890625,0.9909622073173523,1105.9827880859375,733.5767211914062,0.9872792959213257
4,True,0.0,0.0,0.165625661611557,0.0,0.0,0.09685730934143066,0.0,0.0,0.04435041919350624,1056.5948486328125,287.8431091308594,0.7385753989219666,0.0,0.0,0.41615650057792664,1037.66162109375,358.4750061035156,0.9922074675559998,1145.126220703125,359.8454895019531,0.9854363799095154,1000.5758056640625,431.7089538574219,0.9765928983688354,1159.5538330078125,455.5048828125,0.9355832934379578,1002.4175415039062,482.2339782714844,0.9244616031646729,1153.0892333984375,510.100830078125,0.8552286624908447,1044.42919921875,524.6751708984375,0.9989145994186401,1117.495849609375,521.9424438476562,0.9982233643531799,1050.8126220703125,626.3124389648438,0.9980564117431641,1110.0570068359375,616.10498046875,0.9968897700309753,1057.10595703125,730.3788452148438,0.9912353754043579,1109.69384765625,709.5322875976562,0.9885295033454895
5,True,0.0,0.0,0.17665627598762512,0.0,0.0,0.11133495718240738,0.0,0.0,0.052607305347919464,1054.2850341796875,280.50909423828125,0.7341366410255432,0.0,0.0,0.4114358425140381,1036.739501953125,352.638916015625,0.9879060983657837,1143.5250244140625,351.72821044921875,0.9808611273765564,998.9711303710938,424.87933349609375,0.9570086002349854,1154.81787109375,447.6255187988281,0.9104692935943604,1004.9798583984375,465.158935546875,0.8741296529769897,1148.7476806640625,494.72198486328125,0.8043037056922913,1042.3004150390625,514.1519165039062,0.9981449842453003,1114.5992431640625,509.14373779296875,0.9972981810569763,1050.060791015625,616.0995483398438,0.9974162578582764,1106.1943359375,598.2760620117188,0.9962915182113647,1056.6177978515625,722.5052490234375,0.9909035563468933,1103.421630859375,690.2847290039062,0.989000678062439
6,True,0.0,0.0,0.06681261211633682,0.0,0.0,0.04782379791140556,0.0,0.0,0.012802422046661377,1057.163818359375,274.22552490234375,0.9207718372344971,1112.49169921875,272.7447204589844,0.5659399032592773,1034.7579345703125,342.2773132324219,0.9985734224319458,1141.326904296875,339.4970703125,0.9970448613166809,998.28662109375,421.75738525390625,0.982212245464325,1154.06640625,429.9743347167969,0.9416134357452393,999.6953125,447.0638122558594,0.8498715758323669,1137.00927734375,490.42449951171875,0.705127477645874,1045.349853515625,501.9055480957031,0.9995793700218201,1114.7352294921875,499.5587158203125,0.999393105506897,1051.2755126953125,606.3329467773438,0.9985742568969727,1093.6810302734375,603.380859375,0.9979056119918823,1058.366455078125,704.937255859375,0.9920861124992371,1078.8289794921875,699.96044921875,0.9899632334709167
7,True,0.0,0.0,0.09606090933084488,0.0,0.0,0.09041674435138702,0.0,0.0,0.014293418265879154,1060.3212890625,269.0798034667969,0.9533526301383972,0.0,0.0,0.45654892921447754,1040.935791015625,335.147216796875,0.9987030029296875,1139.885009765625,334.8276672363281,0.9959163069725037,1003.2702026367188,414.3049011230469,0.9867638945579529,1151.4398193359375,424.8059997558594,0.9115185141563416,996.9823608398438,445.1427917480469,0.8812695145606995,1132.8936767578125,484.6031188964844,0.642360508441925,1049.2734375,493.1556091308594,0.9994045495986938,1112.3408203125,491.162109375,0.9989466071128845,1051.970703125,606.688720703125,0.9975276589393616,1078.3260498046875,604.80029296875,0.9953616261482239,1061.78125,710.0196533203125,0.9836300015449524,1059.2352294921875,706.568115234375,0.9753875732421875
8,True,0.0,0.0,0.24052487313747406,0.0,0.0,0.17451411485671997,0.0,0.0,0.06747746467590332,1061.8515625,259.05743408203125,0.7581734657287598,0.0,0.0,0.36051589250564575,1044.82470703125,325.2748107910156,0.9890667200088501,1142.45947265625,325.1938171386719,0.9696614146232605,1007.0479125976562,399.3661193847656,0.9709129333496094,1149.1954345703125,418.9360046386719,0.8729158639907837,999.3975219726562,453.41668701171875,0.9169442057609558,1136.9498291015625,471.2201843261719,0.7813950777053833,1045.223876953125,481.3020935058594,0.9976388216018677,1109.2410888671875,477.0942077636719,0.9953911304473877,1050.027099609375,589.3569946289062,0.9964146614074707,1087.6021728515625,578.571533203125,0.9930881857872009,1061.3214111328125,701.3840942382812,0.9862729907035828,1070.1595458984375,679.0851440429688,0.9795605540275574
9,True,0.0,0.0,0.20568452775478363,0.0,0.0,0.220860555768013,0.0,0.0,0.03867045044898987,1064.174072265625,247.29409790039062,0.8639255166053772,0.0,0.0,0.22840175032615662,1047.7032470703125,312.60845947265625,0.9921873807907104,1145.802490234375,310.568115234375,0.9354506731033325,1011.5198974609375,389.4083251953125,0.9798285365104675,1151.0784912109375,400.76385498046875,0.6732560992240906,1004.4613037109375,447.1923522949219,0.9217278361320496,1130.719482421875,450.85968017578125,0.5383867621421814,1051.883056640625,467.30950927734375,0.9980682730674744,1116.572998046875,463.61785888671875,0.9935142993927002,1054.8243408203125,567.7864379882812,0.9974991679191589,1090.5736083984375,561.2086791992188,0.9916736483573914,1059.290771484375,676.7979125976562,0.990480363368988,1071.444580078125,658.8663940429688,0.979645311832428
10,True,0.0,0.0,0.08603382110595703,0.0,0.0,0.10446159541606903,0.0,0.0,0.01189560815691948,1066.843505859375,242.25990295410156,0.9635019302368164,0.0,0.0,0.37649986147880554,1047.59619140625,304.8131408691406,0.9987066984176636,1141.853271484375,305.7539978027344,0.994270920753479,1015.48974609375,386.29644775390625,0.9876232147216797,1153.4012451171875,387.5502624511719,0.8517794013023376,1005.1509399414062,445.3704833984375,0.881568193435669,1123.71533203125,439.6090393066406,0.522268533706665,1054.0350341796875,460.2100830078125,0.9993903636932373,1116.1427001953125,459.5575866699219,0.9986968636512756,1051.7774658203125,552.8953857421875,0.998117208480835,1091.3203125,554.8714599609375,0.9956470131874084,1059.5655517578125,644.6398315429688,0.9907457828521729,1078.5206298828125,647.0015258789062,0.983705997467041
11,True,0.0,0.0,0.20882655680179596,0.0,0.0,0.22973479330539703,0.0,0.0,0.04216307774186134,1063.9114990234375,233.66299438476562,0.8607004880905151,0.0,0.0,0.22122257947921753,1043.461669921875,298.8172607421875,0.9894759654998779,1139.021240234375,295.9028625488281,0.9347960352897644,1021.1973266601562,384.8140869140625,0.9689974188804626,1151.4715576171875,379.18597412109375,0.6508472561836243,1012.8495483398438,441.4805908203125,0.8885477781295776,0.0,0.0,0.49952009320259094,1049.7000732421875,450.6083679199219,0.9977390766143799,1114.2205810546875,449.9183349609375,0.9934003353118896,1047.859619140625,538.8181762695312,0.9977061748504639,1091.105224609375,548.3822631835938,0.9932639598846436,1055.1915283203125,631.8726196289062,0.9930699467658997,1074.439453125,644.4525756835938,0.9863145351409912
12,True,0.0,0.0,0.2784421741962433,0.0,0.0,0.33125489950180054,0.0,0.0,0.05496331676840782,1062.6937255859375,224.79144287109375,0.8956260085105896,0.0,0.0,0.20876413583755493,1041.42578125,286.6727294921875,0.99069744348526,1131.0872802734375,286.1177062988281,0.9345889687538147,1021.2405395507812,371.99212646484375,0.9687076210975647,1145.61279296875,365.6787414550781,0.5996469259262085,1014.3422241210938,433.5015563964844,0.8841542601585388,0.0,0.0,0.44721415638923645,1047.5198974609375,437.2959899902344,0.9975087642669678,1109.9901123046875,439.8340148925781,0.9923126101493835,1040.2130126953125,519.3291015625,0.9976814985275269,1090.9136962890625,541.9808959960938,0.992790937423706,1038.282958984375,606.9058837890625,0.9934612512588501,1076.4393310546875,640.7965087890625,0.9865792393684387
13,True,0.0,0.0,0.2615374028682709,0.0,0.0,0.3062969446182251,0.0,0.0,0.049565475434064865,1057.1641845703125,220.66571044921875,0.8861058354377747,0.0,0.0,0.19755819439888,1034.3228759765625,282.0693054199219,0.9912376403808594,1122.125244140625,280.9171142578125,0.933433473110199,1014.83056640625,366.4244384765625,0.9731314182281494,1138.985107421875,356.0328369140625,0.6079162955284119,1009.7338256835938,428.4364013671875,0.8990316390991211,0.0,0.0,0.464502215385437,1045.0450439453125,431.35638427734375,0.9977453351020813,1106.8326416015625,435.7144775390625,0.992699921131134,1035.765625,508.87353515625,0.9978359341621399,1087.9375,539.5167846679688,0.9929509162902832,1029.985107421875,589.0625610351562,0.9937250018119812,1075.332275390625,638.8848876953125,0.9866249561309814
14,True,0.0,0.0,0.17331986129283905,0.0,0.0,0.1783239245414734,0.0,0.0,0.027117757126688957,1042.27734375,218.11683654785156,0.9586194157600403,0.0,0.0,0.436339795589447,1026.635498046875,276.3876647949219,0.9988596439361572,1113.628173828125,276.79925537109375,0.996027946472168,1003.2799072265625,351.36651611328125,0.9880643486976624,1128.6395263671875,348.9517822265625,0.8882505297660828,996.0189208984375,413.4992370605469,0.906859278678894,1099.3458251953125,391.90411376953125,0.630904495716095,1034.3853759765625,421.30877685546875,0.999528169631958,1093.44775390625,420.7656555175781,0.9990683197975159,1025.3704833984375,516.1107788085938,0.9987722039222717,1079.289794921875,518.8856811523438,0.9973565340042114,1027.8897705078125,598.1708374023438,0.9944735169410706,1073.39404296875,602.1253051757812,0.9906559586524963
15,True,0.0,0.0,0.12609361112117767,0.0,0.0,0.12928523123264313,0.0,0.0,0.020061859861016273,1033.0338134765625,211.8972930908203,0.9489912390708923,0.0,0.0,0.41671016812324524,1019.806884765625,269.5457458496094,0.9984797835350037,1106.2315673828125,269.27838134765625,0.9949504137039185,998.2922973632812,341.7838439941406,0.9827293157577515,1120.9652099609375,343.13787841796875,0.8603909015655518,990.9266967773438,397.64739990234375,0.8699265122413635,1089.8837890625,393.5041198730469,0.566250741481781,1028.712158203125,412.5998229980469,0.9995032548904419,1087.2198486328125,411.59197998046875,0.9990504384040833,1023.0392456054688,505.46624755859375,0.9990518689155579,1073.2227783203125,506.940673828125,0.9980655312538147,1026.8880615234375,586.884765625,0.9965049028396606,1068.80126953125,589.0159301757812,0.9943162798881531
16,True,0.0,0.0,0.11666438728570938,0.0,0.0,0.11990256607532501,0.0,0.0,0.01972198486328125,1026.473388671875,207.01478576660156,0.9542276859283447,0.0,0.0,0.43324899673461914,1014.4525146484375,264.7445373535156,0.998404324054718,1099.5498046875,263.3884582519531,0.9952021837234497,987.2605590820312,340.99298095703125,0.9784638285636902,1114.646484375,339.4197692871094,0.8843817114830017,980.1732788085938,393.8395690917969,0.8310823440551758,1091.026123046875,388.0267639160156,0.5868296027183533,1023.0745239257812,406.836669921875,0.9993360638618469,1080.8876953125,405.13018798828125,0.9989050626754761,1020.1058959960938,502.2646179199219,0.9982354640960693,1069.3701171875,502.4781188964844,0.9971045851707458,1028.3673095703125,586.1588134765625,0.992698609828949,1068.9017333984375,587.94140625,0.989891529083252
17,True,0.0,0.0,0.13553179800510406,0.0,0.0,0.12873682379722595,0.0,0.0,0.02105894684791565,1018.1694946289062,204.65574645996094,0.9598479866981506,0.0,0.0,0.4838511049747467,1006.3993530273438,260.2145080566406,0.9991680383682251,1090.17919921875,256.67431640625,0.9974748492240906,981.7088623046875,330.41717529296875,0.9908690452575684,1107.0552978515625,329.72161865234375,0.938527524471283,975.668701171875,384.6676940917969,0.9194665551185608,1090.1334228515625,389.64532470703125,0.7352310419082642,1017.3001098632812,392.98492431640625,0.9997298121452332,1073.7333984375,390.5155334472656,0.9995204210281372,1018.500244140625,482.0352478027344,0.9992604851722717,1067.1187744140625,480.71917724609375,0.9986717700958252,1025.195556640625,566.8745727539062,0.9962977766990662,1070.0531005859375,565.0834350585938,0.9945354461669922
18,True,0.0,0.0,0.19844742119312286,0.0,0.0,0.20934465527534485,0.0,0.0,0.030772091820836067,1012.66796875,200.5931396484375,0.970514714717865,0.0,0.0,0.4704227149486542,1000.943115234375,255.83724975585938,0.9992665648460388,1083.5343017578125,249.91307067871094,0.9974850416183472,973.1217651367188,325.4361877441406,0.9899193048477173,1096.4102783203125,321.3391418457031,0.9197045564651489,965.824951171875,370.789306640625,0.9117258191108704,1080.146728515625,378.3978271484375,0.6874914765357971,1012.6868286132812,387.7131042480469,0.9996541738510132,1068.088623046875,384.0932312011719,0.9993559718132019,1015.3262329101562,474.7251892089844,0.9989680051803589,1059.7994384765625,471.2716369628906,0.998056173324585,1027.0308837890625,555.7196044921875,0.9953847527503967,1062.210693359375,551.1978759765625,0.9929527640342712
19,True,0.0,0.0,0.2852514684200287,0.0,0.0,0.3082183599472046,0.0,0.0,0.045457035303115845,1005.903076171875,196.74586486816406,0.9625976085662842,0.0,0.0,0.3852020502090454,994.0265502929688,250.04966735839844,0.9983921647071838,1075.7052001953125,246.71632385253906,0.9937006235122681,964.4368896484375,316.64093017578125,0.9840449094772339,1090.9163818359375,315.35394287109375,0.8265746235847473,957.8660888671875,357.1525573730469,0.8919007182121277,1076.8328857421875,368.240234375,0.5556333065032959,1007.584716796875,380.02911376953125,0.9987561702728271,1060.7884521484375,378.41009521484375,0.9973529577255249,1013.1611938476562,466.6220397949219,0.9963763356208801,1047.2054443359375,465.5530090332031,0.9915676712989807,1028.1806640625,551.2146606445312,0.9844979643821716,1043.882080078125,548.1996459960938,0.9724839925765991
20,True,0.0,0.0,0.3327704668045044,0.0,0.0,0.34224018454551697,0.0,0.0,0.060624897480010986,1000.5263671875,191.98956298828125,0.9618300795555115,0.0,0.0,0.44865962862968445,987.6668701171875,246.0851593017578,0.9985589385032654,1068.5771484375,239.96131896972656,0.9949535727500916,960.4865112304688,312.79815673828125,0.9848010540008545,1085.2210693359375,305.5586242675781,0.8623279929161072,954.5960083007812,351.9414367675781,0.8984671831130981,1070.5679931640625,357.361083984375,0.6158087253570557,1003.5719604492188,368.6063232421875,0.9988849759101868,1055.619873046875,365.9765930175781,0.9977813363075256,1010.5301513671875,457.6042785644531,0.9967532753944397,1038.2633056640625,455.2775573730469,0.992958664894104,1026.43994140625,546.5797729492188,0.985478401184082,1030.89697265625,541.5859375,0.9754841923713684
21,True,0.0,0.0,0.3038369119167328,0.0,0.0,0.36248645186424255,0.0,0.0,0.049285415560007095,992.6742553710938,184.25047302246094,0.9755504131317139,0.0,0.0,0.3963790535926819,985.2605590820312,238.89163208007812,0.998856782913208,1057.333984375,232.34524536132812,0.9947618842124939,961.0,308.1947937011719,0.9879150390625,1075.0369873046875,301.7397766113281,0.8610608577728271,951.9066162109375,345.8721008300781,0.9038918614387512,1061.6126708984375,351.5621337890625,0.5988091230392456,1001.0245971679688,365.55609130859375,0.9988558292388916,1047.157470703125,361.4013366699219,0.9976208806037903,1007.1123046875,463.459716796875,0.9950374960899353,1025.05810546875,459.2392272949219,0.9893549680709839,1024.9454345703125,548.829833984375,0.9725052714347839,1019.1570434570312,542.6920776367188,0.954537570476532
22,True,0.0,0.0,0.3801723122596741,0.0,0.0,0.452839732170105,0.0,0.0,0.061294183135032654,993.409423828125,178.44375610351562,0.9729381799697876,0.0,0.0,0.34693557024002075,986.3507690429688,230.92352294921875,0.9986989498138428,1052.9388427734375,225.3984375,0.992404043674469,965.8017578125,301.6531066894531,0.9891912341117859,1071.074462890625,294.375,0.7857866287231445,950.5936889648438,344.7216796875,0.9209153652191162,1052.10693359375,346.77801513671875,0.5254138112068176,997.8551025390625,357.4679260253906,0.9987339377403259,1040.4713134765625,354.8577575683594,0.9967417120933533,1005.708251953125,457.7765808105469,0.9958546757698059,1024.77099609375,455.84490966796875,0.9881343841552734,1022.042236328125,545.3626708984375,0.9787306189537048,1019.7658081054688,541.0745849609375,0.956575334072113
23,True,0.0,0.0,0.34952348470687866,978.9633178710938,170.73971557617188,0.5099245309829712,0.0,0.0,0.04575253650546074,987.0653686523438,171.73439025878906,0.978615403175354,0.0,0.0,0.21978311240673065,984.3193359375,223.20648193359375,0.9979819059371948,1049.3785400390625,216.0978240966797,0.9801969528198242,968.581787109375,294.3034362792969,0.9845921397209167,0.0,0.0,0.49649566411972046,956.3952026367188,343.487060546875,0.889882504940033,0.0,0.0,0.27546221017837524,996.9365844726562,348.8392639160156,0.9977023005485535,1039.992919921875,345.03973388671875,0.992255449295044,995.6026611328125,437.7768249511719,0.9957700371742249,1019.2115478515625,434.6123046875,0.9835109710693359,1016.27880859375,520.5244750976562,0.9852920174598694,1022.2761840820312,514.8058471679688,0.9622365832328796
24,True,0.0,0.0,0.4241733253002167,972.1415405273438,167.4550323486328,0.6004195809364319,0.0,0.0,0.06206752732396126,984.5960083007812,166.05020141601562,0.9810219407081604,0.0,0.0,0.18479405343532562,983.9214477539062,214.11351013183594,0.9975898265838623,1041.615234375,208.81375122070312,0.97845458984375,968.219970703125,288.5243225097656,0.9774652719497681,0.0,0.0,0.49250251054763794,956.67919921875,340.9076232910156,0.8575910925865173,0.0,0.0,0.279975026845932,994.7190551757812,340.6487731933594,0.9969137907028198,1034.0928955078125,336.6175537109375,0.9909582138061523,988.51171875,424.5721740722656,0.9947834610939026,1015.5095825195312,421.2459716796875,0.9834808707237244,1007.6754150390625,499.9338684082031,0.9843769073486328,1020.8214111328125,495.2520446777344,0.9653053879737854
25,True,962.8546752929688,174.62557983398438,0.5907031297683716,966.4173583984375,165.3990478515625,0.7518523931503296,0.0,0.0,0.09697587788105011,979.1087036132812,162.83880615234375,0.984899640083313,0.0,0.0,0.173697367310524,981.8538208007812,211.92193603515625,0.9981403350830078,1038.4150390625,204.36968994140625,0.9818593859672546,971.8557739257812,284.7725524902344,0.9807286858558655,0.0,0.0,0.4477244019508362,955.4083251953125,341.8503723144531,0.8855547904968262,0.0,0.0,0.27209025621414185,989.8336181640625,337.7832946777344,0.9973467588424683,1029.0634765625,332.8510437011719,0.9913308620452881,978.2173461914062,422.31878662109375,0.9960379600524902,1010.0658569335938,418.6082458496094,0.9852803349494934,995.7192993164062,494.8136901855469,0.9892759323120117,1015.075927734375,490.7354736328125,0.9731591939926147
26,True,956.7704467773438,171.75750732421875,0.7760201692581177,961.8696899414062,162.8859100341797,0.8748899102210999,0.0,0.0,0.1830645650625229,978.249267578125,160.58189392089844,0.9876067042350769,0.0,0.0,0.15290531516075134,977.0982666015625,208.89491271972656,0.9982919096946716,1029.855712890625,200.55731201171875,0.9837939143180847,969.5286865234375,281.3215026855469,0.9801360368728638,0.0,0.0,0.45862680673599243,951.6019287109375,338.1337585449219,0.8983229398727417,0.0,0.0,0.311700701713562,982.658935546875,337.6940612792969,0.9971328973770142,1020.7636108398438,332.078125,0.99090975522995,968.4476318359375,418.2769775390625,0.9959697723388672,1013.1548461914062,413.3583068847656,0.9858496189117432,976.2643432617188,493.9925537109375,0.9893799424171448,1017.2396850585938,487.73126220703125,0.9744520783424377
27,True,944.86474609375,169.99571228027344,0.6971660852432251,948.7177734375,161.2943572998047,0.8337101340293884,0.0,0.0,0.12211877107620239,961.9611206054688,158.5919952392578,0.9860438108444214,0.0,0.0,0.124527707695961,966.0596923828125,202.75332641601562,0.998455286026001,1011.7657470703125,197.401611328125,0.9789289832115173,959.9096069335938,273.224853515625,0.9880898594856262,0.0,0.0,0.4352632164955139,936.8219604492188,332.29095458984375,0.933023989200592,0.0,0.0,0.31654781103134155,975.7128295898438,328.5068359375,0.9977421760559082,1010.62060546875,324.4303894042969,0.991373598575592,952.46875,408.86279296875,0.9966450333595276,1006.9296264648438,405.62530517578125,0.9854080080986023,951.3099975585938,487.2664489746094,0.989902138710022,1017.1416015625,482.9142150878906,0.9717611074447632
28,True,934.0038452148438,170.1291961669922,0.7504506707191467,938.6742553710938,161.44967651367188,0.8476371765136719,0.0,0.0,0.15309850871562958,955.938232421875,157.8764190673828,0.9797179698944092,0.0,0.0,0.10873599350452423,957.7056884765625,201.96749877929688,0.9971309900283813,1003.8779907226562,194.60989379882812,0.9722921252250671,950.2175903320312,275.4092102050781,0.9820272326469421,0.0,0.0,0.4325715899467468,926.016357421875,330.69921875,0.9232266545295715,0.0,0.0,0.33656045794487,966.3138427734375,328.5119323730469,0.9950132966041565,1001.3045654296875,322.84478759765625,0.9832724332809448,941.36572265625,412.1101989746094,0.9910707473754883,1004.5415649414062,406.92425537109375,0.9662896990776062,944.8544311523438,488.39129638671875,0.9711541533470154,1020.6771850585938,480.7268371582031,0.9282808899879456
29,True,920.3615112304688,165.5435028076172,0.5954157114028931,925.0889892578125,157.5556640625,0.7063191533088684,0.0,0.0,0.11038517206907272,942.2005004882812,156.76858520507812,0.9600038528442383,0.0,0.0,0.10784144699573517,944.7514038085938,199.6346435546875,0.9921765923500061,988.6228637695312,195.56263732910156,0.9539074897766113,940.430419921875,271.7091369628906,0.9533615112304688,0.0,0.0,0.43098917603492737,918.8252563476562,321.6064453125,0.8389767408370972,0.0,0.0,0.3181959390640259,949.8798217773438,323.0279846191406,0.9916507601737976,983.9784545898438,318.8907165527344,0.9790229201316833,933.8780517578125,406.636962890625,0.9897099137306213,995.661865234375,403.22491455078125,0.9727698564529419,937.1854858398438,482.6681213378906,0.9741277694702148,1015.26416015625,477.9197692871094,0.9494105577468872
30,True,896.760498046875,164.22308349609375,0.884314775466919,903.2069702148438,156.0083770751953,0.9440085291862488,0.0,0.0,0.2739267945289612,925.0874633789062,153.9418182373047,0.9857426881790161,0.0,0.0,0.057323675602674484,937.9337768554688,198.20242309570312,0.9968459010124207,951.1016845703125,191.34017944335938,0.9630091190338135,938.2106323242188,267.5101318359375,0.9844961166381836,0.0,0.0,0.4351712465286255,904.2719116210938,314.8371887207031,0.9468849301338196,0.0,0.0,0.41505375504493713,936.9966430664062,314.0562438964844,0.9937642812728882,950.2025756835938,307.8221740722656,0.9784318804740906,922.7131958007812,390.453369140625,0.9896492958068848,959.3263549804688,382.98797607421875,0.9619119167327881,947.3139038085938,461.87139892578125,0.9656293988227844,999.345703125,452.3489990234375,0.9160422086715698
31,True,886.4905395507812,162.51361083984375,0.860022246837616,893.0958862304688,154.31488037109375,0.9353709816932678,0.0,0.0,0.2503187656402588,915.4404296875,152.0127410888672,0.987251877784729,0.0,0.0,0.07215198874473572,918.786865234375,199.267333984375,0.997329592704773,946.8252563476562,186.45455932617188,0.966159462928772,903.7911987304688,268.3470458984375,0.986404538154602,0.0,0.0,0.4478110671043396,878.2576904296875,317.24102783203125,0.9450145959854126,0.0,0.0,0.3952617347240448,921.2305908203125,313.9082946777344,0.9922099113464355,941.7756958007812,305.64056396484375,0.9726200699806213,912.6514892578125,386.9553527832031,0.9795739650726318,941.9839477539062,376.82171630859375,0.9244661927223206,944.9609985351562,450.5804443359375,0.924431324005127,970.9526977539062,437.2300720214844,0.8231158256530762
32,True,881.6177368164062,161.96058654785156,0.906379759311676,888.8837280273438,153.11703491210938,0.9566431641578674,0.0,0.0,0.3607926368713379,913.0020141601562,149.8287353515625,0.983727216720581,0.0,0.0,0.06823769211769104,913.9736938476562,196.32943725585938,0.9971156120300293,935.3956298828125,185.3897705078125,0.9628942012786865,896.9688720703125,267.3316345214844,0.9863147735595703,0.0,0.0,0.43947771191596985,870.0729370117188,308.1390380859375,0.9495945572853088,0.0,0.0,0.41275081038475037,914.370361328125,311.9925842285156,0.990500807762146,929.5266723632812,304.3484802246094,0.9665773510932922,903.3953247070312,384.1690368652344,0.9721312522888184,925.4420166015625,374.12432861328125,0.8960921168327332,933.560302734375,453.1679992675781,0.9025649428367615,946.8040161132812,439.3651428222656,0.7741699814796448
33,True,867.47900390625,158.84385681152344,0.8739708065986633,874.4739990234375,149.09825134277344,0.9081161022186279,0.0,0.0,0.4980587363243103,897.2799682617188,145.71470642089844,0.9397491812705994,0.0,0.0,0.24281077086925507,905.0892333984375,191.01925659179688,0.9890077114105225,916.5404663085938,185.8765106201172,0.9127021431922913,893.486083984375,266.5565185546875,0.9571313261985779,906.983154296875,249.55453491210938,0.5019960999488831,857.1018676757812,311.7497863769531,0.8940491080284119,0.0,0.0,0.4514158368110657,902.8108520507812,318.32958984375,0.9711447954177856,912.0599365234375,314.1268005371094,0.9162872433662415,898.3388671875,408.3772888183594,0.9323229193687439,913.5133666992188,403.12335205078125,0.8169514536857605,908.9178466796875,487.7488708496094,0.7866975665092468,917.3457641601562,479.26007080078125,0.6471284031867981
34,True,861.1968994140625,161.53440856933594,0.8710697293281555,868.0639038085938,151.12857055664062,0.9095258712768555,861.3095092773438,152.8622589111328,0.5061089396476746,891.0516967773438,146.82505798339844,0.9302901029586792,0.0,0.0,0.2231835275888443,899.1575317382812,191.4455108642578,0.9877859354019165,904.5260620117188,187.66232299804688,0.8873233795166016,889.2676391601562,263.2464599609375,0.9547519087791443,0.0,0.0,0.44470879435539246,853.9202880859375,308.62261962890625,0.883989691734314,0.0,0.0,0.39884641766548157,898.4298706054688,317.90240478515625,0.9664926528930664,903.6607055664062,314.5445861816406,0.8977181911468506,893.8059692382812,408.2747802734375,0.916218101978302,908.9950561523438,403.8127746582031,0.7698220610618591,906.1954345703125,490.13433837890625,0.7421967387199402,915.1258544921875,482.88336181640625,0.5771700739860535
35,True,848.6146240234375,160.9144287109375,0.9513832926750183,856.9432983398438,151.72219848632812,0.9609233140945435,844.705810546875,152.56533813476562,0.6982853412628174,880.6126098632812,149.52809143066406,0.9381496906280518,0.0,0.0,0.15626803040504456,884.1817626953125,192.6850128173828,0.9895463585853577,872.9273071289062,189.14089965820312,0.9571089148521423,874.468017578125,261.89556884765625,0.9536099433898926,870.0785522460938,247.56625366210938,0.6040724515914917,849.1292724609375,317.0927429199219,0.8826479315757751,848.2926635742188,307.85205078125,0.5261343717575073,878.8612670898438,321.75634765625,0.9230950474739075,871.146484375,317.4316711425781,0.8511316776275635,0.0,0.0,0.44227123260498047,0.0,0.0,0.2566409409046173,0.0,0.0,0.11300046741962433,0.0,0.0,0.06648419052362442
36,True,840.7972412109375,159.7990264892578,0.9640098214149475,849.0712280273438,150.25863647460938,0.9790291786193848,834.3790893554688,151.79745483398438,0.684118390083313,872.811279296875,148.5735321044922,0.9689278602600098,0.0,0.0,0.11586233228445053,878.6634521484375,194.28842163085938,0.9941457509994507,868.954833984375,190.9591827392578,0.9527938961982727,866.6038208007812,263.03485107421875,0.979047954082489,0.0,0.0,0.48669618368148804,839.2289428710938,315.682861328125,0.9511842727661133,830.843505859375,307.51629638671875,0.5218848586082458,873.1492309570312,320.5450744628906,0.9784768223762512,868.7125854492188,315.32415771484375,0.9376847147941589,828.9882202148438,388.2582092285156,0.946774423122406,850.1212158203125,381.838623046875,0.8276891708374023,827.7680053710938,463.2547302246094,0.8159337043762207,861.6215209960938,453.395263671875,0.6364933252334595
37,True,825.9283447265625,161.35098266601562,0.9711280465126038,834.7383422851562,152.14439392089844,0.9817801117897034,819.0242309570312,153.58168029785156,0.797751247882843,855.9381103515625,151.3813018798828,0.9603734016418457,0.0,0.0,0.16558076441287994,866.9359130859375,197.4580535888672,0.9940755367279053,827.8837890625,196.12115478515625,0.9605312943458557,860.4129638671875,267.1977233886719,0.9746107459068298,822.2977905273438,253.57003784179688,0.5557958483695984,827.9656372070312,317.8218688964844,0.939302921295166,806.729736328125,303.356689453125,0.5535581707954407,851.6270141601562,316.7491149902344,0.9785086512565613,823.9389038085938,313.0470275878906,0.9446077346801758,846.7437744140625,392.76885986328125,0.9382089376449585,809.0870971679688,388.0382385253906,0.8341721892356873,853.3916625976562,471.1366271972656,0.7884074449539185,805.9080200195312,463.2388000488281,0.6282513737678528
38,True,816.4722290039062,161.64395141601562,0.9742975234985352,824.7949829101562,152.0457763671875,0.979789137840271,809.552001953125,153.34661865234375,0.8335055112838745,844.7096557617188,149.34120178222656,0.9526647925376892,0.0,0.0,0.22570881247520447,858.015380859375,194.84829711914062,0.9962666630744934,812.8720703125,192.40013122558594,0.979607105255127,853.1109619140625,267.6183166503906,0.98170405626297,805.2626953125,252.41226196289062,0.7268307209014893,822.321044921875,317.211181640625,0.9556586146354675,796.9105224609375,303.9011535644531,0.7020809650421143,838.1300048828125,315.8072814941406,0.9882726073265076,807.835693359375,311.6043395996094,0.9725783467292786,831.1535034179688,393.7229309082031,0.9565615057945251,801.4103393554688,387.85968017578125,0.8936690092086792,835.2330322265625,470.40399169921875,0.8269930481910706,806.9989624023438,461.6007385253906,0.7049456834793091
39,True,801.9746704101562,163.36839294433594,0.9754242897033691,810.2193603515625,154.0283660888672,0.9795870184898376,795.5911254882812,154.7230224609375,0.8447538018226624,829.6563720703125,151.01039123535156,0.9480868577957153,0.0,0.0,0.24748392403125763,844.8938598632812,196.09471130371094,0.9963809847831726,795.6665649414062,192.7994384765625,0.9832194447517395,844.7941284179688,267.67425537109375,0.9803345203399658,786.5281372070312,253.8391571044922,0.7504656910896301,813.2286987304688,319.9944763183594,0.9549971222877502,779.7019653320312,310.27099609375,0.7212311029434204,825.747314453125,319.3056335449219,0.9909837245941162,793.9340209960938,315.2139587402344,0.9797836542129517,815.3623046875,396.7001037597656,0.972337543964386,790.281005859375,391.04388427734375,0.9334288835525513,820.5316772460938,468.50750732421875,0.8944071531295776,804.6589965820312,460.647216796875,0.815643846988678
40,True,790.2918090820312,161.06739807128906,0.9800189137458801,798.8369750976562,151.98672485351562,0.9781234860420227,783.6405639648438,152.827392578125,0.886029064655304,818.0874633789062,151.1170196533203,0.9388601183891296,0.0,0.0,0.3441849648952484,834.179443359375,196.70603942871094,0.9977165460586548,780.4391479492188,194.57936096191406,0.9933868050575256,836.9378051757812,266.0626220703125,0.9851515889167786,768.2743530273438,253.17361450195312,0.9061658978462219,804.8018188476562,317.5645751953125,0.9671167135238647,757.5006713867188,308.8252258300781,0.8743594288825989,818.4631958007812,315.7115783691406,0.9963862895965576,784.176513671875,312.293212890625,0.9936920404434204,807.5013427734375,393.7180480957031,0.9881945848464966,784.6083984375,388.37896728515625,0.9782605767250061,813.9501953125,464.2347106933594,0.9484472274780273,804.781005859375,457.0924072265625,0.9222739338874817
41,True,773.9861450195312,166.8089599609375,0.9824833869934082,782.6041870117188,157.61984252929688,0.9800497889518738,767.4251708984375,158.5763397216797,0.9021570682525635,802.8431396484375,155.6832275390625,0.9336256980895996,0.0,0.0,0.3602815270423889,821.1061401367188,198.8031463623047,0.9979501366615295,761.059326171875,200.0841064453125,0.9939992427825928,829.015869140625,267.518310546875,0.9877908229827881,746.7808227539062,263.3955078125,0.9237565994262695,804.908935546875,322.1317138671875,0.9738770723342896,743.0385131835938,319.8987121582031,0.9006617069244385,807.891357421875,324.9583740234375,0.9975740313529968,770.1216430664062,323.72039794921875,0.9957804679870605,800.2139892578125,410.5459899902344,0.9931017160415649,777.9776611328125,408.2230529785156,0.9875062704086304,795.8228759765625,491.2674865722656,0.967184841632843,789.7234497070312,487.6933898925781,0.950635552406311
42,True,769.8268432617188,168.170166015625,0.9804950952529907,779.2959594726562,159.91644287109375,0.9736783504486084,763.6865844726562,159.50308227539062,0.9083380103111267,799.1506958007812,160.4958953857422,0.8871797323226929,0.0,0.0,0.3971862494945526,814.9854125976562,202.9016571044922,0.9954659938812256,750.0926513671875,199.8202667236328,0.9912983179092407,828.3587646484375,267.1691589355469,0.9764775633811951,729.3605346679688,258.97406005859375,0.9201277494430542,806.7726440429688,322.1357421875,0.9591647982597351,727.5360107421875,313.3299865722656,0.8976301550865173,800.95556640625,326.021484375,0.9948192238807678,760.2823486328125,322.94146728515625,0.9925305247306824,790.769775390625,415.5611572265625,0.9856553077697754,771.6852416992188,411.73529052734375,0.9789334535598755,777.6292114257812,501.5533752441406,0.9365305304527283,782.2540893554688,496.5865478515625,0.9192748069763184
43,True,764.2723388671875,175.2461700439453,0.9833157658576965,773.5279541015625,166.2022705078125,0.9770199060440063,757.2581176757812,165.8840789794922,0.925521731376648,792.3104248046875,166.1288604736328,0.9022812247276306,0.0,0.0,0.4697970747947693,808.8580322265625,212.10997009277344,0.9969508647918701,741.5599975585938,208.8189239501953,0.9941350817680359,819.8840942382812,280.6003112792969,0.9720942974090576,727.0487670898438,272.5307312011719,0.9067851901054382,791.6499633789062,333.3179626464844,0.9441646337509155,728.0802612304688,331.92950439453125,0.8627757430076599,794.2603149414062,339.2823486328125,0.9957661628723145,751.5406494140625,336.3673400878906,0.9938451647758484,789.7494506835938,433.0860900878906,0.9864403605461121,764.508544921875,428.8385009765625,0.980128824710846,775.3304443359375,523.1314697265625,0.9468381404876709,772.0415649414062,516.7667236328125,0.93205326795578
44,True,762.6719970703125,174.56072998046875,0.9820311069488525,771.8544311523438,166.10256958007812,0.9769569635391235,754.9703979492188,165.59751892089844,0.9186842441558838,789.2858276367188,167.9154510498047,0.9044119715690613,0.0,0.0,0.45133131742477417,805.1074829101562,215.05059814453125,0.996996283531189,736.2808837890625,211.6300506591797,0.9925273656845093,815.9334106445312,283.9036560058594,0.9801210165023804,721.1285400390625,275.9543151855469,0.8975001573562622,788.8143920898438,342.32781982421875,0.9597821235656738,725.767333984375,338.38018798828125,0.8637403249740601,788.1339721679688,343.33056640625,0.9957464337348938,744.72607421875,340.5408630371094,0.9928909540176392,785.9747924804688,434.3724365234375,0.9868115782737732,763.9639282226562,430.5999755859375,0.9775213003158569,769.5686645507812,519.887451171875,0.9413220882415771,771.8859252929688,513.723876953125,0.9169028997421265
45,True,759.400634765625,180.35023498535156,0.9829917550086975,768.4866943359375,171.20242309570312,0.9767851233482361,751.6362915039062,170.648681640625,0.9299933314323425,785.1646728515625,171.78863525390625,0.8980745077133179,741.058837890625,170.95413208007812,0.5161063075065613,801.5518798828125,221.09239196777344,0.9977974891662598,730.132568359375,216.67984008789062,0.9949676394462585,813.156982421875,291.0986022949219,0.9814282655715942,716.620361328125,280.43896484375,0.9167565107345581,784.8700561523438,345.36468505859375,0.9598926305770874,721.9688110351562,340.5098876953125,0.8774775266647339,783.09912109375,348.23687744140625,0.9971736669540405,737.198486328125,345.21728515625,0.9954657554626465,780.9095458984375,439.8787536621094,0.9909597635269165,746.9509887695312,435.5775146484375,0.9849927425384521,769.53662109375,521.472900390625,0.9637726545333862,754.922119140625,514.9522094726562,0.9490622878074646
46,True,754.0510864257812,183.17555236816406,0.9809175729751587,762.8688354492188,174.33302307128906,0.978141725063324,746.3444213867188,174.1035919189453,0.9156880378723145,778.8353271484375,174.72463989257812,0.9127839803695679,0.0,0.0,0.4630201458930969,796.5993041992188,222.72372436523438,0.9984357953071594,725.6420288085938,219.9269256591797,0.9933458566665649,810.8256225585938,292.3327941894531,0.9916002750396729,710.4752197265625,283.1233215332031,0.8987920880317688,786.5886840820312,352.3418884277344,0.979312539100647,708.1506958007812,348.28857421875,0.8720466494560242,777.0538940429688,350.5283508300781,0.9981905817985535,731.5968017578125,348.38739013671875,0.9960755705833435,773.5966796875,436.12701416015625,0.9950904846191406,741.64306640625,432.9838562011719,0.9883174300193787,777.2965087890625,513.9860229492188,0.9786189198493958,761.22998046875,508.1677551269531,0.9600054025650024
47,True,750.9331665039062,182.53651428222656,0.9828831553459167,759.9376831054688,173.53857421875,0.9764410257339478,742.8407592773438,173.55026245117188,0.9330063462257385,776.1663818359375,175.23797607421875,0.8952503800392151,731.8856201171875,175.8329315185547,0.5466650128364563,794.3526000976562,225.3321075439453,0.9985159039497375,721.3529663085938,223.5,0.9955551028251648,808.6104736328125,296.3606872558594,0.9907055497169495,704.5863647460938,288.6968994140625,0.9375205636024475,785.641845703125,356.0030822753906,0.9779866337776184,701.6279296875,352.87335205078125,0.9107146263122559,775.699462890625,353.8508605957031,0.9984591007232666,728.9131469726562,352.26409912109375,0.9972233772277832,772.2374267578125,440.94415283203125,0.9953963160514832,739.1408081054688,438.437255859375,0.9910621643066406,776.9132690429688,517.4174194335938,0.9791685938835144,760.1255493164062,512.8218383789062,0.9661763906478882
48,True,747.4013671875,186.7898712158203,0.983062744140625,755.8040771484375,177.57760620117188,0.9705398678779602,738.0796508789062,177.8821563720703,0.9497223496437073,770.2802734375,178.44842529296875,0.8391990065574646,724.5538330078125,179.64891052246094,0.6800390481948853,789.544189453125,227.0301971435547,0.9985766410827637,712.171875,226.86480712890625,0.9969612956047058,807.1762084960938,297.2505187988281,0.9898412823677063,694.416748046875,294.9499206542969,0.9609065055847168,789.2400512695312,359.67218017578125,0.9769550561904907,696.2470092773438,363.14093017578125,0.937170147895813,774.4890747070312,357.46490478515625,0.9989321827888489,724.3467407226562,357.01513671875,0.9983674883842468,774.5277709960938,448.8853759765625,0.996971845626831,732.3609008789062,447.7647399902344,0.9950816631317139,772.5505981445312,527.8941040039062,0.9868282079696655,743.8469848632812,524.7219848632812,0.9810530543327332
49,True,742.7684936523438,189.78782653808594,0.9826640486717224,750.2090454101562,180.48129272460938,0.9678387641906738,732.6538696289062,181.75123596191406,0.9559868574142456,763.5888061523438,181.33348083496094,0.8081180453300476,718.40576171875,184.98570251464844,0.7275006175041199,785.4581909179688,229.12779235839844,0.9982448816299438,706.5972290039062,232.91885375976562,0.996866762638092,805.4083251953125,298.0906677246094,0.9861094355583191,687.514404296875,302.71539306640625,0.9610130786895752,790.6329345703125,365.01959228515625,0.9688979387283325,690.4663696289062,373.06256103515625,0.9328033328056335,773.0263061523438,361.9131164550781,0.9985998272895813,721.7813110351562,363.2038879394531,0.9980533123016357,775.9725952148438,454.20465087890625,0.9957094192504883,728.7779541015625,455.15692138671875,0.9937451481819153,770.6787109375,533.1557006835938,0.9821803569793701,734.7608642578125,532.541259765625,0.9762547016143799
50,True,733.6184692382812,192.58914184570312,0.9832062721252441,741.9190063476562,183.45094299316406,0.9742516875267029,725.07666015625,184.5966033935547,0.9446979761123657,759.4172973632812,184.7498016357422,0.8634339570999146,714.7311401367188,187.9058074951172,0.6052817106246948,783.3385620117188,232.44895935058594,0.9982587695121765,703.3455200195312,237.67054748535156,0.9961124062538147,802.3903198242188,301.20501708984375,0.9868292212486267,683.6576538085938,310.7502136230469,0.9473920464515686,789.7313232421875,366.99676513671875,0.9690278768539429,687.6881713867188,380.5584411621094,0.9137716889381409,771.09619140625,369.1175537109375,0.9983770847320557,718.6886596679688,370.9529113769531,0.9975165128707886,777.6504516601562,463.51885986328125,0.9945111274719238,725.562255859375,465.4536437988281,0.9912482500076294,772.8323974609375,541.6046142578125,0.9764226675033569,728.24267578125,542.5443725585938,0.96668940782547
51,True,727.5798950195312,202.91542053222656,0.985360324382782,735.7884521484375,193.0774383544922,0.9725675582885742,717.677490234375,194.01974487304688,0.9616071581840515,749.753173828125,194.8457489013672,0.8279635310173035,703.3800048828125,197.67202758789062,0.7415931820869446,770.2827758789062,245.7360076904297,0.9986811280250549,687.5511474609375,252.9792938232422,0.9978731870651245,791.5301513671875,314.6881103515625,0.9874332547187805,670.6846923828125,329.669921875,0.9692599773406982,782.6859741210938,380.26715087890625,0.9713534116744995,680.521484375,396.457763671875,0.9422955513000488,758.7234497070312,382.9419250488281,0.9990184307098389,705.15478515625,386.82861328125,0.9986677169799805,768.2045288085938,475.9503479003906,0.9969071745872498,716.6187744140625,480.11334228515625,0.9957298636436462,763.1717529296875,551.9623413085938,0.9870285987854004,722.3567504882812,556.3898315429688,0.983649730682373
52,True,722.8585815429688,207.9111328125,0.9849647879600525,730.8087158203125,197.45594787597656,0.9674248099327087,711.7915649414062,199.1417236328125,0.9663859605789185,743.6820678710938,199.1337890625,0.7711695432662964,695.5763549804688,203.8775177001953,0.784504234790802,763.771728515625,250.46324157714844,0.9982280135154724,680.4361572265625,261.8156433105469,0.9976287484169006,784.3368530273438,319.50604248046875,0.9844359159469604,665.3875122070312,341.6058654785156,0.9727849960327148,776.6116943359375,387.14788818359375,0.9686580896377563,677.7998657226562,405.23236083984375,0.9505261182785034,752.1320190429688,392.37689208984375,0.9987706542015076,697.6885375976562,398.09747314453125,0.9984865188598633,764.5208740234375,489.9304504394531,0.9962921142578125,713.4930419921875,496.61163330078125,0.9954313039779663,758.4508666992188,562.6405639648438,0.9834413528442383,716.5897216796875,570.6024780273438,0.980722188949585
53,True,709.35302734375,209.5723114013672,0.9836382865905762,717.333251953125,199.15769958496094,0.9608644247055054,697.7646484375,201.04833984375,0.9670698046684265,729.8555908203125,203.12673950195312,0.7251230478286743,680.7625732421875,208.3682098388672,0.8087505102157593,750.6333618164062,258.18731689453125,0.9981728792190552,666.0604248046875,269.5210266113281,0.997846245765686,771.0577392578125,326.5562438964844,0.9835609197616577,651.208251953125,347.9149475097656,0.9767970442771912,766.137451171875,395.5322570800781,0.9673474431037903,662.0692749023438,413.7228698730469,0.9560326337814331,742.7138061523438,401.7791748046875,0.9988676309585571,686.6763305664062,407.7972412109375,0.998689591884613,758.9463500976562,491.8189392089844,0.9967603087425232,700.8463745117188,498.5848388671875,0.9962601661682129,762.2669067382812,556.5904541015625,0.9869073629379272,709.12353515625,564.19921875,0.9853559136390686
54,True,701.2034912109375,215.52236938476562,0.9850254654884338,709.6112670898438,204.85308837890625,0.9635310173034668,689.7496337890625,206.51458740234375,0.9677489995956421,723.4202270507812,207.31434631347656,0.7405959963798523,673.0278930664062,211.83055114746094,0.8063846230506897,745.3421630859375,261.6200256347656,0.9985954165458679,657.4506225585938,271.74920654296875,0.9982403516769409,767.3099365234375,332.5750732421875,0.9879180788993835,641.6867065429688,352.748291015625,0.9811785817146301,761.9933471679688,401.4590148925781,0.9753348231315613,656.49169921875,420.66943359375,0.964351236820221,737.0722045898438,408.806396484375,0.9991652965545654,678.9697265625,414.5308532714844,0.9990050196647644,755.9351806640625,497.4717712402344,0.9974282383918762,696.164306640625,503.79931640625,0.9969508647918701,759.83740234375,560.298583984375,0.988856852054596,707.8967895507812,567.2619018554688,0.9872815012931824
55,True,692.3300170898438,222.3613739013672,0.9853797554969788,699.3563842773438,212.10877990722656,0.9371723532676697,679.9957275390625,214.4982147216797,0.96125727891922,711.8876953125,213.0267333984375,0.6571411490440369,660.5818481445312,218.37611389160156,0.847829282283783,734.059326171875,268.7554931640625,0.9967659711837769,640.8817138671875,278.829345703125,0.9980934262275696,759.0529174804688,341.1716613769531,0.9822232723236084,638.6389770507812,360.37518310546875,0.9897017478942871,756.8861083984375,409.0804138183594,0.9719431400299072,644.49560546875,434.42132568359375,0.9825311303138733,735.550537109375,410.77899169921875,0.9980699419975281,675.6758422851562,418.76513671875,0.9981495141983032,751.6755981445312,499.6168212890625,0.9936894178390503,691.1262817382812,515.9645385742188,0.9938588738441467,746.8549194335938,567.9148559570312,0.9676264524459839,713.2527465820312,589.168212890625,0.9683117866516113
56,True,688.659912109375,227.49197387695312,0.9858341813087463,695.15673828125,216.7371368408203,0.9391279220581055,675.6785888671875,219.0420684814453,0.96165931224823,706.7653198242188,216.6778564453125,0.6557436585426331,654.6256713867188,222.36549377441406,0.8433119058609009,730.4869995117188,271.8896789550781,0.9967825412750244,637.25244140625,282.80682373046875,0.9981158971786499,757.59814453125,344.1368408203125,0.9815183877944946,633.3243408203125,366.98583984375,0.9893952012062073,754.978271484375,414.2875671386719,0.9706025123596191,642.327392578125,441.38653564453125,0.9819693565368652,734.0253295898438,415.89898681640625,0.9983744621276855,674.34619140625,423.65606689453125,0.9984506368637085,753.2625732421875,509.3176574707031,0.9954332113265991,693.4004516601562,521.405517578125,0.9955763816833496,753.25439453125,585.92138671875,0.9773463606834412,716.7850341796875,597.799072265625,0.977990984916687
57,True,686.5497436523438,230.6544952392578,0.9868257641792297,693.0325317382812,219.9014434814453,0.943299412727356,673.6211547851562,221.8354949951172,0.9600372910499573,705.098876953125,219.706787109375,0.6796071529388428,653.1354370117188,224.94989013671875,0.8320913314819336,730.9291381835938,275.63275146484375,0.9975605010986328,639.0706176757812,285.1972961425781,0.9983349442481995,758.24853515625,349.1472473144531,0.9872273206710815,631.8211669921875,371.9518737792969,0.9909483790397644,757.7872924804688,421.9541015625,0.9792137742042542,643.944091796875,448.0107727050781,0.9851291179656982,733.2529907226562,422.11614990234375,0.9988597631454468,673.9382934570312,427.9969787597656,0.9988143444061279,754.27685546875,518.9271850585938,0.9965289235115051,691.5208740234375,523.54638671875,0.9963521957397461,764.5670166015625,600.1228637695312,0.9804304242134094,717.1155395507812,598.288818359375,0.980036199092865
58,True,688.5361938476562,237.805908203125,0.9840096235275269,695.0006103515625,226.60968017578125,0.9396791458129883,674.1784057617188,229.4853515625,0.9501845240592957,707.215576171875,224.08328247070312,0.6532242894172668,651.0902099609375,231.9117889404297,0.779644250869751,735.315185546875,279.04412841796875,0.9967060685157776,644.705810546875,290.54901123046875,0.9967910647392273,762.1160888671875,347.2679443359375,0.9855232238769531,635.81396484375,378.8963928222656,0.9834690093994141,768.0328369140625,423.90081787109375,0.9775955677032471,648.847900390625,456.0484313964844,0.9778788089752197,736.2789916992188,430.1413879394531,0.9984715580940247,676.912841796875,434.9771423339844,0.9980985522270203,767.9804077148438,534.2247314453125,0.9964467883110046,695.4635620117188,529.8955078125,0.9955353736877441,795.0526123046875,630.047119140625,0.9834181666374207,722.9287719726562,609.39794921875,0.9809742569923401
59,True,690.0023193359375,238.1753692626953,0.9852290749549866,696.4652709960938,227.66310119628906,0.9433101415634155,675.9287109375,230.027587890625,0.9518325924873352,708.9699096679688,226.9464111328125,0.6731212735176086,653.7577514648438,233.7213592529297,0.7871898412704468,739.010009765625,282.97320556640625,0.9972700476646423,648.0479736328125,292.92034912109375,0.9973862767219543,766.748291015625,353.0906982421875,0.9879955649375916,640.31689453125,382.3944396972656,0.9864124059677124,772.0258178710938,429.1961364746094,0.9806042909622192,650.9776611328125,460.3583679199219,0.9809860587120056,743.1096801757812,434.64605712890625,0.9988430738449097,682.48583984375,438.5872497558594,0.9985632300376892,777.0033569335938,543.8883666992188,0.9970878958702087,698.3092041015625,537.4638671875,0.9963571429252625,806.4193725585938,639.1990966796875,0.985185444355011,722.9638061523438,616.3425903320312,0.983141303062439
60,True,700.5767211914062,244.65574645996094,0.9860389232635498,706.5470581054688,233.7014923095703,0.9520771503448486,686.138671875,237.2211456298828,0.9475598335266113,720.6836547851562,232.66879272460938,0.7267463803291321,666.202880859375,242.40545654296875,0.750754714012146,754.084228515625,290.90423583984375,0.9975346326828003,665.78076171875,300.0413818359375,0.9972198009490967,779.4627685546875,365.2912292480469,0.9896950721740723,651.8197021484375,387.752197265625,0.985034167766571,785.4757690429688,443.4639587402344,0.9827573299407959,658.6014404296875,465.5142822265625,0.9793283343315125,753.7532958984375,444.92706298828125,0.9989435076713562,693.1771240234375,447.1774597167969,0.9985723495483398,789.3983154296875,554.6777954101562,0.9971479773521423,701.3056640625,543.5068359375,0.9961183071136475,827.0798950195312,651.051513671875,0.9845873117446899,720.7614135742188,619.197021484375,0.9816634654998779
61,True,709.772216796875,251.3851776123047,0.9893423318862915,715.2965087890625,239.16416931152344,0.9612664580345154,694.9087524414062,243.29058837890625,0.9597399234771729,729.88916015625,237.7738494873047,0.7451836466789246,673.560791015625,248.36741638183594,0.7828547358512878,762.517578125,293.9732971191406,0.9981619715690613,674.22412109375,306.0287780761719,0.9972707629203796,790.2437133789062,369.2591247558594,0.9911415576934814,657.0321655273438,396.3633728027344,0.9834822416305542,790.2521362304688,447.44818115234375,0.9829887747764587,664.7018432617188,467.7308349609375,0.975753128528595,761.2347412109375,449.88409423828125,0.9990410208702087,699.3609008789062,453.5793762207031,0.9985975623130798,797.596435546875,556.29248046875,0.9973189234733582,709.2005615234375,546.6119995117188,0.9960158467292786,829.3654174804688,649.9544067382812,0.9838354587554932,721.8239135742188,615.6465454101562,0.9792848825454712
62,True,728.2510986328125,257.75665283203125,0.9891064763069153,736.554931640625,245.59620666503906,0.976700484752655,714.8397216796875,247.73159790039062,0.9458537101745605,757.6976928710938,244.18991088867188,0.8694948554039001,698.8773193359375,250.45492553710938,0.6374382376670837,792.5203857421875,304.0776672363281,0.9980493783950806,698.31884765625,311.0994873046875,0.9948287606239319,819.8333740234375,384.5252380371094,0.9902207851409912,680.294677734375,400.58294677734375,0.9576604962348938,811.8065185546875,463.6208801269531,0.9787647724151611,679.4371948242188,471.9117126464844,0.9410144090652466,785.7625122070312,465.1687316894531,0.9987786412239075,720.2498168945312,465.4366149902344,0.9976516366004944,811.4649047851562,572.0634765625,0.997153639793396,717.0358276367188,558.7809448242188,0.994398295879364,833.656494140625,656.4368286132812,0.9854259490966797,727.2744750976562,620.9464111328125,0.9780181050300598
63,True,739.2874755859375,257.9449157714844,0.989591658115387,746.8822631835938,245.61178588867188,0.9779585599899292,725.22802734375,248.55056762695312,0.9488915205001831,767.5758056640625,244.00254821777344,0.8743495941162109,708.9458618164062,252.29905700683594,0.652205765247345,805.5656127929688,305.32342529296875,0.9981512427330017,712.4339599609375,311.6241149902344,0.9951823353767395,829.2883911132812,387.3896484375,0.990124523639679,694.90771484375,399.70147705078125,0.9588502645492554,822.26513671875,467.8821716308594,0.9779230356216431,691.2738037109375,471.53009033203125,0.9404917359352112,796.6353149414062,467.96661376953125,0.9988915324211121,731.56787109375,466.4627685546875,0.9978965520858765,818.4807739257812,573.54931640625,0.9975587129592896,723.0135498046875,555.2434692382812,0.9952433705329895,832.8243408203125,661.94677734375,0.9879785776138306,727.2021484375,617.4156494140625,0.9820218086242676
64,True,760.8861694335938,260.04107666015625,0.988784909248352,769.2200927734375,247.20973205566406,0.9741178154945374,747.8018798828125,250.26905822753906,0.94582200050354,790.9956665039062,245.4705047607422,0.8698564767837524,733.785400390625,253.3143768310547,0.6627343893051147,828.0919189453125,308.9022521972656,0.9983370304107666,730.5067138671875,314.54052734375,0.9968094229698181,854.493408203125,391.2063903808594,0.9910241365432739,710.944091796875,400.48150634765625,0.9740070104598999,852.4686279296875,471.2728576660156,0.9808452129364014,710.4546508789062,476.9637451171875,0.9595664739608765,813.5388793945312,470.63470458984375,0.9992114305496216,748.49951171875,469.9425048828125,0.998683512210846,829.2339477539062,578.164794921875,0.9981745481491089,747.5651245117188,565.4454956054688,0.9969035983085632,832.9486694335938,659.738525390625,0.9903644919395447,759.1234130859375,627.5865478515625,0.9868829846382141
65,True,767.2702026367188,265.0491027832031,0.9880490899085999,776.4208984375,252.12286376953125,0.9747092723846436,754.8255615234375,254.5818328857422,0.9401535987854004,799.3749389648438,249.07859802246094,0.8808762431144714,741.816162109375,255.21873474121094,0.6291858553886414,835.6367797851562,312.2225646972656,0.9982099533081055,735.6227416992188,315.1510925292969,0.9962934851646423,864.6611938476562,398.5527648925781,0.9903361797332764,718.9707641601562,400.2171325683594,0.9685189723968506,862.1453857421875,478.14239501953125,0.979449987411499,719.5341796875,478.1231689453125,0.9521764516830444,820.9140625,471.666259765625,0.9990836381912231,755.4502563476562,470.8072814941406,0.9984134435653687,833.03564453125,578.6583251953125,0.9979426264762878,755.7548217773438,569.1953735351562,0.9963892698287964,835.898681640625,658.0953369140625,0.9894350171089172,774.5886840820312,634.7911376953125,0.9853154420852661
66,True,776.8381958007812,267.4044189453125,0.9848176836967468,788.0131225585938,256.22003173828125,0.9672836661338806,766.14111328125,257.34954833984375,0.9322769045829773,813.006103515625,253.2403564453125,0.8540430665016174,754.702880859375,255.01393127441406,0.6220846176147461,844.22998046875,317.50177001953125,0.9976663589477539,739.3635864257812,317.7371520996094,0.9956336617469788,875.1976318359375,406.43719482421875,0.9885037541389465,726.452880859375,404.2218933105469,0.9664311408996582,878.148193359375,487.348388671875,0.9781104922294617,725.6699829101562,489.2322692871094,0.9530954957008362,832.4464111328125,477.2104187011719,0.9987149238586426,766.8094482421875,478.1435241699219,0.9978481531143188,838.2996826171875,582.1906127929688,0.9974386692047119,773.1890869140625,584.2172241210938,0.9956719875335693,833.102294921875,663.4462280273438,0.9883776307106018,799.10986328125,665.6831665039062,0.9841060042381287
67,True,781.21142578125,269.2731628417969,0.9848693609237671,792.1646118164062,258.34588623046875,0.9662293195724487,770.4266967773438,259.3172607421875,0.9345889687538147,816.215576171875,255.79876708984375,0.8466370105743408,758.2780151367188,257.2195739746094,0.6421666741371155,847.3876342773438,320.7150573730469,0.997666597366333,741.9995727539062,319.576416015625,0.9957184195518494,877.013671875,410.38897705078125,0.9882281422615051,728.6110229492188,406.5919189453125,0.9670119285583496,881.7266845703125,490.31536865234375,0.9774651527404785,728.7517700195312,493.261962890625,0.9534099698066711,834.5593872070312,480.99090576171875,0.9986228942871094,768.9456176757812,481.3633117675781,0.9977194666862488,841.4456787109375,585.2384643554688,0.9971501231193542,779.06103515625,585.6454467773438,0.9952516555786133,832.9597778320312,667.3363037109375,0.9869410395622253,805.7845458984375,667.7188110351562,0.9822748899459839
68,True,785.5638427734375,270.4085693359375,0.9856955409049988,796.2755737304688,259.31597900390625,0.9667773246765137,773.9801025390625,260.4090576171875,0.9399019479751587,819.374267578125,256.53094482421875,0.8394148349761963,760.0709838867188,258.4324951171875,0.6666061878204346,848.8909301757812,320.976806640625,0.997717022895813,744.167724609375,321.1568603515625,0.9959303736686707,877.6736450195312,408.73388671875,0.988249659538269,731.3291015625,407.8222961425781,0.968241810798645,882.7730712890625,491.0091247558594,0.9773714542388916,731.2582397460938,494.7420349121094,0.9547598361968994,837.8045654296875,482.7488098144531,0.998659610748291,772.5230712890625,483.92449951171875,0.9978037476539612,843.9299926757812,587.6135864257812,0.9972032308578491,782.3250732421875,589.5382080078125,0.9953787326812744,833.1004638671875,668.2415771484375,0.9871614575386047,805.646484375,669.6276245117188,0.9826107621192932
69,True,788.0398559570312,275.0624084472656,0.9858389496803284,798.3018188476562,263.6968688964844,0.9655337929725647,776.1240844726562,265.2989196777344,0.9420515298843384,820.7672119140625,259.0492858886719,0.8296898007392883,761.71728515625,262.2397155761719,0.6803827881813049,850.2022705078125,321.5892028808594,0.9976919889450073,747.0631103515625,322.53369140625,0.9962249994277954,876.62255859375,409.621337890625,0.9882027506828308,733.9810180664062,408.0829772949219,0.9716541767120361,881.734130859375,490.81982421875,0.9777491688728333,732.8289184570312,491.6019287109375,0.9592059254646301,838.681884765625,482.9504089355469,0.9986836314201355,774.163330078125,484.2626953125,0.9979315996170044,843.3900146484375,587.147216796875,0.9972060322761536,781.2089233398438,589.3618774414062,0.9955612421035767,832.67431640625,668.414794921875,0.9870327711105347,803.763671875,669.2764892578125,0.9828650951385498
70,True,788.5213623046875,272.6455993652344,0.9857664108276367,799.1358032226562,261.4147033691406,0.968034565448761,776.7925415039062,262.7738342285156,0.9396221041679382,822.24462890625,258.6034240722656,0.8443270325660706,762.86181640625,261.1868896484375,0.6575909852981567,850.6815185546875,322.9199523925781,0.9975912570953369,747.5197143554688,323.5923156738281,0.9955684542655945,876.3257446289062,410.6044921875,0.9876559972763062,735.2551879882812,409.2587890625,0.9649410843849182,875.2875366210938,490.8499450683594,0.9763572812080383,736.2035522460938,493.18304443359375,0.9507859945297241,837.9126586914062,485.1083984375,0.9985326528549194,773.1622924804688,486.40277099609375,0.997559666633606,843.4957275390625,589.2379760742188,0.9969751834869385,781.9564819335938,591.8922119140625,0.9949142932891846,833.2740478515625,668.7703857421875,0.9863959550857544,803.8217163085938,671.0106811523438,0.981363832950592
71,True,787.697021484375,273.2842712402344,0.9853686690330505,798.6577758789062,262.1993408203125,0.9689222574234009,776.4823608398438,263.2281188964844,0.9355149269104004,822.5570068359375,259.3902282714844,0.8545495867729187,763.578857421875,261.0932922363281,0.6328504681587219,851.2066040039062,323.3797302246094,0.9976048469543457,748.0473022460938,322.86407470703125,0.9952512979507446,876.8390502929688,410.70428466796875,0.9878987669944763,735.6038818359375,407.31097412109375,0.9617579579353333,874.5474243164062,489.36767578125,0.9765556454658508,735.9450073242188,490.4191589355469,0.947006344795227,837.667236328125,484.8406982421875,0.9985700845718384,772.8626098632812,485.4844970703125,0.9975353479385376,843.5493774414062,588.3526000976562,0.997179388999939,781.3881225585938,589.9261474609375,0.9950867295265198,833.578369140625,668.3223876953125,0.9875457882881165,803.6218872070312,669.8529663085938,0.9825789928436279
72,True,787.810546875,276.6061096191406,0.9853761792182922,798.7864990234375,265.3340148925781,0.9694324135780334,776.7338256835938,266.3667297363281,0.9351234436035156,822.9423217773438,261.05767822265625,0.8579881191253662,764.1640625,262.8156433105469,0.6274417042732239,851.0244750976562,324.5689697265625,0.9975959658622742,748.0105590820312,324.346923828125,0.9951441287994385,875.6654663085938,413.1037902832031,0.9877579212188721,734.3889770507812,411.3981018066406,0.9603618383407593,875.1666870117188,491.4200439453125,0.9761985540390015,735.4281616210938,496.77227783203125,0.9451606273651123,836.924072265625,486.6801452636719,0.9985308647155762,772.3890380859375,487.6461181640625,0.9974483251571655,843.7930297851562,588.9969482421875,0.9971374273300171,781.4764404296875,591.229248046875,0.9949780106544495,832.7146606445312,669.3084716796875,0.9874835014343262,803.808349609375,672.1827392578125,0.9824129343032837
73,True,788.5753784179688,276.26654052734375,0.9854803681373596,799.3428955078125,265.1642150878906,0.9667497873306274,777.5095825195312,266.104248046875,0.9386818408966064,822.3513793945312,261.49456787109375,0.8422183990478516,764.208251953125,262.9833068847656,0.6591759324073792,850.1927490234375,325.2637939453125,0.9976546764373779,747.1858520507812,324.9037170410156,0.9958648681640625,874.8253784179688,413.5097351074219,0.9879854321479797,733.28515625,411.30242919921875,0.9677694439888,875.7330932617188,491.7568359375,0.9770499467849731,733.4853515625,494.9991760253906,0.9541211128234863,836.677734375,486.36968994140625,0.9986270666122437,772.2444458007812,487.324951171875,0.9977627992630005,843.4678344726562,588.276123046875,0.9972074627876282,781.3614501953125,590.4539184570312,0.9954029321670532,831.8441162109375,670.2183837890625,0.9873753786087036,804.0139770507812,672.9144897460938,0.9829503297805786
74,True,788.68017578125,278.6210021972656,0.9865906238555908,800.1890869140625,267.2615661621094,0.9813830256462097,777.41162109375,267.21307373046875,0.9523733258247375,821.6049194335938,268.80035400390625,0.8809419870376587,762.7144775390625,269.0987548828125,0.5816388130187988,849.7694702148438,327.9971618652344,0.9989988207817078,748.6448974609375,328.228271484375,0.9972078204154968,880.0988159179688,411.8572082519531,0.993744432926178,725.9768676757812,412.542236328125,0.961683988571167,875.9159545898438,494.6199645996094,0.9848170876502991,732.8114624023438,500.5874938964844,0.9408516883850098,836.213623046875,489.1848449707031,0.9994582533836365,771.1004028320312,489.2655944824219,0.9990397095680237,837.5700073242188,593.4652099609375,0.9985145926475525,782.3355712890625,592.706787109375,0.9972100853919983,836.2223510742188,671.0914306640625,0.9929084777832031,801.3182983398438,668.2803955078125,0.9887120723724365
75,True,787.6317138671875,278.6575012207031,0.9860937595367432,799.0785522460938,267.1496887207031,0.9807034730911255,776.2273559570312,267.2374267578125,0.9512216448783875,820.4490966796875,268.5365295410156,0.8774782419204712,761.361572265625,269.20166015625,0.5807583332061768,848.8563232421875,327.77227783203125,0.9989718198776245,747.516845703125,328.94012451171875,0.9971169233322144,880.0204467773438,411.43060302734375,0.9936508536338806,725.47265625,414.4160461425781,0.9608349800109863,875.701171875,493.89935302734375,0.9845671653747559,732.6008911132812,503.1733703613281,0.939468502998352,836.0421752929688,489.41192626953125,0.9994454979896545,770.824951171875,489.9267272949219,0.9990137815475464,837.5303344726562,594.434326171875,0.9984641075134277,782.5332641601562,594.1118774414062,0.9971083998680115,836.32470703125,671.5238037109375,0.9926503300666809,802.0332641601562,669.2235717773438,0.9882849454879761
76,True,785.2879028320312,278.5267639160156,0.9860884547233582,796.5186767578125,266.7935485839844,0.9812182784080505,773.5606079101562,267.3961486816406,0.9499610066413879,818.3820190429688,268.0278625488281,0.8834409117698669,758.94140625,270.0083923339844,0.5672901272773743,848.4537963867188,327.9358825683594,0.9990043044090271,746.3474731445312,329.5555419921875,0.9971485733985901,880.2588500976562,412.27435302734375,0.9938606023788452,723.4818115234375,414.3216552734375,0.9610511660575867,876.2957763671875,494.492431640625,0.984957218170166,730.802490234375,502.9964904785156,0.9399976134300232,835.8311157226562,489.08642578125,0.999476969242096,770.2789916992188,489.57147216796875,0.9990629553794861,837.3351440429688,593.9471435546875,0.9985800981521606,781.7201538085938,593.271240234375,0.9973102807998657,836.3939208984375,670.8147583007812,0.9932681918144226,802.3836059570312,667.7897338867188,0.9892172813415527
77,True,783.5540771484375,277.8422546386719,0.9864590167999268,794.8196411132812,266.1214599609375,0.981855571269989,772.018310546875,266.6873474121094,0.9506911635398865,816.7406616210938,267.0149230957031,0.8861930966377258,757.5829467773438,268.8456115722656,0.5639309883117676,846.8642578125,325.9695739746094,0.9989944100379944,744.8025512695312,328.4391174316406,0.9971228241920471,878.9806518554688,410.3172912597656,0.9937356114387512,722.0322875976562,414.0914611816406,0.9603750109672546,874.4901733398438,493.3436584472656,0.9846971035003662,729.5302124023438,501.25433349609375,0.9392355680465698,835.6876831054688,487.80572509765625,0.9994561076164246,770.167236328125,488.8316345214844,0.9990278482437134,837.5934448242188,592.8704223632812,0.9985163807868958,781.8299560546875,592.9991455078125,0.9972003698348999,836.4999389648438,669.6312255859375,0.992952287197113,802.2667236328125,667.8409423828125,0.9887456297874451
78,True,781.9923706054688,278.1012878417969,0.9850819110870361,792.8897705078125,266.5784912109375,0.9794905781745911,770.9617309570312,267.3127136230469,0.945636510848999,815.0143432617188,267.1634521484375,0.8774428367614746,757.400146484375,269.3701171875,0.5480893850326538,845.8147583007812,324.7707214355469,0.9989394545555115,744.0547485351562,328.21575927734375,0.9970830082893372,877.7077026367188,408.24859619140625,0.9936029314994812,720.51708984375,414.6689147949219,0.9624857306480408,872.8736572265625,490.8372802734375,0.9846420884132385,730.1354370117188,502.32879638671875,0.9421911835670471,834.0498657226562,486.10595703125,0.9994763731956482,768.7802124023438,487.61773681640625,0.9990854263305664,837.7793579101562,591.1906127929688,0.998598039150238,781.8433837890625,591.987060546875,0.9974372386932373,836.1383056640625,669.087890625,0.9933375120162964,801.4856567382812,668.3443603515625,0.9896050691604614
79,True,781.9488525390625,276.44183349609375,0.9846228957176208,792.7945556640625,265.0035400390625,0.9785868525505066,770.9952392578125,265.654541015625,0.9448754191398621,814.8098754882812,266.0440979003906,0.8727946281433105,757.4837036132812,268.02545166015625,0.549058198928833,845.6212158203125,324.8670959472656,0.9988958835601807,743.99853515625,327.3593444824219,0.997036337852478,877.452392578125,409.27618408203125,0.9932505488395691,720.5140380859375,413.78631591796875,0.9621434211730957,872.2523803710938,489.93035888671875,0.9838432669639587,729.6991577148438,500.7342529296875,0.9411976933479309,832.8898315429688,485.7801818847656,0.9994648098945618,767.7521362304688,486.8288269042969,0.9990772008895874,836.869140625,590.9594116210938,0.9986007809638977,781.15966796875,591.1514282226562,0.9974791407585144,836.3031005859375,669.13134765625,0.9934737086296082,801.5408935546875,667.5818481445312,0.989913821220398
80,True,781.2220458984375,273.2166442871094,0.9850801825523376,792.2096557617188,262.06317138671875,0.9793468117713928,770.4979858398438,262.5199279785156,0.9453944563865662,814.2426147460938,264.0865478515625,0.8772013187408447,757.198974609375,265.4906005859375,0.5463718175888062,844.5262451171875,323.3092346191406,0.9989344477653503,743.3345947265625,325.5890808105469,0.9970967769622803,876.3565673828125,406.91802978515625,0.9936058521270752,719.9427490234375,411.5674743652344,0.9632106423377991,870.8281860351562,488.6251220703125,0.9845986366271973,729.1972045898438,499.4791259765625,0.9429428577423096,832.9378662109375,485.14215087890625,0.9994704127311707,767.9717407226562,486.24188232421875,0.999081015586853,837.3980712890625,590.1431274414062,0.9985565543174744,781.4953002929688,590.43994140625,0.9973821043968201,836.7277221679688,669.1611328125,0.9930522441864014,801.4629516601562,667.7049560546875,0.9892192482948303
81,True,780.5101928710938,273.61151123046875,0.9845459461212158,791.406005859375,262.5570068359375,0.979121208190918,770.0755615234375,263.0750427246094,0.9417491555213928,813.8441162109375,264.5437316894531,0.880387544631958,757.4639892578125,266.0643005371094,0.5227226614952087,844.468505859375,323.6849670410156,0.9988849759101868,743.8030395507812,325.6990051269531,0.9969052672386169,875.6738891601562,407.203125,0.9933187961578369,719.78173828125,410.8962097167969,0.9606049656867981,870.4185791015625,488.5657653808594,0.9839398860931396,729.2236938476562,498.4410095214844,0.9396134614944458,832.285400390625,484.9075927734375,0.9994503855705261,767.7535400390625,485.8420104980469,0.9990403056144714,837.2312622070312,590.0508422851562,0.9985424280166626,781.8323974609375,590.1510009765625,0.997345507144928,836.5068969726562,669.3378295898438,0.9931142926216125,801.6220092773438,667.6431884765625,0.9892850518226624
82,True,782.8411254882812,275.7371826171875,0.9850291609764099,793.5899658203125,264.45648193359375,0.9791638255119324,771.5601196289062,265.11187744140625,0.9483215808868408,814.844970703125,265.5452880859375,0.8714439272880554,757.3493041992188,267.4924621582031,0.5702205300331116,844.4495239257812,323.83984375,0.9988431930541992,744.0361328125,325.99957275390625,0.9969297051429749,873.8412475585938,408.232177734375,0.992706835269928,719.5222778320312,412.1165771484375,0.9597049355506897,868.9193115234375,490.05194091796875,0.9825423955917358,727.9525146484375,502.1504821777344,0.9373683929443359,832.7764892578125,485.8194885253906,0.9994052648544312,768.4453125,486.8625183105469,0.9989781379699707,837.1444702148438,591.582763671875,0.998434841632843,782.7394409179688,591.584716796875,0.9971803426742554,835.184326171875,670.575439453125,0.9928203225135803,802.0468139648438,668.4107055664062,0.9889007806777954
83,True,784.4782104492188,274.3991394042969,0.9841859936714172,795.1708374023438,263.25543212890625,0.9770941138267517,773.0733642578125,263.76824951171875,0.9486076831817627,815.5660400390625,264.6568603515625,0.8565592765808105,758.0458374023438,266.25,0.5915513634681702,844.16748046875,322.59808349609375,0.9987916350364685,743.479248046875,324.8984375,0.9969081282615662,873.79931640625,405.96307373046875,0.9925985336303711,718.6879272460938,411.0357971191406,0.9612609148025513,869.1713256835938,488.8547058105469,0.9824253916740417,727.8953857421875,502.41571044921875,0.939167857170105,832.767578125,484.5623779296875,0.9993985891342163,768.197021484375,485.8859558105469,0.9989805817604065,837.4663696289062,590.728515625,0.9983869791030884,783.0831909179688,591.1640625,0.9971290230751038,834.7119750976562,670.3170166015625,0.9925053119659424,801.7337646484375,668.6784057617188,0.9885108470916748
84,True,782.6773681640625,273.0707092285156,0.9861639142036438,793.2453002929688,261.78448486328125,0.9805647730827332,771.3231811523438,262.5881042480469,0.952610194683075,813.9549560546875,263.0645751953125,0.8753647208213806,756.9095458984375,265.4201965332031,0.5937087535858154,843.4960327148438,321.14996337890625,0.9989451766014099,743.4050903320312,324.7168884277344,0.9971761703491211,874.5191040039062,403.6717834472656,0.9932506680488586,719.3493041992188,410.442626953125,0.9620051383972168,869.1396484375,487.17657470703125,0.9835852384567261,728.4906616210938,500.8421630859375,0.940216600894928,833.9403686523438,483.56793212890625,0.9994376301765442,769.810546875,485.3226013183594,0.9990278482437134,838.1737060546875,589.2388305664062,0.9984657764434814,783.436767578125,590.1223754882812,0.9972164630889893,835.435791015625,668.9924926757812,0.9927184581756592,801.8828125,667.9158325195312,0.9886962175369263
85,True,780.4876098632812,272.3731689453125,0.9854561686515808,791.2271118164062,261.3599548339844,0.9807605743408203,769.9310913085938,261.8942565917969,0.9454548954963684,813.0333862304688,263.1185302734375,0.8858692049980164,756.9077758789062,264.7076110839844,0.5388993620872498,843.3843994140625,321.6510314941406,0.9989424347877502,743.0733032226562,324.37261962890625,0.9969218373298645,874.8417358398438,404.7674560546875,0.9935266971588135,719.001953125,410.0501403808594,0.9582692980766296,868.9669799804688,487.6961364746094,0.9840478301048279,728.6414794921875,498.53375244140625,0.9360644221305847,833.4249267578125,483.9219665527344,0.9994447827339172,769.165283203125,485.32904052734375,0.9990033507347107,838.0529174804688,589.4430541992188,0.9985185265541077,782.8740844726562,590.1207275390625,0.9972087740898132,836.2383422851562,669.5187377929688,0.9929819107055664,801.5901489257812,668.36181640625,0.9888125658035278
86,True,782.20751953125,272.8873596191406,0.9848573207855225,792.741455078125,261.5285949707031,0.9784902930259705,770.7135009765625,262.2668151855469,0.9501528739929199,813.1783447265625,262.8805236816406,0.8630839586257935,755.836669921875,265.0321350097656,0.5928123593330383,842.759033203125,321.76153564453125,0.9988370537757874,742.024658203125,325.0727233886719,0.9969303011894226,874.238037109375,405.66827392578125,0.9926390647888184,718.4494018554688,412.26043701171875,0.9595343470573425,869.1581420898438,486.52252197265625,0.9822210669517517,727.861328125,500.3020935058594,0.9363760352134705,832.97998046875,484.40020751953125,0.9993981122970581,768.4435424804688,486.1546630859375,0.998964786529541,838.0444946289062,590.3097534179688,0.9984146356582642,782.9417724609375,591.20947265625,0.9971405267715454,835.8270874023438,669.719970703125,0.9927276372909546,801.6549682617188,668.62060546875,0.9887468218803406
87,True,782.7156982421875,271.7318115234375,0.9846567511558533,793.16845703125,260.44384765625,0.9785453081130981,771.0579223632812,261.1965637207031,0.950206458568573,813.0422973632812,261.9497985839844,0.8625555634498596,755.7130737304688,264.15606689453125,0.5968248844146729,842.1561279296875,320.4587707519531,0.9988104104995728,741.4946899414062,324.0151062011719,0.9967341423034668,873.3530883789062,402.9795227050781,0.9925940632820129,717.4888916015625,410.4188537597656,0.9563120603561401,869.1753540039062,484.36151123046875,0.9820092916488647,727.780517578125,499.3770446777344,0.9321452379226685,832.515625,482.931640625,0.9993725419044495,767.99267578125,484.8758239746094,0.9988956451416016,837.8131713867188,589.4580078125,0.9983540773391724,782.6027221679688,590.56591796875,0.9969494938850403,835.8560180664062,669.595703125,0.9924720525741577,801.6044311523438,668.6647338867188,0.9881177544593811
88,True,781.30615234375,273.35174560546875,0.9835469722747803,791.821533203125,262.1299133300781,0.9773056507110596,770.0328979492188,262.9189758300781,0.9453690052032471,812.5790405273438,262.92327880859375,0.8605934381484985,755.6019287109375,265.1604309082031,0.566717803478241,841.9905395507812,319.80828857421875,0.9986633062362671,742.1494140625,323.3030700683594,0.9964107871055603,872.7786254882812,401.4141845703125,0.9919151067733765,718.1394653320312,408.4803161621094,0.9546207785606384,868.3103637695312,483.3480224609375,0.9808704257011414,727.6748657226562,498.3606262207031,0.9306616187095642,832.5560302734375,482.6283874511719,0.9993108510971069,768.5684204101562,484.44891357421875,0.9988077878952026,837.4590454101562,590.24658203125,0.9981739521026611,783.451171875,591.1732177734375,0.9966887831687927,835.4851684570312,669.8458251953125,0.991645872592926,802.5269775390625,668.7601928710938,0.9870310425758362
89,True,781.10302734375,273.32501220703125,0.983250081539154,791.634765625,262.13250732421875,0.9767435789108276,770.0828247070312,262.87371826171875,0.9436320662498474,812.7572021484375,262.6910705566406,0.8598236441612244,756.0598754882812,264.777587890625,0.5572851300239563,842.3456420898438,319.4427185058594,0.9986482262611389,742.4154052734375,322.5386047363281,0.9964286684989929,872.9024658203125,401.4688415527344,0.991810142993927,718.194580078125,407.7261047363281,0.9554923176765442,867.3908081054688,483.703125,0.9807302951812744,728.2131958007812,498.0838623046875,0.9318802356719971,832.2138061523438,482.47686767578125,0.9993234872817993,768.1903076171875,484.0849914550781,0.9988422989845276,837.375,590.3856811523438,0.9982207417488098,783.4047241210938,591.0946044921875,0.9968191385269165,835.160888671875,670.4954223632812,0.9918506741523743,802.422607421875,669.247802734375,0.987480103969574
90,True,780.5237426757812,269.4127197265625,0.9857419729232788,790.6632080078125,258.1514587402344,0.962630569934845,768.6163940429688,259.3306579589844,0.946117103099823,811.755615234375,255.11532592773438,0.8083692789077759,752.851806640625,257.42919921875,0.7073542475700378,839.0711669921875,318.7009582519531,0.9973912239074707,734.1828002929688,321.3134765625,0.9963239431381226,867.1939697265625,406.178466796875,0.9862222075462341,720.7420043945312,412.3728332519531,0.9731653928756714,867.7679443359375,483.5939025878906,0.9749330878257751,726.5291748046875,499.10919189453125,0.9609273076057434,830.5091552734375,481.74859619140625,0.9984467625617981,765.13525390625,484.95703125,0.9977364540100098,841.1983032226562,587.7540283203125,0.9966095685958862,780.6244506835938,593.39013671875,0.9950161576271057,832.3824462890625,669.15234375,0.9843302369117737,804.69970703125,676.4009399414062,0.980262041091919
91,True,780.0086059570312,270.1630859375,0.9853745698928833,790.0101928710938,258.8366394042969,0.9622182250022888,768.21630859375,260.1907653808594,0.9448451995849609,811.216552734375,255.0494384765625,0.8089137077331543,752.8597412109375,257.78179931640625,0.7008489370346069,838.8646240234375,317.79998779296875,0.9972541928291321,734.2289428710938,321.0348815917969,0.9961710572242737,866.1952514648438,404.8948974609375,0.9854838252067566,720.050537109375,411.9055480957031,0.9721541404724121,866.9920043945312,482.3730773925781,0.9736915826797485,726.3540649414062,497.5874938964844,0.9594250321388245,830.420166015625,481.7629699707031,0.9983547329902649,765.1616821289062,485.24652099609375,0.9976218342781067,841.3826293945312,588.0677490234375,0.9964393973350525,780.6319580078125,594.0232543945312,0.9948076605796814,831.9537963867188,669.8501586914062,0.9837799668312073,804.5491943359375,677.0359497070312,0.9796992540359497
92,True,777.65576171875,269.61328125,0.9852559566497803,788.072265625,258.44927978515625,0.9644203186035156,766.3814086914062,259.51666259765625,0.9416472315788269,810.3770141601562,255.13134765625,0.8257215023040771,752.29345703125,257.0704345703125,0.6765173673629761,837.9033203125,318.23638916015625,0.997296154499054,733.34521484375,320.805419921875,0.9957879185676575,865.89990234375,405.0361633300781,0.9859218001365662,718.3045043945312,411.69818115234375,0.968509316444397,866.0230102539062,482.8495178222656,0.9741320013999939,726.8796997070312,498.598876953125,0.9551237225532532,828.7567749023438,481.9606018066406,0.998322069644928,763.5958862304688,485.1873779296875,0.9974421262741089,840.3845825195312,587.8224487304688,0.9964408278465271,779.9097900390625,593.3276977539062,0.9945376515388489,832.2464599609375,670.493896484375,0.9838929176330566,803.9247436523438,677.504150390625,0.9792011976242065
93,True,777.6117553710938,269.6761779785156,0.9853169322013855,788.0843505859375,258.5032958984375,0.9612160325050354,766.2313842773438,259.5242004394531,0.9443222284317017,809.9136352539062,255.33197021484375,0.8078423738479614,751.5673828125,257.1061096191406,0.7010946869850159,836.8156127929688,318.1534423828125,0.9973424077033997,732.6980590820312,321.32525634765625,0.9964575171470642,865.2640380859375,403.9124450683594,0.9862698912620544,718.3134155273438,412.3218688964844,0.9751636385917664,865.8993530273438,481.5483703613281,0.9754828214645386,726.59130859375,497.8719177246094,0.9637081027030945,828.6874389648438,481.4480895996094,0.9984481334686279,763.8108520507812,484.9243469238281,0.9978007674217224,840.095947265625,587.6045532226562,0.9965053796768188,780.2803344726562,593.515869140625,0.9950189590454102,831.9545288085938,669.91064453125,0.9835049510002136,803.6126098632812,677.3253784179688,0.9796873331069946
94,True,776.9266357421875,269.7322998046875,0.9852926135063171,787.3965454101562,258.4822082519531,0.959733247756958,765.3848876953125,259.6196594238281,0.9449619650840759,809.2261962890625,255.29852294921875,0.8003672361373901,750.5048217773438,257.36517333984375,0.7086502313613892,836.56494140625,318.10894775390625,0.9973689317703247,732.1213989257812,321.6563415527344,0.9967122077941895,864.9924926757812,403.4866638183594,0.986473798751831,718.1231689453125,412.8197326660156,0.977616012096405,865.8544921875,481.001708984375,0.976152241230011,726.8212280273438,498.3082580566406,0.9669702649116516,828.6087036132812,481.6328430175781,0.998516857624054,763.4912109375,485.1069030761719,0.997961163520813,839.5504760742188,587.9863891601562,0.9965739250183105,779.71533203125,593.5137329101562,0.9952654838562012,831.8073120117188,669.7496337890625,0.9835326671600342,803.7315673828125,676.266357421875,0.9801303148269653
95,True,775.6669921875,269.4244384765625,0.9848592877388,785.943603515625,258.10528564453125,0.9592850208282471,764.1865844726562,259.5417175292969,0.9427059888839722,808.0060424804688,254.66331481933594,0.8030138611793518,749.8658447265625,257.4029846191406,0.698941171169281,836.4331665039062,317.52618408203125,0.9973406195640564,732.11279296875,321.21929931640625,0.9966202974319458,865.10400390625,403.71881103515625,0.9864271283149719,717.9570922851562,412.2430419921875,0.9770439267158508,865.8409423828125,480.9124450683594,0.9760119318962097,726.566162109375,497.5738525390625,0.9661985039710999,828.3184204101562,481.2479553222656,0.9985225796699524,763.2830200195312,484.7027893066406,0.9979554414749146,839.2695922851562,587.38330078125,0.9966399669647217,779.4190673828125,592.8167724609375,0.9953279495239258,831.5733032226562,669.665771484375,0.9839683771133423,803.5960693359375,675.943359375,0.980599582195282
96,True,775.8922729492188,270.33306884765625,0.9853282570838928,785.8873901367188,259.0240173339844,0.958490788936615,764.2393188476562,260.2771911621094,0.9467890858650208,806.6431884765625,254.9562530517578,0.7899631261825562,748.5653076171875,257.3672790527344,0.7204363346099854,834.5927734375,317.14971923828125,0.9972941279411316,730.6567993164062,320.70355224609375,0.9967854022979736,864.5927734375,402.7423400878906,0.9858765006065369,717.3887329101562,411.8330383300781,0.9783580303192139,866.2285766601562,480.7130126953125,0.9753615856170654,724.5958862304688,498.8730773925781,0.9678419828414917,827.508056640625,480.5622253417969,0.998477041721344,762.8489990234375,483.9710388183594,0.9979625940322876,838.6422729492188,586.323486328125,0.9965215921401978,778.727294921875,591.4374389648438,0.9953166246414185,831.3612670898438,669.5445556640625,0.9834744334220886,803.545166015625,675.6568603515625,0.9803743958473206
97,True,775.4981689453125,272.8495788574219,0.9876156449317932,785.1677856445312,260.55242919921875,0.9668904542922974,763.853515625,261.91326904296875,0.9458901882171631,806.2978515625,255.96006774902344,0.8434303998947144,749.4967041015625,259.0447082519531,0.7062765955924988,835.4844360351562,317.4560546875,0.9982993006706238,732.229736328125,321.6545104980469,0.9975927472114563,864.7327880859375,405.46173095703125,0.9901769757270813,717.8875122070312,412.7607421875,0.9805033206939697,865.09423828125,482.04925537109375,0.9796273708343506,725.0444946289062,496.89654541015625,0.9672076106071472,827.0928955078125,480.65496826171875,0.9991816878318787,762.5886840820312,484.2294616699219,0.9988065958023071,838.2017822265625,584.7293090820312,0.9980169534683228,777.5930786132812,589.3151245117188,0.9970887303352356,828.90087890625,668.6900024414062,0.9889639616012573,804.5079956054688,671.6471557617188,0.9862130880355835
98,True,773.5493774414062,271.68804931640625,0.985683798789978,783.709716796875,260.1727600097656,0.9622107148170471,761.4230346679688,261.68682861328125,0.9460785388946533,805.2848510742188,255.8850555419922,0.8048371076583862,745.70458984375,258.9922790527344,0.7049265503883362,833.3148803710938,317.7864990234375,0.9973379969596863,729.0346069335938,321.67681884765625,0.9962570667266846,862.4786376953125,403.9031982421875,0.9859944581985474,717.0287475585938,412.4151611328125,0.973152220249176,864.6962280273438,480.9928283691406,0.9748077988624573,723.5048217773438,497.1114807128906,0.9613189101219177,826.0778198242188,480.7007751464844,0.9984090924263,761.186279296875,484.4312438964844,0.9976953864097595,838.0733642578125,586.2294311523438,0.9965744018554688,778.5502319335938,591.9534301757812,0.9950042366981506,831.019287109375,669.1077270507812,0.9842573404312134,804.68212890625,675.1470947265625,0.9802688956260681
99,True,773.1784057617188,271.67822265625,0.9859075546264648,783.1770629882812,260.1460876464844,0.9625982046127319,760.9514770507812,261.8548278808594,0.9469332695007324,804.5689697265625,256.1980285644531,0.8049167990684509,745.2178955078125,259.80963134765625,0.7085756659507751,832.68408203125,317.8779602050781,0.9973675608634949,728.8087768554688,322.72247314453125,0.9962788224220276,862.1851196289062,402.32366943359375,0.9861641526222229,716.6300048828125,412.7022399902344,0.9732900857925415,864.6768188476562,479.4729309082031,0.9750682711601257,723.2963256835938,496.30364990234375,0.9615610837936401,825.5125732421875,480.55755615234375,0.9984009861946106,760.8760986328125,484.6729431152344,0.9976759552955627,837.52392578125,586.72509765625,0.9964983463287354,778.5579223632812,592.9207763671875,0.9948770403862,831.04931640625,669.578125,0.9837383031845093,804.6150512695312,675.45654296875,0.979562520980835
100,True,773.8724365234375,273.3496398925781,0.9884741902351379,783.3638305664062,260.939697265625,0.967316210269928,761.4819946289062,262.8074645996094,0.951300323009491,804.160400390625,256.9933776855469,0.8341764211654663,746.1716918945312,261.341796875,0.7314996123313904,832.5747680664062,317.8927917480469,0.9983043670654297,730.5989379882812,323.8209533691406,0.9977543950080872,861.6779174804688,403.44598388671875,0.9900661706924438,716.5689697265625,413.1619567871094,0.982149064540863,862.8849487304688,480.6434326171875,0.979762613773346,724.2919311523438,494.3449401855469,0.9699114561080933,825.0443115234375,481.00030517578125,0.999147891998291,761.2651977539062,485.40997314453125,0.9987969398498535,836.2093505859375,586.3363037109375,0.9978083968162537,777.9489135742188,592.0692138671875,0.9968861937522888,829.0933837890625,669.7432861328125,0.987441897392273,804.1747436523438,672.3592529296875,0.9846007227897644
101,True,773.7255859375,273.3273620605469,0.9882853031158447,783.2479248046875,260.99334716796875,0.9672254323959351,761.3645629882812,262.6439208984375,0.9501202702522278,803.9027709960938,257.06951904296875,0.8349067568778992,745.7920532226562,260.9610290527344,0.7262946963310242,832.2078247070312,318.3556823730469,0.998306393623352,729.9889526367188,323.6438903808594,0.9976688027381897,861.3003540039062,405.480224609375,0.9901024103164673,716.4368896484375,414.1277160644531,0.9812443852424622,861.6956176757812,482.91412353515625,0.9796691536903381,723.780517578125,496.14825439453125,0.9685781002044678,824.7691040039062,481.3376770019531,0.9991532564163208,760.919677734375,485.4759826660156,0.9987815022468567,835.5914306640625,586.09619140625,0.9978819489479065,777.3451538085938,591.3984375,0.9969291090965271,828.8256225585938,669.7694091796875,0.9880213141441345,804.51123046875,672.1539916992188,0.985106348991394
